ISO-10303-21;
HEADER;
/* Generated by software containing ST-Developer
 * from STEP Tools, Inc. (www.steptools.com) 
 */

FILE_DESCRIPTION(
/* description */ (''),
/* implementation_level */ '2;1');

FILE_NAME(
/* name */ 'remote holder.step',
/* time_stamp */ '2026-08-18T20:43:16+05:30',
/* author */ (''),
/* organization */ (''),
/* preprocessor_version */ 'ST-DEVELOPER v20.1',
/* originating_system */ 'Autodesk Translation Framework v15.8.0.0',
/* authorisation */ '');

FILE_SCHEMA (('AUTOMOTIVE_DESIGN { 1 0 10303 214 3 1 1 }'));
ENDSEC;

DATA;
#10=MECHANICAL_DESIGN_GEOMETRIC_PRESENTATION_REPRESENTATION('',(#93,#94,
#95,#96,#97,#98,#99,#100,#101,#102,#103,#104,#105,#106,#107,#108),#11069);
#11=SHAPE_REPRESENTATION_RELATIONSHIP('SRR','None',#11076,#12);
#12=ADVANCED_BREP_SHAPE_REPRESENTATION('',(#13),#11068);
#13=MANIFOLD_SOLID_BREP('main ',#6923);
#14=CYLINDRICAL_SURFACE('',#7012,0.025);
#15=CYLINDRICAL_SURFACE('',#7019,0.025);
#16=CYLINDRICAL_SURFACE('',#7024,0.025);
#17=CYLINDRICAL_SURFACE('',#7028,0.025);
#18=B_SPLINE_CURVE_WITH_KNOTS('',3,(#9447,#9448,#9449,#9450,#9451,#9452,
#9453,#9454,#9455,#9456,#9457,#9458,#9459,#9460,#9461,#9462,#9463,#9464,
#9465,#9466,#9467,#9468),.UNSPECIFIED.,.F.,.F.,(4,3,3,3,3,3,3,4),(-5.10689336317965E-5,
0.,0.00197168823447975,0.00265086590888814,0.0049931285645664,0.00530537219706327,
0.00821458955609609,0.0115081158512268),.UNSPECIFIED.);
#19=B_SPLINE_CURVE_WITH_KNOTS('',3,(#9495,#9496,#9497,#9498,#9499,#9500,
#9501,#9502,#9503,#9504,#9505,#9506,#9507),.UNSPECIFIED.,.F.,.F.,(4,3,3,
3,4),(0.,0.00263619323727887,0.00334697149333537,0.00641275252366372,0.0067278407448737),
 .UNSPECIFIED.);
#20=B_SPLINE_CURVE_WITH_KNOTS('',3,(#9533,#9534,#9535,#9536,#9537,#9538,
#9539,#9540,#9541,#9542,#9543,#9544,#9545),.UNSPECIFIED.,.F.,.F.,(4,3,3,
3,4),(0.00633820511896689,0.00908406412400475,0.00929133586473101,0.0116511346508966,
0.0123487175483644),.UNSPECIFIED.);
#21=B_SPLINE_CURVE_WITH_KNOTS('',3,(#9575,#9576,#9577,#9578,#9579,#9580,
#9581,#9582,#9583,#9584,#9585,#9586,#9587,#9588,#9589,#9590,#9591,#9592,
#9593,#9594,#9595,#9596),.UNSPECIFIED.,.F.,.F.,(4,3,3,3,3,3,3,4),(0.,0.00234297824941026,
0.00534700944802437,0.00782533856528814,0.00805370779461632,0.0100569643803864,
0.0114811135178058,0.011531933481899),.UNSPECIFIED.);
#22=ELLIPSE('',#7010,0.0559016994374965,0.025);
#23=ELLIPSE('',#7011,0.0707106781186547,0.05);
#24=ELLIPSE('',#7013,0.043301270189222,0.025);
#25=ELLIPSE('',#7015,0.0707106781186547,0.05);
#26=ELLIPSE('',#7017,0.0707106781186548,0.05);
#27=ELLIPSE('',#7020,0.0433012701892219,0.025);
#28=ELLIPSE('',#7022,0.0559016994374955,0.025);
#29=ELLIPSE('',#7023,0.0707106781186548,0.05);
#30=CIRCLE('',#7009,0.0249999999999974);
#31=CIRCLE('',#7014,0.0249999999999974);
#32=CIRCLE('',#7018,0.0249999999999993);
#33=CIRCLE('',#7021,0.0249999999999993);
#34=CIRCLE('',#7025,0.025);
#35=CIRCLE('',#7026,0.025);
#36=B_SPLINE_SURFACE_WITH_KNOTS('',3,3,((#9425,#9426,#9427,#9428),(#9429,
#9430,#9431,#9432),(#9433,#9434,#9435,#9436),(#9437,#9438,#9439,#9440)),
 .UNSPECIFIED.,.F.,.F.,.F.,(4,4),(4,4),(0.,1.),(0.,0.785398163397721),
 .UNSPECIFIED.);
#37=B_SPLINE_SURFACE_WITH_KNOTS('',3,3,((#9478,#9479,#9480,#9481),(#9482,
#9483,#9484,#9485),(#9486,#9487,#9488,#9489),(#9490,#9491,#9492,#9493)),
 .UNSPECIFIED.,.F.,.F.,.F.,(4,4),(4,4),(0.508075758947785,1.),(0.78539816339739,
0.975613477158706),.UNSPECIFIED.);
#38=B_SPLINE_SURFACE_WITH_KNOTS('',3,3,((#9515,#9516,#9517,#9518),(#9519,
#9520,#9521,#9522),(#9523,#9524,#9525,#9526),(#9527,#9528,#9529,#9530)),
 .UNSPECIFIED.,.F.,.F.,.F.,(4,4),(4,4),(0.,0.491924241051285),(0.785398163397542,
0.975613477158518),.UNSPECIFIED.);
#39=B_SPLINE_SURFACE_WITH_KNOTS('',3,3,((#9557,#9558,#9559,#9560),(#9561,
#9562,#9563,#9564),(#9565,#9566,#9567,#9568),(#9569,#9570,#9571,#9572)),
 .UNSPECIFIED.,.F.,.F.,.F.,(4,4),(4,4),(0.,1.),(-0.78539816339771,0.),
 .UNSPECIFIED.);
#40=FACE_BOUND('',#491,.T.);
#41=FACE_BOUND('',#492,.T.);
#42=FACE_BOUND('',#493,.T.);
#43=FACE_BOUND('',#494,.T.);
#44=FACE_BOUND('',#495,.T.);
#45=FACE_BOUND('',#569,.T.);
#46=FACE_BOUND('',#570,.T.);
#47=FACE_BOUND('',#586,.T.);
#48=FACE_BOUND('',#587,.T.);
#49=FACE_BOUND('',#588,.T.);
#50=FACE_BOUND('',#589,.T.);
#51=FACE_BOUND('',#590,.T.);
#52=FACE_BOUND('',#591,.T.);
#53=FACE_BOUND('',#592,.T.);
#54=FACE_BOUND('',#839,.T.);
#55=FACE_BOUND('',#840,.T.);
#56=FACE_BOUND('',#841,.T.);
#57=FACE_BOUND('',#842,.T.);
#58=FACE_BOUND('',#843,.T.);
#59=FACE_BOUND('',#844,.T.);
#60=FACE_BOUND('',#845,.T.);
#61=FACE_BOUND('',#846,.T.);
#62=FACE_BOUND('',#847,.T.);
#63=FACE_BOUND('',#848,.T.);
#64=FACE_BOUND('',#849,.T.);
#65=FACE_BOUND('',#850,.T.);
#66=FACE_BOUND('',#851,.T.);
#67=FACE_BOUND('',#852,.T.);
#68=FACE_BOUND('',#853,.T.);
#69=FACE_BOUND('',#854,.T.);
#70=FACE_BOUND('',#855,.T.);
#71=FACE_BOUND('',#856,.T.);
#72=FACE_BOUND('',#857,.T.);
#73=FACE_BOUND('',#858,.T.);
#74=FACE_BOUND('',#861,.T.);
#75=FACE_BOUND('',#862,.T.);
#76=FACE_BOUND('',#863,.T.);
#77=FACE_BOUND('',#864,.T.);
#78=FACE_BOUND('',#865,.T.);
#79=FACE_BOUND('',#866,.T.);
#80=FACE_BOUND('',#867,.T.);
#81=FACE_BOUND('',#868,.T.);
#82=FACE_BOUND('',#869,.T.);
#83=FACE_BOUND('',#870,.T.);
#84=FACE_BOUND('',#886,.T.);
#85=FACE_BOUND('',#887,.T.);
#86=FACE_BOUND('',#888,.T.);
#87=FACE_BOUND('',#900,.T.);
#88=FACE_BOUND('',#901,.T.);
#89=FACE_BOUND('',#902,.T.);
#90=FACE_BOUND('',#903,.T.);
#91=FACE_BOUND('',#904,.T.);
#92=FACE_BOUND('',#905,.T.);
#93=STYLED_ITEM('',(#11087),#6560);
#94=STYLED_ITEM('',(#11087),#6633);
#95=STYLED_ITEM('',(#11087),#6639);
#96=STYLED_ITEM('',(#11087),#6640);
#97=STYLED_ITEM('',(#11087),#6643);
#98=STYLED_ITEM('',(#11087),#6644);
#99=STYLED_ITEM('',(#11087),#6648);
#100=STYLED_ITEM('',(#11087),#6894);
#101=STYLED_ITEM('',(#11087),#6896);
#102=STYLED_ITEM('',(#11087),#6902);
#103=STYLED_ITEM('',(#11087),#6903);
#104=STYLED_ITEM('',(#11087),#6914);
#105=STYLED_ITEM('',(#11087),#6915);
#106=STYLED_ITEM('',(#11087),#6918);
#107=STYLED_ITEM('',(#11087),#6922);
#108=STYLED_ITEM('',(#11086),#13);
#109=FACE_OUTER_BOUND('',#481,.T.);
#110=FACE_OUTER_BOUND('',#482,.T.);
#111=FACE_OUTER_BOUND('',#483,.T.);
#112=FACE_OUTER_BOUND('',#484,.T.);
#113=FACE_OUTER_BOUND('',#485,.T.);
#114=FACE_OUTER_BOUND('',#486,.T.);
#115=FACE_OUTER_BOUND('',#487,.T.);
#116=FACE_OUTER_BOUND('',#488,.T.);
#117=FACE_OUTER_BOUND('',#489,.T.);
#118=FACE_OUTER_BOUND('',#490,.T.);
#119=FACE_OUTER_BOUND('',#496,.T.);
#120=FACE_OUTER_BOUND('',#497,.T.);
#121=FACE_OUTER_BOUND('',#498,.T.);
#122=FACE_OUTER_BOUND('',#499,.T.);
#123=FACE_OUTER_BOUND('',#500,.T.);
#124=FACE_OUTER_BOUND('',#501,.T.);
#125=FACE_OUTER_BOUND('',#502,.T.);
#126=FACE_OUTER_BOUND('',#503,.T.);
#127=FACE_OUTER_BOUND('',#504,.T.);
#128=FACE_OUTER_BOUND('',#505,.T.);
#129=FACE_OUTER_BOUND('',#506,.T.);
#130=FACE_OUTER_BOUND('',#507,.T.);
#131=FACE_OUTER_BOUND('',#508,.T.);
#132=FACE_OUTER_BOUND('',#509,.T.);
#133=FACE_OUTER_BOUND('',#510,.T.);
#134=FACE_OUTER_BOUND('',#511,.T.);
#135=FACE_OUTER_BOUND('',#512,.T.);
#136=FACE_OUTER_BOUND('',#513,.T.);
#137=FACE_OUTER_BOUND('',#514,.T.);
#138=FACE_OUTER_BOUND('',#515,.T.);
#139=FACE_OUTER_BOUND('',#516,.T.);
#140=FACE_OUTER_BOUND('',#517,.T.);
#141=FACE_OUTER_BOUND('',#518,.T.);
#142=FACE_OUTER_BOUND('',#519,.T.);
#143=FACE_OUTER_BOUND('',#520,.T.);
#144=FACE_OUTER_BOUND('',#521,.T.);
#145=FACE_OUTER_BOUND('',#522,.T.);
#146=FACE_OUTER_BOUND('',#523,.T.);
#147=FACE_OUTER_BOUND('',#524,.T.);
#148=FACE_OUTER_BOUND('',#525,.T.);
#149=FACE_OUTER_BOUND('',#526,.T.);
#150=FACE_OUTER_BOUND('',#527,.T.);
#151=FACE_OUTER_BOUND('',#528,.T.);
#152=FACE_OUTER_BOUND('',#529,.T.);
#153=FACE_OUTER_BOUND('',#530,.T.);
#154=FACE_OUTER_BOUND('',#531,.T.);
#155=FACE_OUTER_BOUND('',#532,.T.);
#156=FACE_OUTER_BOUND('',#533,.T.);
#157=FACE_OUTER_BOUND('',#534,.T.);
#158=FACE_OUTER_BOUND('',#535,.T.);
#159=FACE_OUTER_BOUND('',#536,.T.);
#160=FACE_OUTER_BOUND('',#537,.T.);
#161=FACE_OUTER_BOUND('',#538,.T.);
#162=FACE_OUTER_BOUND('',#539,.T.);
#163=FACE_OUTER_BOUND('',#540,.T.);
#164=FACE_OUTER_BOUND('',#541,.T.);
#165=FACE_OUTER_BOUND('',#542,.T.);
#166=FACE_OUTER_BOUND('',#543,.T.);
#167=FACE_OUTER_BOUND('',#544,.T.);
#168=FACE_OUTER_BOUND('',#545,.T.);
#169=FACE_OUTER_BOUND('',#546,.T.);
#170=FACE_OUTER_BOUND('',#547,.T.);
#171=FACE_OUTER_BOUND('',#548,.T.);
#172=FACE_OUTER_BOUND('',#549,.T.);
#173=FACE_OUTER_BOUND('',#550,.T.);
#174=FACE_OUTER_BOUND('',#551,.T.);
#175=FACE_OUTER_BOUND('',#552,.T.);
#176=FACE_OUTER_BOUND('',#553,.T.);
#177=FACE_OUTER_BOUND('',#554,.T.);
#178=FACE_OUTER_BOUND('',#555,.T.);
#179=FACE_OUTER_BOUND('',#556,.T.);
#180=FACE_OUTER_BOUND('',#557,.T.);
#181=FACE_OUTER_BOUND('',#558,.T.);
#182=FACE_OUTER_BOUND('',#559,.T.);
#183=FACE_OUTER_BOUND('',#560,.T.);
#184=FACE_OUTER_BOUND('',#561,.T.);
#185=FACE_OUTER_BOUND('',#562,.T.);
#186=FACE_OUTER_BOUND('',#563,.T.);
#187=FACE_OUTER_BOUND('',#564,.T.);
#188=FACE_OUTER_BOUND('',#565,.T.);
#189=FACE_OUTER_BOUND('',#566,.T.);
#190=FACE_OUTER_BOUND('',#567,.T.);
#191=FACE_OUTER_BOUND('',#568,.T.);
#192=FACE_OUTER_BOUND('',#571,.T.);
#193=FACE_OUTER_BOUND('',#572,.T.);
#194=FACE_OUTER_BOUND('',#573,.T.);
#195=FACE_OUTER_BOUND('',#574,.T.);
#196=FACE_OUTER_BOUND('',#575,.T.);
#197=FACE_OUTER_BOUND('',#576,.T.);
#198=FACE_OUTER_BOUND('',#577,.T.);
#199=FACE_OUTER_BOUND('',#578,.T.);
#200=FACE_OUTER_BOUND('',#579,.T.);
#201=FACE_OUTER_BOUND('',#580,.T.);
#202=FACE_OUTER_BOUND('',#581,.T.);
#203=FACE_OUTER_BOUND('',#582,.T.);
#204=FACE_OUTER_BOUND('',#583,.T.);
#205=FACE_OUTER_BOUND('',#584,.T.);
#206=FACE_OUTER_BOUND('',#585,.T.);
#207=FACE_OUTER_BOUND('',#593,.T.);
#208=FACE_OUTER_BOUND('',#594,.T.);
#209=FACE_OUTER_BOUND('',#595,.T.);
#210=FACE_OUTER_BOUND('',#596,.T.);
#211=FACE_OUTER_BOUND('',#597,.T.);
#212=FACE_OUTER_BOUND('',#598,.T.);
#213=FACE_OUTER_BOUND('',#599,.T.);
#214=FACE_OUTER_BOUND('',#600,.T.);
#215=FACE_OUTER_BOUND('',#601,.T.);
#216=FACE_OUTER_BOUND('',#602,.T.);
#217=FACE_OUTER_BOUND('',#603,.T.);
#218=FACE_OUTER_BOUND('',#604,.T.);
#219=FACE_OUTER_BOUND('',#605,.T.);
#220=FACE_OUTER_BOUND('',#606,.T.);
#221=FACE_OUTER_BOUND('',#607,.T.);
#222=FACE_OUTER_BOUND('',#608,.T.);
#223=FACE_OUTER_BOUND('',#609,.T.);
#224=FACE_OUTER_BOUND('',#610,.T.);
#225=FACE_OUTER_BOUND('',#611,.T.);
#226=FACE_OUTER_BOUND('',#612,.T.);
#227=FACE_OUTER_BOUND('',#613,.T.);
#228=FACE_OUTER_BOUND('',#614,.T.);
#229=FACE_OUTER_BOUND('',#615,.T.);
#230=FACE_OUTER_BOUND('',#616,.T.);
#231=FACE_OUTER_BOUND('',#617,.T.);
#232=FACE_OUTER_BOUND('',#618,.T.);
#233=FACE_OUTER_BOUND('',#619,.T.);
#234=FACE_OUTER_BOUND('',#620,.T.);
#235=FACE_OUTER_BOUND('',#621,.T.);
#236=FACE_OUTER_BOUND('',#622,.T.);
#237=FACE_OUTER_BOUND('',#623,.T.);
#238=FACE_OUTER_BOUND('',#624,.T.);
#239=FACE_OUTER_BOUND('',#625,.T.);
#240=FACE_OUTER_BOUND('',#626,.T.);
#241=FACE_OUTER_BOUND('',#627,.T.);
#242=FACE_OUTER_BOUND('',#628,.T.);
#243=FACE_OUTER_BOUND('',#629,.T.);
#244=FACE_OUTER_BOUND('',#630,.T.);
#245=FACE_OUTER_BOUND('',#631,.T.);
#246=FACE_OUTER_BOUND('',#632,.T.);
#247=FACE_OUTER_BOUND('',#633,.T.);
#248=FACE_OUTER_BOUND('',#634,.T.);
#249=FACE_OUTER_BOUND('',#635,.T.);
#250=FACE_OUTER_BOUND('',#636,.T.);
#251=FACE_OUTER_BOUND('',#637,.T.);
#252=FACE_OUTER_BOUND('',#638,.T.);
#253=FACE_OUTER_BOUND('',#639,.T.);
#254=FACE_OUTER_BOUND('',#640,.T.);
#255=FACE_OUTER_BOUND('',#641,.T.);
#256=FACE_OUTER_BOUND('',#642,.T.);
#257=FACE_OUTER_BOUND('',#643,.T.);
#258=FACE_OUTER_BOUND('',#644,.T.);
#259=FACE_OUTER_BOUND('',#645,.T.);
#260=FACE_OUTER_BOUND('',#646,.T.);
#261=FACE_OUTER_BOUND('',#647,.T.);
#262=FACE_OUTER_BOUND('',#648,.T.);
#263=FACE_OUTER_BOUND('',#649,.T.);
#264=FACE_OUTER_BOUND('',#650,.T.);
#265=FACE_OUTER_BOUND('',#651,.T.);
#266=FACE_OUTER_BOUND('',#652,.T.);
#267=FACE_OUTER_BOUND('',#653,.T.);
#268=FACE_OUTER_BOUND('',#654,.T.);
#269=FACE_OUTER_BOUND('',#655,.T.);
#270=FACE_OUTER_BOUND('',#656,.T.);
#271=FACE_OUTER_BOUND('',#657,.T.);
#272=FACE_OUTER_BOUND('',#658,.T.);
#273=FACE_OUTER_BOUND('',#659,.T.);
#274=FACE_OUTER_BOUND('',#660,.T.);
#275=FACE_OUTER_BOUND('',#661,.T.);
#276=FACE_OUTER_BOUND('',#662,.T.);
#277=FACE_OUTER_BOUND('',#663,.T.);
#278=FACE_OUTER_BOUND('',#664,.T.);
#279=FACE_OUTER_BOUND('',#665,.T.);
#280=FACE_OUTER_BOUND('',#666,.T.);
#281=FACE_OUTER_BOUND('',#667,.T.);
#282=FACE_OUTER_BOUND('',#668,.T.);
#283=FACE_OUTER_BOUND('',#669,.T.);
#284=FACE_OUTER_BOUND('',#670,.T.);
#285=FACE_OUTER_BOUND('',#671,.T.);
#286=FACE_OUTER_BOUND('',#672,.T.);
#287=FACE_OUTER_BOUND('',#673,.T.);
#288=FACE_OUTER_BOUND('',#674,.T.);
#289=FACE_OUTER_BOUND('',#675,.T.);
#290=FACE_OUTER_BOUND('',#676,.T.);
#291=FACE_OUTER_BOUND('',#677,.T.);
#292=FACE_OUTER_BOUND('',#678,.T.);
#293=FACE_OUTER_BOUND('',#679,.T.);
#294=FACE_OUTER_BOUND('',#680,.T.);
#295=FACE_OUTER_BOUND('',#681,.T.);
#296=FACE_OUTER_BOUND('',#682,.T.);
#297=FACE_OUTER_BOUND('',#683,.T.);
#298=FACE_OUTER_BOUND('',#684,.T.);
#299=FACE_OUTER_BOUND('',#685,.T.);
#300=FACE_OUTER_BOUND('',#686,.T.);
#301=FACE_OUTER_BOUND('',#687,.T.);
#302=FACE_OUTER_BOUND('',#688,.T.);
#303=FACE_OUTER_BOUND('',#689,.T.);
#304=FACE_OUTER_BOUND('',#690,.T.);
#305=FACE_OUTER_BOUND('',#691,.T.);
#306=FACE_OUTER_BOUND('',#692,.T.);
#307=FACE_OUTER_BOUND('',#693,.T.);
#308=FACE_OUTER_BOUND('',#694,.T.);
#309=FACE_OUTER_BOUND('',#695,.T.);
#310=FACE_OUTER_BOUND('',#696,.T.);
#311=FACE_OUTER_BOUND('',#697,.T.);
#312=FACE_OUTER_BOUND('',#698,.T.);
#313=FACE_OUTER_BOUND('',#699,.T.);
#314=FACE_OUTER_BOUND('',#700,.T.);
#315=FACE_OUTER_BOUND('',#701,.T.);
#316=FACE_OUTER_BOUND('',#702,.T.);
#317=FACE_OUTER_BOUND('',#703,.T.);
#318=FACE_OUTER_BOUND('',#704,.T.);
#319=FACE_OUTER_BOUND('',#705,.T.);
#320=FACE_OUTER_BOUND('',#706,.T.);
#321=FACE_OUTER_BOUND('',#707,.T.);
#322=FACE_OUTER_BOUND('',#708,.T.);
#323=FACE_OUTER_BOUND('',#709,.T.);
#324=FACE_OUTER_BOUND('',#710,.T.);
#325=FACE_OUTER_BOUND('',#711,.T.);
#326=FACE_OUTER_BOUND('',#712,.T.);
#327=FACE_OUTER_BOUND('',#713,.T.);
#328=FACE_OUTER_BOUND('',#714,.T.);
#329=FACE_OUTER_BOUND('',#715,.T.);
#330=FACE_OUTER_BOUND('',#716,.T.);
#331=FACE_OUTER_BOUND('',#717,.T.);
#332=FACE_OUTER_BOUND('',#718,.T.);
#333=FACE_OUTER_BOUND('',#719,.T.);
#334=FACE_OUTER_BOUND('',#720,.T.);
#335=FACE_OUTER_BOUND('',#721,.T.);
#336=FACE_OUTER_BOUND('',#722,.T.);
#337=FACE_OUTER_BOUND('',#723,.T.);
#338=FACE_OUTER_BOUND('',#724,.T.);
#339=FACE_OUTER_BOUND('',#725,.T.);
#340=FACE_OUTER_BOUND('',#726,.T.);
#341=FACE_OUTER_BOUND('',#727,.T.);
#342=FACE_OUTER_BOUND('',#728,.T.);
#343=FACE_OUTER_BOUND('',#729,.T.);
#344=FACE_OUTER_BOUND('',#730,.T.);
#345=FACE_OUTER_BOUND('',#731,.T.);
#346=FACE_OUTER_BOUND('',#732,.T.);
#347=FACE_OUTER_BOUND('',#733,.T.);
#348=FACE_OUTER_BOUND('',#734,.T.);
#349=FACE_OUTER_BOUND('',#735,.T.);
#350=FACE_OUTER_BOUND('',#736,.T.);
#351=FACE_OUTER_BOUND('',#737,.T.);
#352=FACE_OUTER_BOUND('',#738,.T.);
#353=FACE_OUTER_BOUND('',#739,.T.);
#354=FACE_OUTER_BOUND('',#740,.T.);
#355=FACE_OUTER_BOUND('',#741,.T.);
#356=FACE_OUTER_BOUND('',#742,.T.);
#357=FACE_OUTER_BOUND('',#743,.T.);
#358=FACE_OUTER_BOUND('',#744,.T.);
#359=FACE_OUTER_BOUND('',#745,.T.);
#360=FACE_OUTER_BOUND('',#746,.T.);
#361=FACE_OUTER_BOUND('',#747,.T.);
#362=FACE_OUTER_BOUND('',#748,.T.);
#363=FACE_OUTER_BOUND('',#749,.T.);
#364=FACE_OUTER_BOUND('',#750,.T.);
#365=FACE_OUTER_BOUND('',#751,.T.);
#366=FACE_OUTER_BOUND('',#752,.T.);
#367=FACE_OUTER_BOUND('',#753,.T.);
#368=FACE_OUTER_BOUND('',#754,.T.);
#369=FACE_OUTER_BOUND('',#755,.T.);
#370=FACE_OUTER_BOUND('',#756,.T.);
#371=FACE_OUTER_BOUND('',#757,.T.);
#372=FACE_OUTER_BOUND('',#758,.T.);
#373=FACE_OUTER_BOUND('',#759,.T.);
#374=FACE_OUTER_BOUND('',#760,.T.);
#375=FACE_OUTER_BOUND('',#761,.T.);
#376=FACE_OUTER_BOUND('',#762,.T.);
#377=FACE_OUTER_BOUND('',#763,.T.);
#378=FACE_OUTER_BOUND('',#764,.T.);
#379=FACE_OUTER_BOUND('',#765,.T.);
#380=FACE_OUTER_BOUND('',#766,.T.);
#381=FACE_OUTER_BOUND('',#767,.T.);
#382=FACE_OUTER_BOUND('',#768,.T.);
#383=FACE_OUTER_BOUND('',#769,.T.);
#384=FACE_OUTER_BOUND('',#770,.T.);
#385=FACE_OUTER_BOUND('',#771,.T.);
#386=FACE_OUTER_BOUND('',#772,.T.);
#387=FACE_OUTER_BOUND('',#773,.T.);
#388=FACE_OUTER_BOUND('',#774,.T.);
#389=FACE_OUTER_BOUND('',#775,.T.);
#390=FACE_OUTER_BOUND('',#776,.T.);
#391=FACE_OUTER_BOUND('',#777,.T.);
#392=FACE_OUTER_BOUND('',#778,.T.);
#393=FACE_OUTER_BOUND('',#779,.T.);
#394=FACE_OUTER_BOUND('',#780,.T.);
#395=FACE_OUTER_BOUND('',#781,.T.);
#396=FACE_OUTER_BOUND('',#782,.T.);
#397=FACE_OUTER_BOUND('',#783,.T.);
#398=FACE_OUTER_BOUND('',#784,.T.);
#399=FACE_OUTER_BOUND('',#785,.T.);
#400=FACE_OUTER_BOUND('',#786,.T.);
#401=FACE_OUTER_BOUND('',#787,.T.);
#402=FACE_OUTER_BOUND('',#788,.T.);
#403=FACE_OUTER_BOUND('',#789,.T.);
#404=FACE_OUTER_BOUND('',#790,.T.);
#405=FACE_OUTER_BOUND('',#791,.T.);
#406=FACE_OUTER_BOUND('',#792,.T.);
#407=FACE_OUTER_BOUND('',#793,.T.);
#408=FACE_OUTER_BOUND('',#794,.T.);
#409=FACE_OUTER_BOUND('',#795,.T.);
#410=FACE_OUTER_BOUND('',#796,.T.);
#411=FACE_OUTER_BOUND('',#797,.T.);
#412=FACE_OUTER_BOUND('',#798,.T.);
#413=FACE_OUTER_BOUND('',#799,.T.);
#414=FACE_OUTER_BOUND('',#800,.T.);
#415=FACE_OUTER_BOUND('',#801,.T.);
#416=FACE_OUTER_BOUND('',#802,.T.);
#417=FACE_OUTER_BOUND('',#803,.T.);
#418=FACE_OUTER_BOUND('',#804,.T.);
#419=FACE_OUTER_BOUND('',#805,.T.);
#420=FACE_OUTER_BOUND('',#806,.T.);
#421=FACE_OUTER_BOUND('',#807,.T.);
#422=FACE_OUTER_BOUND('',#808,.T.);
#423=FACE_OUTER_BOUND('',#809,.T.);
#424=FACE_OUTER_BOUND('',#810,.T.);
#425=FACE_OUTER_BOUND('',#811,.T.);
#426=FACE_OUTER_BOUND('',#812,.T.);
#427=FACE_OUTER_BOUND('',#813,.T.);
#428=FACE_OUTER_BOUND('',#814,.T.);
#429=FACE_OUTER_BOUND('',#815,.T.);
#430=FACE_OUTER_BOUND('',#816,.T.);
#431=FACE_OUTER_BOUND('',#817,.T.);
#432=FACE_OUTER_BOUND('',#818,.T.);
#433=FACE_OUTER_BOUND('',#819,.T.);
#434=FACE_OUTER_BOUND('',#820,.T.);
#435=FACE_OUTER_BOUND('',#821,.T.);
#436=FACE_OUTER_BOUND('',#822,.T.);
#437=FACE_OUTER_BOUND('',#823,.T.);
#438=FACE_OUTER_BOUND('',#824,.T.);
#439=FACE_OUTER_BOUND('',#825,.T.);
#440=FACE_OUTER_BOUND('',#826,.T.);
#441=FACE_OUTER_BOUND('',#827,.T.);
#442=FACE_OUTER_BOUND('',#828,.T.);
#443=FACE_OUTER_BOUND('',#829,.T.);
#444=FACE_OUTER_BOUND('',#830,.T.);
#445=FACE_OUTER_BOUND('',#831,.T.);
#446=FACE_OUTER_BOUND('',#832,.T.);
#447=FACE_OUTER_BOUND('',#833,.T.);
#448=FACE_OUTER_BOUND('',#834,.T.);
#449=FACE_OUTER_BOUND('',#835,.T.);
#450=FACE_OUTER_BOUND('',#836,.T.);
#451=FACE_OUTER_BOUND('',#837,.T.);
#452=FACE_OUTER_BOUND('',#838,.T.);
#453=FACE_OUTER_BOUND('',#859,.T.);
#454=FACE_OUTER_BOUND('',#860,.T.);
#455=FACE_OUTER_BOUND('',#871,.T.);
#456=FACE_OUTER_BOUND('',#872,.T.);
#457=FACE_OUTER_BOUND('',#873,.T.);
#458=FACE_OUTER_BOUND('',#874,.T.);
#459=FACE_OUTER_BOUND('',#875,.T.);
#460=FACE_OUTER_BOUND('',#876,.T.);
#461=FACE_OUTER_BOUND('',#877,.T.);
#462=FACE_OUTER_BOUND('',#878,.T.);
#463=FACE_OUTER_BOUND('',#879,.T.);
#464=FACE_OUTER_BOUND('',#880,.T.);
#465=FACE_OUTER_BOUND('',#881,.T.);
#466=FACE_OUTER_BOUND('',#882,.T.);
#467=FACE_OUTER_BOUND('',#883,.T.);
#468=FACE_OUTER_BOUND('',#884,.T.);
#469=FACE_OUTER_BOUND('',#885,.T.);
#470=FACE_OUTER_BOUND('',#889,.T.);
#471=FACE_OUTER_BOUND('',#890,.T.);
#472=FACE_OUTER_BOUND('',#891,.T.);
#473=FACE_OUTER_BOUND('',#892,.T.);
#474=FACE_OUTER_BOUND('',#893,.T.);
#475=FACE_OUTER_BOUND('',#894,.T.);
#476=FACE_OUTER_BOUND('',#895,.T.);
#477=FACE_OUTER_BOUND('',#896,.T.);
#478=FACE_OUTER_BOUND('',#897,.T.);
#479=FACE_OUTER_BOUND('',#898,.T.);
#480=FACE_OUTER_BOUND('',#899,.T.);
#481=EDGE_LOOP('',(#4309,#4310,#4311,#4312));
#482=EDGE_LOOP('',(#4313,#4314,#4315,#4316));
#483=EDGE_LOOP('',(#4317,#4318,#4319,#4320));
#484=EDGE_LOOP('',(#4321,#4322,#4323,#4324));
#485=EDGE_LOOP('',(#4325,#4326,#4327,#4328));
#486=EDGE_LOOP('',(#4329,#4330,#4331,#4332));
#487=EDGE_LOOP('',(#4333,#4334,#4335,#4336));
#488=EDGE_LOOP('',(#4337,#4338,#4339,#4340));
#489=EDGE_LOOP('',(#4341,#4342,#4343,#4344));
#490=EDGE_LOOP('',(#4345,#4346,#4347,#4348,#4349,#4350,#4351,#4352,#4353,
#4354,#4355,#4356,#4357,#4358,#4359,#4360,#4361,#4362,#4363,#4364,#4365,
#4366,#4367,#4368,#4369,#4370,#4371,#4372,#4373,#4374,#4375,#4376,#4377,
#4378,#4379,#4380,#4381,#4382,#4383,#4384,#4385,#4386,#4387,#4388));
#491=EDGE_LOOP('',(#4389,#4390,#4391,#4392));
#492=EDGE_LOOP('',(#4393,#4394,#4395,#4396));
#493=EDGE_LOOP('',(#4397,#4398,#4399,#4400));
#494=EDGE_LOOP('',(#4401,#4402,#4403,#4404));
#495=EDGE_LOOP('',(#4405,#4406,#4407,#4408));
#496=EDGE_LOOP('',(#4409,#4410,#4411,#4412));
#497=EDGE_LOOP('',(#4413,#4414,#4415,#4416));
#498=EDGE_LOOP('',(#4417,#4418,#4419,#4420));
#499=EDGE_LOOP('',(#4421,#4422,#4423,#4424));
#500=EDGE_LOOP('',(#4425,#4426,#4427,#4428));
#501=EDGE_LOOP('',(#4429,#4430,#4431,#4432,#4433));
#502=EDGE_LOOP('',(#4434,#4435,#4436,#4437));
#503=EDGE_LOOP('',(#4438,#4439,#4440,#4441,#4442));
#504=EDGE_LOOP('',(#4443,#4444,#4445,#4446));
#505=EDGE_LOOP('',(#4447,#4448,#4449,#4450));
#506=EDGE_LOOP('',(#4451,#4452,#4453,#4454,#4455,#4456,#4457,#4458,#4459,
#4460,#4461,#4462,#4463,#4464,#4465,#4466,#4467,#4468,#4469,#4470,#4471,
#4472,#4473,#4474));
#507=EDGE_LOOP('',(#4475,#4476,#4477,#4478));
#508=EDGE_LOOP('',(#4479,#4480,#4481,#4482));
#509=EDGE_LOOP('',(#4483,#4484,#4485,#4486));
#510=EDGE_LOOP('',(#4487,#4488,#4489,#4490));
#511=EDGE_LOOP('',(#4491,#4492,#4493,#4494,#4495));
#512=EDGE_LOOP('',(#4496,#4497,#4498,#4499));
#513=EDGE_LOOP('',(#4500,#4501,#4502,#4503,#4504));
#514=EDGE_LOOP('',(#4505,#4506,#4507,#4508));
#515=EDGE_LOOP('',(#4509,#4510,#4511,#4512));
#516=EDGE_LOOP('',(#4513,#4514,#4515,#4516));
#517=EDGE_LOOP('',(#4517,#4518,#4519,#4520));
#518=EDGE_LOOP('',(#4521,#4522,#4523,#4524));
#519=EDGE_LOOP('',(#4525,#4526,#4527,#4528));
#520=EDGE_LOOP('',(#4529,#4530,#4531,#4532));
#521=EDGE_LOOP('',(#4533,#4534,#4535,#4536));
#522=EDGE_LOOP('',(#4537,#4538,#4539,#4540));
#523=EDGE_LOOP('',(#4541,#4542,#4543,#4544));
#524=EDGE_LOOP('',(#4545,#4546,#4547,#4548));
#525=EDGE_LOOP('',(#4549,#4550,#4551,#4552));
#526=EDGE_LOOP('',(#4553,#4554,#4555,#4556));
#527=EDGE_LOOP('',(#4557,#4558,#4559,#4560));
#528=EDGE_LOOP('',(#4561,#4562,#4563,#4564));
#529=EDGE_LOOP('',(#4565,#4566,#4567,#4568));
#530=EDGE_LOOP('',(#4569,#4570,#4571,#4572));
#531=EDGE_LOOP('',(#4573,#4574,#4575,#4576));
#532=EDGE_LOOP('',(#4577,#4578,#4579,#4580));
#533=EDGE_LOOP('',(#4581,#4582,#4583,#4584));
#534=EDGE_LOOP('',(#4585,#4586,#4587,#4588));
#535=EDGE_LOOP('',(#4589,#4590,#4591,#4592));
#536=EDGE_LOOP('',(#4593,#4594,#4595,#4596));
#537=EDGE_LOOP('',(#4597,#4598,#4599,#4600));
#538=EDGE_LOOP('',(#4601,#4602,#4603,#4604));
#539=EDGE_LOOP('',(#4605,#4606,#4607,#4608));
#540=EDGE_LOOP('',(#4609,#4610,#4611,#4612));
#541=EDGE_LOOP('',(#4613,#4614,#4615,#4616));
#542=EDGE_LOOP('',(#4617,#4618,#4619,#4620));
#543=EDGE_LOOP('',(#4621,#4622,#4623,#4624));
#544=EDGE_LOOP('',(#4625,#4626,#4627,#4628,#4629));
#545=EDGE_LOOP('',(#4630,#4631,#4632,#4633));
#546=EDGE_LOOP('',(#4634,#4635,#4636,#4637,#4638));
#547=EDGE_LOOP('',(#4639,#4640,#4641,#4642));
#548=EDGE_LOOP('',(#4643,#4644,#4645,#4646));
#549=EDGE_LOOP('',(#4647,#4648,#4649,#4650,#4651));
#550=EDGE_LOOP('',(#4652,#4653,#4654,#4655));
#551=EDGE_LOOP('',(#4656,#4657,#4658,#4659,#4660));
#552=EDGE_LOOP('',(#4661,#4662,#4663,#4664));
#553=EDGE_LOOP('',(#4665,#4666,#4667,#4668));
#554=EDGE_LOOP('',(#4669,#4670,#4671,#4672));
#555=EDGE_LOOP('',(#4673,#4674,#4675,#4676));
#556=EDGE_LOOP('',(#4677,#4678,#4679,#4680));
#557=EDGE_LOOP('',(#4681,#4682,#4683,#4684));
#558=EDGE_LOOP('',(#4685,#4686,#4687,#4688));
#559=EDGE_LOOP('',(#4689,#4690,#4691,#4692,#4693));
#560=EDGE_LOOP('',(#4694,#4695,#4696));
#561=EDGE_LOOP('',(#4697,#4698,#4699,#4700,#4701,#4702));
#562=EDGE_LOOP('',(#4703,#4704,#4705));
#563=EDGE_LOOP('',(#4706,#4707,#4708,#4709,#4710));
#564=EDGE_LOOP('',(#4711,#4712,#4713,#4714));
#565=EDGE_LOOP('',(#4715,#4716,#4717,#4718));
#566=EDGE_LOOP('',(#4719,#4720,#4721,#4722,#4723,#4724));
#567=EDGE_LOOP('',(#4725,#4726,#4727,#4728));
#568=EDGE_LOOP('',(#4729,#4730,#4731,#4732));
#569=EDGE_LOOP('',(#4733,#4734,#4735,#4736));
#570=EDGE_LOOP('',(#4737,#4738,#4739,#4740,#4741,#4742));
#571=EDGE_LOOP('',(#4743,#4744,#4745,#4746,#4747,#4748));
#572=EDGE_LOOP('',(#4749,#4750,#4751,#4752));
#573=EDGE_LOOP('',(#4753,#4754,#4755,#4756));
#574=EDGE_LOOP('',(#4757,#4758,#4759,#4760));
#575=EDGE_LOOP('',(#4761,#4762,#4763,#4764));
#576=EDGE_LOOP('',(#4765,#4766,#4767,#4768));
#577=EDGE_LOOP('',(#4769,#4770,#4771,#4772,#4773,#4774));
#578=EDGE_LOOP('',(#4775,#4776,#4777,#4778));
#579=EDGE_LOOP('',(#4779,#4780,#4781,#4782,#4783,#4784));
#580=EDGE_LOOP('',(#4785,#4786,#4787,#4788,#4789,#4790,#4791,#4792));
#581=EDGE_LOOP('',(#4793,#4794,#4795,#4796,#4797,#4798));
#582=EDGE_LOOP('',(#4799,#4800,#4801,#4802,#4803,#4804,#4805,#4806));
#583=EDGE_LOOP('',(#4807,#4808,#4809,#4810,#4811,#4812,#4813,#4814,#4815,
#4816,#4817,#4818,#4819,#4820,#4821,#4822,#4823,#4824,#4825,#4826,#4827,
#4828,#4829,#4830));
#584=EDGE_LOOP('',(#4831,#4832,#4833,#4834));
#585=EDGE_LOOP('',(#4835,#4836,#4837,#4838,#4839,#4840));
#586=EDGE_LOOP('',(#4841,#4842,#4843,#4844));
#587=EDGE_LOOP('',(#4845,#4846,#4847,#4848));
#588=EDGE_LOOP('',(#4849,#4850,#4851,#4852));
#589=EDGE_LOOP('',(#4853,#4854,#4855,#4856));
#590=EDGE_LOOP('',(#4857,#4858,#4859,#4860));
#591=EDGE_LOOP('',(#4861,#4862,#4863,#4864));
#592=EDGE_LOOP('',(#4865,#4866,#4867,#4868));
#593=EDGE_LOOP('',(#4869,#4870,#4871,#4872,#4873));
#594=EDGE_LOOP('',(#4874,#4875,#4876,#4877));
#595=EDGE_LOOP('',(#4878,#4879,#4880,#4881));
#596=EDGE_LOOP('',(#4882,#4883,#4884,#4885,#4886));
#597=EDGE_LOOP('',(#4887,#4888,#4889,#4890));
#598=EDGE_LOOP('',(#4891,#4892,#4893,#4894));
#599=EDGE_LOOP('',(#4895,#4896,#4897,#4898));
#600=EDGE_LOOP('',(#4899,#4900,#4901,#4902));
#601=EDGE_LOOP('',(#4903,#4904,#4905,#4906));
#602=EDGE_LOOP('',(#4907,#4908,#4909,#4910));
#603=EDGE_LOOP('',(#4911,#4912,#4913,#4914));
#604=EDGE_LOOP('',(#4915,#4916,#4917,#4918));
#605=EDGE_LOOP('',(#4919,#4920,#4921,#4922));
#606=EDGE_LOOP('',(#4923,#4924,#4925,#4926));
#607=EDGE_LOOP('',(#4927,#4928,#4929,#4930));
#608=EDGE_LOOP('',(#4931,#4932,#4933,#4934));
#609=EDGE_LOOP('',(#4935,#4936,#4937,#4938));
#610=EDGE_LOOP('',(#4939,#4940,#4941,#4942));
#611=EDGE_LOOP('',(#4943,#4944,#4945,#4946));
#612=EDGE_LOOP('',(#4947,#4948,#4949,#4950));
#613=EDGE_LOOP('',(#4951,#4952,#4953,#4954));
#614=EDGE_LOOP('',(#4955,#4956,#4957,#4958));
#615=EDGE_LOOP('',(#4959,#4960,#4961,#4962));
#616=EDGE_LOOP('',(#4963,#4964,#4965,#4966));
#617=EDGE_LOOP('',(#4967,#4968,#4969,#4970));
#618=EDGE_LOOP('',(#4971,#4972,#4973,#4974));
#619=EDGE_LOOP('',(#4975,#4976,#4977,#4978));
#620=EDGE_LOOP('',(#4979,#4980,#4981,#4982));
#621=EDGE_LOOP('',(#4983,#4984,#4985,#4986));
#622=EDGE_LOOP('',(#4987,#4988,#4989,#4990));
#623=EDGE_LOOP('',(#4991,#4992,#4993,#4994));
#624=EDGE_LOOP('',(#4995,#4996,#4997,#4998));
#625=EDGE_LOOP('',(#4999,#5000,#5001,#5002));
#626=EDGE_LOOP('',(#5003,#5004,#5005,#5006));
#627=EDGE_LOOP('',(#5007,#5008,#5009,#5010));
#628=EDGE_LOOP('',(#5011,#5012,#5013,#5014));
#629=EDGE_LOOP('',(#5015,#5016,#5017,#5018));
#630=EDGE_LOOP('',(#5019,#5020,#5021,#5022));
#631=EDGE_LOOP('',(#5023,#5024,#5025,#5026));
#632=EDGE_LOOP('',(#5027,#5028,#5029,#5030));
#633=EDGE_LOOP('',(#5031,#5032,#5033,#5034,#5035));
#634=EDGE_LOOP('',(#5036,#5037,#5038,#5039));
#635=EDGE_LOOP('',(#5040,#5041,#5042,#5043));
#636=EDGE_LOOP('',(#5044,#5045,#5046,#5047,#5048));
#637=EDGE_LOOP('',(#5049,#5050,#5051,#5052));
#638=EDGE_LOOP('',(#5053,#5054,#5055,#5056));
#639=EDGE_LOOP('',(#5057,#5058,#5059,#5060));
#640=EDGE_LOOP('',(#5061,#5062,#5063,#5064));
#641=EDGE_LOOP('',(#5065,#5066,#5067,#5068));
#642=EDGE_LOOP('',(#5069,#5070,#5071,#5072));
#643=EDGE_LOOP('',(#5073,#5074,#5075,#5076));
#644=EDGE_LOOP('',(#5077,#5078,#5079,#5080));
#645=EDGE_LOOP('',(#5081,#5082,#5083,#5084));
#646=EDGE_LOOP('',(#5085,#5086,#5087,#5088));
#647=EDGE_LOOP('',(#5089,#5090,#5091,#5092));
#648=EDGE_LOOP('',(#5093,#5094,#5095,#5096));
#649=EDGE_LOOP('',(#5097,#5098,#5099,#5100));
#650=EDGE_LOOP('',(#5101,#5102,#5103,#5104));
#651=EDGE_LOOP('',(#5105,#5106,#5107,#5108));
#652=EDGE_LOOP('',(#5109,#5110,#5111,#5112));
#653=EDGE_LOOP('',(#5113,#5114,#5115,#5116));
#654=EDGE_LOOP('',(#5117,#5118,#5119,#5120));
#655=EDGE_LOOP('',(#5121,#5122,#5123,#5124));
#656=EDGE_LOOP('',(#5125,#5126,#5127,#5128));
#657=EDGE_LOOP('',(#5129,#5130,#5131,#5132));
#658=EDGE_LOOP('',(#5133,#5134,#5135,#5136));
#659=EDGE_LOOP('',(#5137,#5138,#5139,#5140));
#660=EDGE_LOOP('',(#5141,#5142,#5143,#5144));
#661=EDGE_LOOP('',(#5145,#5146,#5147,#5148));
#662=EDGE_LOOP('',(#5149,#5150,#5151,#5152));
#663=EDGE_LOOP('',(#5153,#5154,#5155,#5156,#5157));
#664=EDGE_LOOP('',(#5158,#5159,#5160,#5161));
#665=EDGE_LOOP('',(#5162,#5163,#5164,#5165));
#666=EDGE_LOOP('',(#5166,#5167,#5168,#5169,#5170));
#667=EDGE_LOOP('',(#5171,#5172,#5173,#5174));
#668=EDGE_LOOP('',(#5175,#5176,#5177,#5178));
#669=EDGE_LOOP('',(#5179,#5180,#5181,#5182));
#670=EDGE_LOOP('',(#5183,#5184,#5185,#5186));
#671=EDGE_LOOP('',(#5187,#5188,#5189,#5190));
#672=EDGE_LOOP('',(#5191,#5192,#5193,#5194));
#673=EDGE_LOOP('',(#5195,#5196,#5197,#5198));
#674=EDGE_LOOP('',(#5199,#5200,#5201,#5202));
#675=EDGE_LOOP('',(#5203,#5204,#5205,#5206));
#676=EDGE_LOOP('',(#5207,#5208,#5209,#5210));
#677=EDGE_LOOP('',(#5211,#5212,#5213,#5214));
#678=EDGE_LOOP('',(#5215,#5216,#5217,#5218));
#679=EDGE_LOOP('',(#5219,#5220,#5221,#5222));
#680=EDGE_LOOP('',(#5223,#5224,#5225,#5226));
#681=EDGE_LOOP('',(#5227,#5228,#5229,#5230));
#682=EDGE_LOOP('',(#5231,#5232,#5233,#5234));
#683=EDGE_LOOP('',(#5235,#5236,#5237,#5238));
#684=EDGE_LOOP('',(#5239,#5240,#5241,#5242));
#685=EDGE_LOOP('',(#5243,#5244,#5245,#5246));
#686=EDGE_LOOP('',(#5247,#5248,#5249,#5250));
#687=EDGE_LOOP('',(#5251,#5252,#5253,#5254));
#688=EDGE_LOOP('',(#5255,#5256,#5257,#5258,#5259));
#689=EDGE_LOOP('',(#5260,#5261,#5262,#5263));
#690=EDGE_LOOP('',(#5264,#5265,#5266,#5267));
#691=EDGE_LOOP('',(#5268,#5269,#5270,#5271,#5272));
#692=EDGE_LOOP('',(#5273,#5274,#5275,#5276));
#693=EDGE_LOOP('',(#5277,#5278,#5279,#5280));
#694=EDGE_LOOP('',(#5281,#5282,#5283,#5284));
#695=EDGE_LOOP('',(#5285,#5286,#5287,#5288));
#696=EDGE_LOOP('',(#5289,#5290,#5291,#5292));
#697=EDGE_LOOP('',(#5293,#5294,#5295,#5296));
#698=EDGE_LOOP('',(#5297,#5298,#5299,#5300));
#699=EDGE_LOOP('',(#5301,#5302,#5303,#5304));
#700=EDGE_LOOP('',(#5305,#5306,#5307,#5308));
#701=EDGE_LOOP('',(#5309,#5310,#5311,#5312));
#702=EDGE_LOOP('',(#5313,#5314,#5315,#5316));
#703=EDGE_LOOP('',(#5317,#5318,#5319,#5320));
#704=EDGE_LOOP('',(#5321,#5322,#5323,#5324));
#705=EDGE_LOOP('',(#5325,#5326,#5327,#5328));
#706=EDGE_LOOP('',(#5329,#5330,#5331,#5332));
#707=EDGE_LOOP('',(#5333,#5334,#5335,#5336));
#708=EDGE_LOOP('',(#5337,#5338,#5339,#5340,#5341));
#709=EDGE_LOOP('',(#5342,#5343,#5344,#5345));
#710=EDGE_LOOP('',(#5346,#5347,#5348,#5349));
#711=EDGE_LOOP('',(#5350,#5351,#5352,#5353,#5354));
#712=EDGE_LOOP('',(#5355,#5356,#5357,#5358));
#713=EDGE_LOOP('',(#5359,#5360,#5361,#5362));
#714=EDGE_LOOP('',(#5363,#5364,#5365,#5366));
#715=EDGE_LOOP('',(#5367,#5368,#5369,#5370));
#716=EDGE_LOOP('',(#5371,#5372,#5373,#5374));
#717=EDGE_LOOP('',(#5375,#5376,#5377,#5378));
#718=EDGE_LOOP('',(#5379,#5380,#5381,#5382));
#719=EDGE_LOOP('',(#5383,#5384,#5385,#5386));
#720=EDGE_LOOP('',(#5387,#5388,#5389,#5390));
#721=EDGE_LOOP('',(#5391,#5392,#5393,#5394));
#722=EDGE_LOOP('',(#5395,#5396,#5397,#5398));
#723=EDGE_LOOP('',(#5399,#5400,#5401,#5402));
#724=EDGE_LOOP('',(#5403,#5404,#5405,#5406));
#725=EDGE_LOOP('',(#5407,#5408,#5409,#5410));
#726=EDGE_LOOP('',(#5411,#5412,#5413,#5414));
#727=EDGE_LOOP('',(#5415,#5416,#5417,#5418));
#728=EDGE_LOOP('',(#5419,#5420,#5421,#5422));
#729=EDGE_LOOP('',(#5423,#5424,#5425,#5426));
#730=EDGE_LOOP('',(#5427,#5428,#5429,#5430));
#731=EDGE_LOOP('',(#5431,#5432,#5433,#5434));
#732=EDGE_LOOP('',(#5435,#5436,#5437,#5438));
#733=EDGE_LOOP('',(#5439,#5440,#5441,#5442,#5443));
#734=EDGE_LOOP('',(#5444,#5445,#5446,#5447));
#735=EDGE_LOOP('',(#5448,#5449,#5450,#5451,#5452));
#736=EDGE_LOOP('',(#5453,#5454,#5455,#5456));
#737=EDGE_LOOP('',(#5457,#5458,#5459,#5460));
#738=EDGE_LOOP('',(#5461,#5462,#5463,#5464,#5465));
#739=EDGE_LOOP('',(#5466,#5467,#5468,#5469));
#740=EDGE_LOOP('',(#5470,#5471,#5472,#5473));
#741=EDGE_LOOP('',(#5474,#5475,#5476,#5477,#5478));
#742=EDGE_LOOP('',(#5479,#5480,#5481,#5482));
#743=EDGE_LOOP('',(#5483,#5484,#5485,#5486));
#744=EDGE_LOOP('',(#5487,#5488,#5489,#5490));
#745=EDGE_LOOP('',(#5491,#5492,#5493,#5494));
#746=EDGE_LOOP('',(#5495,#5496,#5497,#5498));
#747=EDGE_LOOP('',(#5499,#5500,#5501,#5502));
#748=EDGE_LOOP('',(#5503,#5504,#5505,#5506));
#749=EDGE_LOOP('',(#5507,#5508,#5509,#5510));
#750=EDGE_LOOP('',(#5511,#5512,#5513,#5514));
#751=EDGE_LOOP('',(#5515,#5516,#5517,#5518));
#752=EDGE_LOOP('',(#5519,#5520,#5521,#5522));
#753=EDGE_LOOP('',(#5523,#5524,#5525,#5526));
#754=EDGE_LOOP('',(#5527,#5528,#5529,#5530));
#755=EDGE_LOOP('',(#5531,#5532,#5533,#5534));
#756=EDGE_LOOP('',(#5535,#5536,#5537,#5538));
#757=EDGE_LOOP('',(#5539,#5540,#5541,#5542));
#758=EDGE_LOOP('',(#5543,#5544,#5545,#5546));
#759=EDGE_LOOP('',(#5547,#5548,#5549,#5550));
#760=EDGE_LOOP('',(#5551,#5552,#5553,#5554));
#761=EDGE_LOOP('',(#5555,#5556,#5557,#5558));
#762=EDGE_LOOP('',(#5559,#5560,#5561,#5562));
#763=EDGE_LOOP('',(#5563,#5564,#5565,#5566));
#764=EDGE_LOOP('',(#5567,#5568,#5569,#5570));
#765=EDGE_LOOP('',(#5571,#5572,#5573,#5574));
#766=EDGE_LOOP('',(#5575,#5576,#5577,#5578));
#767=EDGE_LOOP('',(#5579,#5580,#5581,#5582));
#768=EDGE_LOOP('',(#5583,#5584,#5585,#5586));
#769=EDGE_LOOP('',(#5587,#5588,#5589,#5590));
#770=EDGE_LOOP('',(#5591,#5592,#5593,#5594));
#771=EDGE_LOOP('',(#5595,#5596,#5597,#5598));
#772=EDGE_LOOP('',(#5599,#5600,#5601,#5602));
#773=EDGE_LOOP('',(#5603,#5604,#5605,#5606));
#774=EDGE_LOOP('',(#5607,#5608,#5609,#5610));
#775=EDGE_LOOP('',(#5611,#5612,#5613,#5614));
#776=EDGE_LOOP('',(#5615,#5616,#5617,#5618));
#777=EDGE_LOOP('',(#5619,#5620,#5621,#5622));
#778=EDGE_LOOP('',(#5623,#5624,#5625,#5626));
#779=EDGE_LOOP('',(#5627,#5628,#5629,#5630));
#780=EDGE_LOOP('',(#5631,#5632,#5633,#5634));
#781=EDGE_LOOP('',(#5635,#5636,#5637,#5638));
#782=EDGE_LOOP('',(#5639,#5640,#5641,#5642));
#783=EDGE_LOOP('',(#5643,#5644,#5645,#5646));
#784=EDGE_LOOP('',(#5647,#5648,#5649,#5650));
#785=EDGE_LOOP('',(#5651,#5652,#5653,#5654));
#786=EDGE_LOOP('',(#5655,#5656,#5657,#5658));
#787=EDGE_LOOP('',(#5659,#5660,#5661,#5662));
#788=EDGE_LOOP('',(#5663,#5664,#5665,#5666));
#789=EDGE_LOOP('',(#5667,#5668,#5669,#5670));
#790=EDGE_LOOP('',(#5671,#5672,#5673,#5674));
#791=EDGE_LOOP('',(#5675,#5676,#5677,#5678));
#792=EDGE_LOOP('',(#5679,#5680,#5681,#5682));
#793=EDGE_LOOP('',(#5683,#5684,#5685,#5686));
#794=EDGE_LOOP('',(#5687,#5688,#5689,#5690));
#795=EDGE_LOOP('',(#5691,#5692,#5693,#5694));
#796=EDGE_LOOP('',(#5695,#5696,#5697,#5698));
#797=EDGE_LOOP('',(#5699,#5700,#5701,#5702));
#798=EDGE_LOOP('',(#5703,#5704,#5705,#5706));
#799=EDGE_LOOP('',(#5707,#5708,#5709,#5710));
#800=EDGE_LOOP('',(#5711,#5712,#5713,#5714));
#801=EDGE_LOOP('',(#5715,#5716,#5717,#5718));
#802=EDGE_LOOP('',(#5719,#5720,#5721,#5722));
#803=EDGE_LOOP('',(#5723,#5724,#5725,#5726));
#804=EDGE_LOOP('',(#5727,#5728,#5729,#5730));
#805=EDGE_LOOP('',(#5731,#5732,#5733,#5734));
#806=EDGE_LOOP('',(#5735,#5736,#5737,#5738));
#807=EDGE_LOOP('',(#5739,#5740,#5741,#5742));
#808=EDGE_LOOP('',(#5743,#5744,#5745,#5746));
#809=EDGE_LOOP('',(#5747,#5748,#5749,#5750));
#810=EDGE_LOOP('',(#5751,#5752,#5753,#5754));
#811=EDGE_LOOP('',(#5755,#5756,#5757,#5758));
#812=EDGE_LOOP('',(#5759,#5760,#5761,#5762));
#813=EDGE_LOOP('',(#5763,#5764,#5765,#5766));
#814=EDGE_LOOP('',(#5767,#5768,#5769,#5770));
#815=EDGE_LOOP('',(#5771,#5772,#5773,#5774));
#816=EDGE_LOOP('',(#5775,#5776,#5777,#5778));
#817=EDGE_LOOP('',(#5779,#5780,#5781,#5782));
#818=EDGE_LOOP('',(#5783,#5784,#5785,#5786));
#819=EDGE_LOOP('',(#5787,#5788,#5789,#5790));
#820=EDGE_LOOP('',(#5791,#5792,#5793,#5794));
#821=EDGE_LOOP('',(#5795,#5796,#5797,#5798));
#822=EDGE_LOOP('',(#5799,#5800,#5801,#5802));
#823=EDGE_LOOP('',(#5803,#5804,#5805,#5806));
#824=EDGE_LOOP('',(#5807,#5808,#5809,#5810));
#825=EDGE_LOOP('',(#5811,#5812,#5813,#5814));
#826=EDGE_LOOP('',(#5815,#5816,#5817,#5818));
#827=EDGE_LOOP('',(#5819,#5820,#5821,#5822));
#828=EDGE_LOOP('',(#5823,#5824,#5825,#5826));
#829=EDGE_LOOP('',(#5827,#5828,#5829,#5830));
#830=EDGE_LOOP('',(#5831,#5832,#5833,#5834));
#831=EDGE_LOOP('',(#5835,#5836,#5837,#5838));
#832=EDGE_LOOP('',(#5839,#5840,#5841,#5842));
#833=EDGE_LOOP('',(#5843,#5844,#5845,#5846));
#834=EDGE_LOOP('',(#5847,#5848,#5849,#5850));
#835=EDGE_LOOP('',(#5851,#5852,#5853,#5854));
#836=EDGE_LOOP('',(#5855,#5856,#5857,#5858));
#837=EDGE_LOOP('',(#5859,#5860,#5861,#5862));
#838=EDGE_LOOP('',(#5863,#5864,#5865,#5866,#5867,#5868,#5869,#5870,#5871,
#5872,#5873,#5874,#5875,#5876,#5877,#5878,#5879,#5880,#5881,#5882,#5883,
#5884,#5885,#5886));
#839=EDGE_LOOP('',(#5887,#5888,#5889,#5890));
#840=EDGE_LOOP('',(#5891,#5892,#5893,#5894));
#841=EDGE_LOOP('',(#5895,#5896,#5897,#5898));
#842=EDGE_LOOP('',(#5899,#5900,#5901,#5902));
#843=EDGE_LOOP('',(#5903,#5904,#5905,#5906));
#844=EDGE_LOOP('',(#5907,#5908,#5909,#5910));
#845=EDGE_LOOP('',(#5911,#5912,#5913,#5914));
#846=EDGE_LOOP('',(#5915,#5916,#5917,#5918));
#847=EDGE_LOOP('',(#5919,#5920,#5921,#5922));
#848=EDGE_LOOP('',(#5923,#5924,#5925,#5926));
#849=EDGE_LOOP('',(#5927,#5928,#5929,#5930));
#850=EDGE_LOOP('',(#5931,#5932,#5933,#5934));
#851=EDGE_LOOP('',(#5935,#5936,#5937,#5938));
#852=EDGE_LOOP('',(#5939,#5940,#5941,#5942));
#853=EDGE_LOOP('',(#5943,#5944,#5945,#5946));
#854=EDGE_LOOP('',(#5947,#5948,#5949,#5950));
#855=EDGE_LOOP('',(#5951,#5952,#5953,#5954));
#856=EDGE_LOOP('',(#5955,#5956,#5957,#5958));
#857=EDGE_LOOP('',(#5959,#5960,#5961,#5962));
#858=EDGE_LOOP('',(#5963,#5964,#5965,#5966));
#859=EDGE_LOOP('',(#5967,#5968,#5969,#5970));
#860=EDGE_LOOP('',(#5971,#5972,#5973,#5974));
#861=EDGE_LOOP('',(#5975,#5976,#5977,#5978));
#862=EDGE_LOOP('',(#5979,#5980,#5981,#5982));
#863=EDGE_LOOP('',(#5983,#5984,#5985,#5986));
#864=EDGE_LOOP('',(#5987,#5988,#5989,#5990));
#865=EDGE_LOOP('',(#5991,#5992,#5993,#5994));
#866=EDGE_LOOP('',(#5995,#5996,#5997,#5998));
#867=EDGE_LOOP('',(#5999,#6000,#6001,#6002));
#868=EDGE_LOOP('',(#6003,#6004,#6005,#6006));
#869=EDGE_LOOP('',(#6007,#6008,#6009,#6010));
#870=EDGE_LOOP('',(#6011,#6012,#6013,#6014));
#871=EDGE_LOOP('',(#6015,#6016,#6017,#6018));
#872=EDGE_LOOP('',(#6019,#6020,#6021,#6022));
#873=EDGE_LOOP('',(#6023,#6024,#6025,#6026));
#874=EDGE_LOOP('',(#6027,#6028,#6029,#6030));
#875=EDGE_LOOP('',(#6031,#6032,#6033,#6034,#6035,#6036));
#876=EDGE_LOOP('',(#6037,#6038,#6039,#6040,#6041,#6042,#6043,#6044));
#877=EDGE_LOOP('',(#6045,#6046,#6047,#6048));
#878=EDGE_LOOP('',(#6049,#6050,#6051,#6052));
#879=EDGE_LOOP('',(#6053,#6054,#6055,#6056));
#880=EDGE_LOOP('',(#6057,#6058,#6059,#6060));
#881=EDGE_LOOP('',(#6061,#6062,#6063,#6064));
#882=EDGE_LOOP('',(#6065,#6066,#6067,#6068));
#883=EDGE_LOOP('',(#6069,#6070,#6071,#6072));
#884=EDGE_LOOP('',(#6073,#6074,#6075,#6076));
#885=EDGE_LOOP('',(#6077,#6078,#6079,#6080,#6081,#6082,#6083,#6084,#6085,
#6086,#6087,#6088,#6089,#6090,#6091,#6092,#6093,#6094,#6095,#6096,#6097,
#6098,#6099,#6100));
#886=EDGE_LOOP('',(#6101,#6102,#6103,#6104));
#887=EDGE_LOOP('',(#6105,#6106,#6107,#6108));
#888=EDGE_LOOP('',(#6109,#6110,#6111,#6112));
#889=EDGE_LOOP('',(#6113,#6114,#6115,#6116));
#890=EDGE_LOOP('',(#6117,#6118,#6119,#6120));
#891=EDGE_LOOP('',(#6121,#6122,#6123,#6124));
#892=EDGE_LOOP('',(#6125,#6126,#6127,#6128));
#893=EDGE_LOOP('',(#6129,#6130,#6131,#6132));
#894=EDGE_LOOP('',(#6133,#6134,#6135,#6136));
#895=EDGE_LOOP('',(#6137,#6138,#6139,#6140));
#896=EDGE_LOOP('',(#6141,#6142,#6143,#6144));
#897=EDGE_LOOP('',(#6145,#6146,#6147,#6148));
#898=EDGE_LOOP('',(#6149,#6150,#6151,#6152));
#899=EDGE_LOOP('',(#6153,#6154,#6155,#6156,#6157,#6158,#6159,#6160,#6161,
#6162));
#900=EDGE_LOOP('',(#6163,#6164,#6165,#6166));
#901=EDGE_LOOP('',(#6167,#6168,#6169,#6170));
#902=EDGE_LOOP('',(#6171,#6172,#6173,#6174));
#903=EDGE_LOOP('',(#6175,#6176,#6177,#6178));
#904=EDGE_LOOP('',(#6179,#6180,#6181,#6182));
#905=EDGE_LOOP('',(#6183,#6184,#6185,#6186));
#906=LINE('',#9010,#1827);
#907=LINE('',#9012,#1828);
#908=LINE('',#9014,#1829);
#909=LINE('',#9015,#1830);
#910=LINE('',#9018,#1831);
#911=LINE('',#9020,#1832);
#912=LINE('',#9021,#1833);
#913=LINE('',#9024,#1834);
#914=LINE('',#9026,#1835);
#915=LINE('',#9027,#1836);
#916=LINE('',#9029,#1837);
#917=LINE('',#9030,#1838);
#918=LINE('',#9035,#1839);
#919=LINE('',#9037,#1840);
#920=LINE('',#9039,#1841);
#921=LINE('',#9040,#1842);
#922=LINE('',#9043,#1843);
#923=LINE('',#9045,#1844);
#924=LINE('',#9046,#1845);
#925=LINE('',#9049,#1846);
#926=LINE('',#9050,#1847);
#927=LINE('',#9053,#1848);
#928=LINE('',#9054,#1849);
#929=LINE('',#9057,#1850);
#930=LINE('',#9059,#1851);
#931=LINE('',#9061,#1852);
#932=LINE('',#9063,#1853);
#933=LINE('',#9065,#1854);
#934=LINE('',#9067,#1855);
#935=LINE('',#9069,#1856);
#936=LINE('',#9071,#1857);
#937=LINE('',#9073,#1858);
#938=LINE('',#9075,#1859);
#939=LINE('',#9077,#1860);
#940=LINE('',#9079,#1861);
#941=LINE('',#9081,#1862);
#942=LINE('',#9083,#1863);
#943=LINE('',#9085,#1864);
#944=LINE('',#9087,#1865);
#945=LINE('',#9089,#1866);
#946=LINE('',#9091,#1867);
#947=LINE('',#9093,#1868);
#948=LINE('',#9095,#1869);
#949=LINE('',#9097,#1870);
#950=LINE('',#9099,#1871);
#951=LINE('',#9101,#1872);
#952=LINE('',#9103,#1873);
#953=LINE('',#9105,#1874);
#954=LINE('',#9107,#1875);
#955=LINE('',#9109,#1876);
#956=LINE('',#9111,#1877);
#957=LINE('',#9113,#1878);
#958=LINE('',#9115,#1879);
#959=LINE('',#9117,#1880);
#960=LINE('',#9119,#1881);
#961=LINE('',#9121,#1882);
#962=LINE('',#9123,#1883);
#963=LINE('',#9125,#1884);
#964=LINE('',#9127,#1885);
#965=LINE('',#9129,#1886);
#966=LINE('',#9131,#1887);
#967=LINE('',#9133,#1888);
#968=LINE('',#9135,#1889);
#969=LINE('',#9136,#1890);
#970=LINE('',#9139,#1891);
#971=LINE('',#9141,#1892);
#972=LINE('',#9143,#1893);
#973=LINE('',#9144,#1894);
#974=LINE('',#9147,#1895);
#975=LINE('',#9149,#1896);
#976=LINE('',#9151,#1897);
#977=LINE('',#9152,#1898);
#978=LINE('',#9155,#1899);
#979=LINE('',#9157,#1900);
#980=LINE('',#9159,#1901);
#981=LINE('',#9160,#1902);
#982=LINE('',#9163,#1903);
#983=LINE('',#9165,#1904);
#984=LINE('',#9167,#1905);
#985=LINE('',#9168,#1906);
#986=LINE('',#9171,#1907);
#987=LINE('',#9173,#1908);
#988=LINE('',#9175,#1909);
#989=LINE('',#9176,#1910);
#990=LINE('',#9179,#1911);
#991=LINE('',#9181,#1912);
#992=LINE('',#9182,#1913);
#993=LINE('',#9185,#1914);
#994=LINE('',#9186,#1915);
#995=LINE('',#9189,#1916);
#996=LINE('',#9190,#1917);
#997=LINE('',#9192,#1918);
#998=LINE('',#9196,#1919);
#999=LINE('',#9198,#1920);
#1000=LINE('',#9200,#1921);
#1001=LINE('',#9201,#1922);
#1002=LINE('',#9204,#1923);
#1003=LINE('',#9205,#1924);
#1004=LINE('',#9208,#1925);
#1005=LINE('',#9210,#1926);
#1006=LINE('',#9211,#1927);
#1007=LINE('',#9213,#1928);
#1008=LINE('',#9214,#1929);
#1009=LINE('',#9218,#1930);
#1010=LINE('',#9220,#1931);
#1011=LINE('',#9221,#1932);
#1012=LINE('',#9223,#1933);
#1013=LINE('',#9225,#1934);
#1014=LINE('',#9226,#1935);
#1015=LINE('',#9228,#1936);
#1016=LINE('',#9230,#1937);
#1017=LINE('',#9231,#1938);
#1018=LINE('',#9233,#1939);
#1019=LINE('',#9235,#1940);
#1020=LINE('',#9236,#1941);
#1021=LINE('',#9238,#1942);
#1022=LINE('',#9240,#1943);
#1023=LINE('',#9241,#1944);
#1024=LINE('',#9245,#1945);
#1025=LINE('',#9247,#1946);
#1026=LINE('',#9249,#1947);
#1027=LINE('',#9250,#1948);
#1028=LINE('',#9252,#1949);
#1029=LINE('',#9253,#1950);
#1030=LINE('',#9255,#1951);
#1031=LINE('',#9257,#1952);
#1032=LINE('',#9260,#1953);
#1033=LINE('',#9262,#1954);
#1034=LINE('',#9263,#1955);
#1035=LINE('',#9266,#1956);
#1036=LINE('',#9267,#1957);
#1037=LINE('',#9270,#1958);
#1038=LINE('',#9271,#1959);
#1039=LINE('',#9273,#1960);
#1040=LINE('',#9277,#1961);
#1041=LINE('',#9279,#1962);
#1042=LINE('',#9280,#1963);
#1043=LINE('',#9283,#1964);
#1044=LINE('',#9284,#1965);
#1045=LINE('',#9287,#1966);
#1046=LINE('',#9288,#1967);
#1047=LINE('',#9290,#1968);
#1048=LINE('',#9295,#1969);
#1049=LINE('',#9297,#1970);
#1050=LINE('',#9299,#1971);
#1051=LINE('',#9300,#1972);
#1052=LINE('',#9302,#1973);
#1053=LINE('',#9303,#1974);
#1054=LINE('',#9305,#1975);
#1055=LINE('',#9307,#1976);
#1056=LINE('',#9310,#1977);
#1057=LINE('',#9312,#1978);
#1058=LINE('',#9313,#1979);
#1059=LINE('',#9316,#1980);
#1060=LINE('',#9317,#1981);
#1061=LINE('',#9320,#1982);
#1062=LINE('',#9321,#1983);
#1063=LINE('',#9323,#1984);
#1064=LINE('',#9327,#1985);
#1065=LINE('',#9329,#1986);
#1066=LINE('',#9330,#1987);
#1067=LINE('',#9333,#1988);
#1068=LINE('',#9334,#1989);
#1069=LINE('',#9337,#1990);
#1070=LINE('',#9338,#1991);
#1071=LINE('',#9340,#1992);
#1072=LINE('',#9345,#1993);
#1073=LINE('',#9347,#1994);
#1074=LINE('',#9349,#1995);
#1075=LINE('',#9350,#1996);
#1076=LINE('',#9352,#1997);
#1077=LINE('',#9353,#1998);
#1078=LINE('',#9355,#1999);
#1079=LINE('',#9357,#2000);
#1080=LINE('',#9361,#2001);
#1081=LINE('',#9363,#2002);
#1082=LINE('',#9365,#2003);
#1083=LINE('',#9366,#2004);
#1084=LINE('',#9368,#2005);
#1085=LINE('',#9369,#2006);
#1086=LINE('',#9371,#2007);
#1087=LINE('',#9373,#2008);
#1088=LINE('',#9376,#2009);
#1089=LINE('',#9378,#2010);
#1090=LINE('',#9379,#2011);
#1091=LINE('',#9382,#2012);
#1092=LINE('',#9383,#2013);
#1093=LINE('',#9386,#2014);
#1094=LINE('',#9387,#2015);
#1095=LINE('',#9389,#2016);
#1096=LINE('',#9393,#2017);
#1097=LINE('',#9395,#2018);
#1098=LINE('',#9396,#2019);
#1099=LINE('',#9399,#2020);
#1100=LINE('',#9400,#2021);
#1101=LINE('',#9403,#2022);
#1102=LINE('',#9404,#2023);
#1103=LINE('',#9406,#2024);
#1104=LINE('',#9410,#2025);
#1105=LINE('',#9412,#2026);
#1106=LINE('',#9413,#2027);
#1107=LINE('',#9416,#2028);
#1108=LINE('',#9417,#2029);
#1109=LINE('',#9420,#2030);
#1110=LINE('',#9421,#2031);
#1111=LINE('',#9423,#2032);
#1112=LINE('',#9474,#2033);
#1113=LINE('',#9476,#2034);
#1114=LINE('',#9511,#2035);
#1115=LINE('',#9513,#2036);
#1116=LINE('',#9514,#2037);
#1117=LINE('',#9553,#2038);
#1118=LINE('',#9556,#2039);
#1119=LINE('',#9604,#2040);
#1120=LINE('',#9607,#2041);
#1121=LINE('',#9609,#2042);
#1122=LINE('',#9610,#2043);
#1123=LINE('',#9611,#2044);
#1124=LINE('',#9613,#2045);
#1125=LINE('',#9616,#2046);
#1126=LINE('',#9618,#2047);
#1127=LINE('',#9619,#2048);
#1128=LINE('',#9622,#2049);
#1129=LINE('',#9624,#2050);
#1130=LINE('',#9626,#2051);
#1131=LINE('',#9627,#2052);
#1132=LINE('',#9629,#2053);
#1133=LINE('',#9630,#2054);
#1134=LINE('',#9633,#2055);
#1135=LINE('',#9635,#2056);
#1136=LINE('',#9637,#2057);
#1137=LINE('',#9639,#2058);
#1138=LINE('',#9640,#2059);
#1139=LINE('',#9643,#2060);
#1140=LINE('',#9645,#2061);
#1141=LINE('',#9646,#2062);
#1142=LINE('',#9649,#2063);
#1143=LINE('',#9650,#2064);
#1144=LINE('',#9653,#2065);
#1145=LINE('',#9654,#2066);
#1146=LINE('',#9656,#2067);
#1147=LINE('',#9659,#2068);
#1148=LINE('',#9661,#2069);
#1149=LINE('',#9662,#2070);
#1150=LINE('',#9665,#2071);
#1151=LINE('',#9667,#2072);
#1152=LINE('',#9669,#2073);
#1153=LINE('',#9670,#2074);
#1154=LINE('',#9673,#2075);
#1155=LINE('',#9674,#2076);
#1156=LINE('',#9676,#2077);
#1157=LINE('',#9679,#2078);
#1158=LINE('',#9680,#2079);
#1159=LINE('',#9683,#2080);
#1160=LINE('',#9685,#2081);
#1161=LINE('',#9687,#2082);
#1162=LINE('',#9688,#2083);
#1163=LINE('',#9692,#2084);
#1164=LINE('',#9694,#2085);
#1165=LINE('',#9696,#2086);
#1166=LINE('',#9697,#2087);
#1167=LINE('',#9699,#2088);
#1168=LINE('',#9700,#2089);
#1169=LINE('',#9704,#2090);
#1170=LINE('',#9706,#2091);
#1171=LINE('',#9708,#2092);
#1172=LINE('',#9709,#2093);
#1173=LINE('',#9711,#2094);
#1174=LINE('',#9713,#2095);
#1175=LINE('',#9715,#2096);
#1176=LINE('',#9717,#2097);
#1177=LINE('',#9719,#2098);
#1178=LINE('',#9721,#2099);
#1179=LINE('',#9723,#2100);
#1180=LINE('',#9725,#2101);
#1181=LINE('',#9727,#2102);
#1182=LINE('',#9729,#2103);
#1183=LINE('',#9731,#2104);
#1184=LINE('',#9733,#2105);
#1185=LINE('',#9735,#2106);
#1186=LINE('',#9737,#2107);
#1187=LINE('',#9739,#2108);
#1188=LINE('',#9741,#2109);
#1189=LINE('',#9743,#2110);
#1190=LINE('',#9744,#2111);
#1191=LINE('',#9746,#2112);
#1192=LINE('',#9749,#2113);
#1193=LINE('',#9751,#2114);
#1194=LINE('',#9753,#2115);
#1195=LINE('',#9754,#2116);
#1196=LINE('',#9757,#2117);
#1197=LINE('',#9759,#2118);
#1198=LINE('',#9761,#2119);
#1199=LINE('',#9762,#2120);
#1200=LINE('',#9765,#2121);
#1201=LINE('',#9767,#2122);
#1202=LINE('',#9769,#2123);
#1203=LINE('',#9770,#2124);
#1204=LINE('',#9773,#2125);
#1205=LINE('',#9775,#2126);
#1206=LINE('',#9777,#2127);
#1207=LINE('',#9778,#2128);
#1208=LINE('',#9781,#2129);
#1209=LINE('',#9783,#2130);
#1210=LINE('',#9785,#2131);
#1211=LINE('',#9786,#2132);
#1212=LINE('',#9789,#2133);
#1213=LINE('',#9791,#2134);
#1214=LINE('',#9793,#2135);
#1215=LINE('',#9794,#2136);
#1216=LINE('',#9797,#2137);
#1217=LINE('',#9799,#2138);
#1218=LINE('',#9801,#2139);
#1219=LINE('',#9802,#2140);
#1220=LINE('',#9805,#2141);
#1221=LINE('',#9807,#2142);
#1222=LINE('',#9809,#2143);
#1223=LINE('',#9810,#2144);
#1224=LINE('',#9813,#2145);
#1225=LINE('',#9815,#2146);
#1226=LINE('',#9817,#2147);
#1227=LINE('',#9818,#2148);
#1228=LINE('',#9821,#2149);
#1229=LINE('',#9823,#2150);
#1230=LINE('',#9824,#2151);
#1231=LINE('',#9827,#2152);
#1232=LINE('',#9828,#2153);
#1233=LINE('',#9830,#2154);
#1234=LINE('',#9831,#2155);
#1235=LINE('',#9836,#2156);
#1236=LINE('',#9838,#2157);
#1237=LINE('',#9840,#2158);
#1238=LINE('',#9841,#2159);
#1239=LINE('',#9844,#2160);
#1240=LINE('',#9846,#2161);
#1241=LINE('',#9847,#2162);
#1242=LINE('',#9850,#2163);
#1243=LINE('',#9852,#2164);
#1244=LINE('',#9853,#2165);
#1245=LINE('',#9855,#2166);
#1246=LINE('',#9856,#2167);
#1247=LINE('',#9861,#2168);
#1248=LINE('',#9863,#2169);
#1249=LINE('',#9865,#2170);
#1250=LINE('',#9866,#2171);
#1251=LINE('',#9869,#2172);
#1252=LINE('',#9871,#2173);
#1253=LINE('',#9872,#2174);
#1254=LINE('',#9875,#2175);
#1255=LINE('',#9877,#2176);
#1256=LINE('',#9878,#2177);
#1257=LINE('',#9880,#2178);
#1258=LINE('',#9881,#2179);
#1259=LINE('',#9886,#2180);
#1260=LINE('',#9888,#2181);
#1261=LINE('',#9890,#2182);
#1262=LINE('',#9891,#2183);
#1263=LINE('',#9894,#2184);
#1264=LINE('',#9896,#2185);
#1265=LINE('',#9897,#2186);
#1266=LINE('',#9900,#2187);
#1267=LINE('',#9902,#2188);
#1268=LINE('',#9903,#2189);
#1269=LINE('',#9905,#2190);
#1270=LINE('',#9906,#2191);
#1271=LINE('',#9911,#2192);
#1272=LINE('',#9913,#2193);
#1273=LINE('',#9915,#2194);
#1274=LINE('',#9916,#2195);
#1275=LINE('',#9919,#2196);
#1276=LINE('',#9921,#2197);
#1277=LINE('',#9922,#2198);
#1278=LINE('',#9925,#2199);
#1279=LINE('',#9927,#2200);
#1280=LINE('',#9928,#2201);
#1281=LINE('',#9930,#2202);
#1282=LINE('',#9931,#2203);
#1283=LINE('',#9936,#2204);
#1284=LINE('',#9938,#2205);
#1285=LINE('',#9940,#2206);
#1286=LINE('',#9941,#2207);
#1287=LINE('',#9944,#2208);
#1288=LINE('',#9946,#2209);
#1289=LINE('',#9947,#2210);
#1290=LINE('',#9950,#2211);
#1291=LINE('',#9952,#2212);
#1292=LINE('',#9953,#2213);
#1293=LINE('',#9955,#2214);
#1294=LINE('',#9956,#2215);
#1295=LINE('',#9961,#2216);
#1296=LINE('',#9963,#2217);
#1297=LINE('',#9965,#2218);
#1298=LINE('',#9966,#2219);
#1299=LINE('',#9969,#2220);
#1300=LINE('',#9971,#2221);
#1301=LINE('',#9972,#2222);
#1302=LINE('',#9975,#2223);
#1303=LINE('',#9977,#2224);
#1304=LINE('',#9978,#2225);
#1305=LINE('',#9980,#2226);
#1306=LINE('',#9981,#2227);
#1307=LINE('',#9985,#2228);
#1308=LINE('',#9987,#2229);
#1309=LINE('',#9988,#2230);
#1310=LINE('',#9991,#2231);
#1311=LINE('',#9992,#2232);
#1312=LINE('',#9995,#2233);
#1313=LINE('',#9996,#2234);
#1314=LINE('',#9998,#2235);
#1315=LINE('',#10002,#2236);
#1316=LINE('',#10004,#2237);
#1317=LINE('',#10006,#2238);
#1318=LINE('',#10007,#2239);
#1319=LINE('',#10010,#2240);
#1320=LINE('',#10012,#2241);
#1321=LINE('',#10013,#2242);
#1322=LINE('',#10016,#2243);
#1323=LINE('',#10017,#2244);
#1324=LINE('',#10019,#2245);
#1325=LINE('',#10020,#2246);
#1326=LINE('',#10025,#2247);
#1327=LINE('',#10027,#2248);
#1328=LINE('',#10029,#2249);
#1329=LINE('',#10030,#2250);
#1330=LINE('',#10033,#2251);
#1331=LINE('',#10035,#2252);
#1332=LINE('',#10036,#2253);
#1333=LINE('',#10039,#2254);
#1334=LINE('',#10041,#2255);
#1335=LINE('',#10042,#2256);
#1336=LINE('',#10044,#2257);
#1337=LINE('',#10045,#2258);
#1338=LINE('',#10050,#2259);
#1339=LINE('',#10052,#2260);
#1340=LINE('',#10054,#2261);
#1341=LINE('',#10055,#2262);
#1342=LINE('',#10058,#2263);
#1343=LINE('',#10060,#2264);
#1344=LINE('',#10061,#2265);
#1345=LINE('',#10064,#2266);
#1346=LINE('',#10066,#2267);
#1347=LINE('',#10067,#2268);
#1348=LINE('',#10069,#2269);
#1349=LINE('',#10070,#2270);
#1350=LINE('',#10075,#2271);
#1351=LINE('',#10077,#2272);
#1352=LINE('',#10079,#2273);
#1353=LINE('',#10080,#2274);
#1354=LINE('',#10083,#2275);
#1355=LINE('',#10085,#2276);
#1356=LINE('',#10086,#2277);
#1357=LINE('',#10089,#2278);
#1358=LINE('',#10091,#2279);
#1359=LINE('',#10092,#2280);
#1360=LINE('',#10094,#2281);
#1361=LINE('',#10095,#2282);
#1362=LINE('',#10100,#2283);
#1363=LINE('',#10102,#2284);
#1364=LINE('',#10104,#2285);
#1365=LINE('',#10105,#2286);
#1366=LINE('',#10108,#2287);
#1367=LINE('',#10110,#2288);
#1368=LINE('',#10111,#2289);
#1369=LINE('',#10114,#2290);
#1370=LINE('',#10116,#2291);
#1371=LINE('',#10117,#2292);
#1372=LINE('',#10119,#2293);
#1373=LINE('',#10120,#2294);
#1374=LINE('',#10125,#2295);
#1375=LINE('',#10127,#2296);
#1376=LINE('',#10129,#2297);
#1377=LINE('',#10130,#2298);
#1378=LINE('',#10133,#2299);
#1379=LINE('',#10135,#2300);
#1380=LINE('',#10136,#2301);
#1381=LINE('',#10139,#2302);
#1382=LINE('',#10141,#2303);
#1383=LINE('',#10142,#2304);
#1384=LINE('',#10144,#2305);
#1385=LINE('',#10145,#2306);
#1386=LINE('',#10149,#2307);
#1387=LINE('',#10151,#2308);
#1388=LINE('',#10153,#2309);
#1389=LINE('',#10154,#2310);
#1390=LINE('',#10157,#2311);
#1391=LINE('',#10159,#2312);
#1392=LINE('',#10160,#2313);
#1393=LINE('',#10163,#2314);
#1394=LINE('',#10164,#2315);
#1395=LINE('',#10166,#2316);
#1396=LINE('',#10167,#2317);
#1397=LINE('',#10172,#2318);
#1398=LINE('',#10174,#2319);
#1399=LINE('',#10176,#2320);
#1400=LINE('',#10177,#2321);
#1401=LINE('',#10180,#2322);
#1402=LINE('',#10182,#2323);
#1403=LINE('',#10183,#2324);
#1404=LINE('',#10186,#2325);
#1405=LINE('',#10188,#2326);
#1406=LINE('',#10189,#2327);
#1407=LINE('',#10191,#2328);
#1408=LINE('',#10192,#2329);
#1409=LINE('',#10197,#2330);
#1410=LINE('',#10199,#2331);
#1411=LINE('',#10201,#2332);
#1412=LINE('',#10202,#2333);
#1413=LINE('',#10205,#2334);
#1414=LINE('',#10207,#2335);
#1415=LINE('',#10208,#2336);
#1416=LINE('',#10211,#2337);
#1417=LINE('',#10213,#2338);
#1418=LINE('',#10214,#2339);
#1419=LINE('',#10216,#2340);
#1420=LINE('',#10217,#2341);
#1421=LINE('',#10222,#2342);
#1422=LINE('',#10224,#2343);
#1423=LINE('',#10226,#2344);
#1424=LINE('',#10227,#2345);
#1425=LINE('',#10230,#2346);
#1426=LINE('',#10232,#2347);
#1427=LINE('',#10233,#2348);
#1428=LINE('',#10236,#2349);
#1429=LINE('',#10238,#2350);
#1430=LINE('',#10239,#2351);
#1431=LINE('',#10241,#2352);
#1432=LINE('',#10242,#2353);
#1433=LINE('',#10247,#2354);
#1434=LINE('',#10249,#2355);
#1435=LINE('',#10251,#2356);
#1436=LINE('',#10252,#2357);
#1437=LINE('',#10255,#2358);
#1438=LINE('',#10257,#2359);
#1439=LINE('',#10258,#2360);
#1440=LINE('',#10261,#2361);
#1441=LINE('',#10263,#2362);
#1442=LINE('',#10264,#2363);
#1443=LINE('',#10266,#2364);
#1444=LINE('',#10267,#2365);
#1445=LINE('',#10271,#2366);
#1446=LINE('',#10273,#2367);
#1447=LINE('',#10275,#2368);
#1448=LINE('',#10276,#2369);
#1449=LINE('',#10279,#2370);
#1450=LINE('',#10281,#2371);
#1451=LINE('',#10282,#2372);
#1452=LINE('',#10285,#2373);
#1453=LINE('',#10286,#2374);
#1454=LINE('',#10288,#2375);
#1455=LINE('',#10289,#2376);
#1456=LINE('',#10294,#2377);
#1457=LINE('',#10296,#2378);
#1458=LINE('',#10298,#2379);
#1459=LINE('',#10299,#2380);
#1460=LINE('',#10302,#2381);
#1461=LINE('',#10304,#2382);
#1462=LINE('',#10305,#2383);
#1463=LINE('',#10308,#2384);
#1464=LINE('',#10310,#2385);
#1465=LINE('',#10311,#2386);
#1466=LINE('',#10313,#2387);
#1467=LINE('',#10314,#2388);
#1468=LINE('',#10319,#2389);
#1469=LINE('',#10321,#2390);
#1470=LINE('',#10323,#2391);
#1471=LINE('',#10324,#2392);
#1472=LINE('',#10327,#2393);
#1473=LINE('',#10329,#2394);
#1474=LINE('',#10330,#2395);
#1475=LINE('',#10333,#2396);
#1476=LINE('',#10335,#2397);
#1477=LINE('',#10336,#2398);
#1478=LINE('',#10338,#2399);
#1479=LINE('',#10339,#2400);
#1480=LINE('',#10344,#2401);
#1481=LINE('',#10346,#2402);
#1482=LINE('',#10348,#2403);
#1483=LINE('',#10349,#2404);
#1484=LINE('',#10352,#2405);
#1485=LINE('',#10354,#2406);
#1486=LINE('',#10355,#2407);
#1487=LINE('',#10358,#2408);
#1488=LINE('',#10360,#2409);
#1489=LINE('',#10361,#2410);
#1490=LINE('',#10363,#2411);
#1491=LINE('',#10364,#2412);
#1492=LINE('',#10368,#2413);
#1493=LINE('',#10370,#2414);
#1494=LINE('',#10372,#2415);
#1495=LINE('',#10373,#2416);
#1496=LINE('',#10376,#2417);
#1497=LINE('',#10378,#2418);
#1498=LINE('',#10379,#2419);
#1499=LINE('',#10382,#2420);
#1500=LINE('',#10383,#2421);
#1501=LINE('',#10385,#2422);
#1502=LINE('',#10386,#2423);
#1503=LINE('',#10391,#2424);
#1504=LINE('',#10393,#2425);
#1505=LINE('',#10395,#2426);
#1506=LINE('',#10396,#2427);
#1507=LINE('',#10399,#2428);
#1508=LINE('',#10401,#2429);
#1509=LINE('',#10402,#2430);
#1510=LINE('',#10405,#2431);
#1511=LINE('',#10407,#2432);
#1512=LINE('',#10408,#2433);
#1513=LINE('',#10410,#2434);
#1514=LINE('',#10411,#2435);
#1515=LINE('',#10416,#2436);
#1516=LINE('',#10418,#2437);
#1517=LINE('',#10420,#2438);
#1518=LINE('',#10421,#2439);
#1519=LINE('',#10424,#2440);
#1520=LINE('',#10426,#2441);
#1521=LINE('',#10427,#2442);
#1522=LINE('',#10430,#2443);
#1523=LINE('',#10432,#2444);
#1524=LINE('',#10433,#2445);
#1525=LINE('',#10435,#2446);
#1526=LINE('',#10436,#2447);
#1527=LINE('',#10441,#2448);
#1528=LINE('',#10443,#2449);
#1529=LINE('',#10445,#2450);
#1530=LINE('',#10446,#2451);
#1531=LINE('',#10449,#2452);
#1532=LINE('',#10451,#2453);
#1533=LINE('',#10452,#2454);
#1534=LINE('',#10455,#2455);
#1535=LINE('',#10457,#2456);
#1536=LINE('',#10458,#2457);
#1537=LINE('',#10460,#2458);
#1538=LINE('',#10461,#2459);
#1539=LINE('',#10466,#2460);
#1540=LINE('',#10468,#2461);
#1541=LINE('',#10470,#2462);
#1542=LINE('',#10471,#2463);
#1543=LINE('',#10474,#2464);
#1544=LINE('',#10476,#2465);
#1545=LINE('',#10477,#2466);
#1546=LINE('',#10480,#2467);
#1547=LINE('',#10482,#2468);
#1548=LINE('',#10483,#2469);
#1549=LINE('',#10485,#2470);
#1550=LINE('',#10486,#2471);
#1551=LINE('',#10490,#2472);
#1552=LINE('',#10492,#2473);
#1553=LINE('',#10493,#2474);
#1554=LINE('',#10496,#2475);
#1555=LINE('',#10497,#2476);
#1556=LINE('',#10500,#2477);
#1557=LINE('',#10501,#2478);
#1558=LINE('',#10503,#2479);
#1559=LINE('',#10507,#2480);
#1560=LINE('',#10509,#2481);
#1561=LINE('',#10511,#2482);
#1562=LINE('',#10512,#2483);
#1563=LINE('',#10515,#2484);
#1564=LINE('',#10517,#2485);
#1565=LINE('',#10518,#2486);
#1566=LINE('',#10521,#2487);
#1567=LINE('',#10522,#2488);
#1568=LINE('',#10524,#2489);
#1569=LINE('',#10525,#2490);
#1570=LINE('',#10530,#2491);
#1571=LINE('',#10532,#2492);
#1572=LINE('',#10534,#2493);
#1573=LINE('',#10535,#2494);
#1574=LINE('',#10538,#2495);
#1575=LINE('',#10540,#2496);
#1576=LINE('',#10541,#2497);
#1577=LINE('',#10544,#2498);
#1578=LINE('',#10546,#2499);
#1579=LINE('',#10547,#2500);
#1580=LINE('',#10549,#2501);
#1581=LINE('',#10550,#2502);
#1582=LINE('',#10555,#2503);
#1583=LINE('',#10557,#2504);
#1584=LINE('',#10559,#2505);
#1585=LINE('',#10560,#2506);
#1586=LINE('',#10563,#2507);
#1587=LINE('',#10565,#2508);
#1588=LINE('',#10566,#2509);
#1589=LINE('',#10569,#2510);
#1590=LINE('',#10571,#2511);
#1591=LINE('',#10572,#2512);
#1592=LINE('',#10574,#2513);
#1593=LINE('',#10575,#2514);
#1594=LINE('',#10579,#2515);
#1595=LINE('',#10581,#2516);
#1596=LINE('',#10582,#2517);
#1597=LINE('',#10585,#2518);
#1598=LINE('',#10586,#2519);
#1599=LINE('',#10589,#2520);
#1600=LINE('',#10590,#2521);
#1601=LINE('',#10592,#2522);
#1602=LINE('',#10596,#2523);
#1603=LINE('',#10598,#2524);
#1604=LINE('',#10599,#2525);
#1605=LINE('',#10602,#2526);
#1606=LINE('',#10603,#2527);
#1607=LINE('',#10606,#2528);
#1608=LINE('',#10607,#2529);
#1609=LINE('',#10609,#2530);
#1610=LINE('',#10613,#2531);
#1611=LINE('',#10615,#2532);
#1612=LINE('',#10616,#2533);
#1613=LINE('',#10619,#2534);
#1614=LINE('',#10620,#2535);
#1615=LINE('',#10623,#2536);
#1616=LINE('',#10624,#2537);
#1617=LINE('',#10626,#2538);
#1618=LINE('',#10631,#2539);
#1619=LINE('',#10633,#2540);
#1620=LINE('',#10635,#2541);
#1621=LINE('',#10636,#2542);
#1622=LINE('',#10639,#2543);
#1623=LINE('',#10641,#2544);
#1624=LINE('',#10642,#2545);
#1625=LINE('',#10645,#2546);
#1626=LINE('',#10647,#2547);
#1627=LINE('',#10648,#2548);
#1628=LINE('',#10650,#2549);
#1629=LINE('',#10651,#2550);
#1630=LINE('',#10655,#2551);
#1631=LINE('',#10657,#2552);
#1632=LINE('',#10658,#2553);
#1633=LINE('',#10661,#2554);
#1634=LINE('',#10662,#2555);
#1635=LINE('',#10665,#2556);
#1636=LINE('',#10666,#2557);
#1637=LINE('',#10668,#2558);
#1638=LINE('',#10671,#2559);
#1639=LINE('',#10673,#2560);
#1640=LINE('',#10674,#2561);
#1641=LINE('',#10677,#2562);
#1642=LINE('',#10678,#2563);
#1643=LINE('',#10681,#2564);
#1644=LINE('',#10682,#2565);
#1645=LINE('',#10684,#2566);
#1646=LINE('',#10689,#2567);
#1647=LINE('',#10691,#2568);
#1648=LINE('',#10692,#2569);
#1649=LINE('',#10695,#2570);
#1650=LINE('',#10696,#2571);
#1651=LINE('',#10699,#2572);
#1652=LINE('',#10700,#2573);
#1653=LINE('',#10702,#2574);
#1654=LINE('',#10707,#2575);
#1655=LINE('',#10709,#2576);
#1656=LINE('',#10711,#2577);
#1657=LINE('',#10712,#2578);
#1658=LINE('',#10715,#2579);
#1659=LINE('',#10717,#2580);
#1660=LINE('',#10718,#2581);
#1661=LINE('',#10721,#2582);
#1662=LINE('',#10723,#2583);
#1663=LINE('',#10724,#2584);
#1664=LINE('',#10726,#2585);
#1665=LINE('',#10727,#2586);
#1666=LINE('',#10732,#2587);
#1667=LINE('',#10734,#2588);
#1668=LINE('',#10736,#2589);
#1669=LINE('',#10737,#2590);
#1670=LINE('',#10740,#2591);
#1671=LINE('',#10742,#2592);
#1672=LINE('',#10743,#2593);
#1673=LINE('',#10746,#2594);
#1674=LINE('',#10748,#2595);
#1675=LINE('',#10749,#2596);
#1676=LINE('',#10751,#2597);
#1677=LINE('',#10752,#2598);
#1678=LINE('',#10757,#2599);
#1679=LINE('',#10759,#2600);
#1680=LINE('',#10761,#2601);
#1681=LINE('',#10762,#2602);
#1682=LINE('',#10765,#2603);
#1683=LINE('',#10767,#2604);
#1684=LINE('',#10768,#2605);
#1685=LINE('',#10771,#2606);
#1686=LINE('',#10773,#2607);
#1687=LINE('',#10774,#2608);
#1688=LINE('',#10776,#2609);
#1689=LINE('',#10777,#2610);
#1690=LINE('',#10782,#2611);
#1691=LINE('',#10784,#2612);
#1692=LINE('',#10786,#2613);
#1693=LINE('',#10787,#2614);
#1694=LINE('',#10790,#2615);
#1695=LINE('',#10792,#2616);
#1696=LINE('',#10793,#2617);
#1697=LINE('',#10796,#2618);
#1698=LINE('',#10798,#2619);
#1699=LINE('',#10799,#2620);
#1700=LINE('',#10801,#2621);
#1701=LINE('',#10802,#2622);
#1702=LINE('',#10807,#2623);
#1703=LINE('',#10809,#2624);
#1704=LINE('',#10811,#2625);
#1705=LINE('',#10812,#2626);
#1706=LINE('',#10815,#2627);
#1707=LINE('',#10817,#2628);
#1708=LINE('',#10818,#2629);
#1709=LINE('',#10821,#2630);
#1710=LINE('',#10823,#2631);
#1711=LINE('',#10824,#2632);
#1712=LINE('',#10826,#2633);
#1713=LINE('',#10827,#2634);
#1714=LINE('',#10832,#2635);
#1715=LINE('',#10834,#2636);
#1716=LINE('',#10836,#2637);
#1717=LINE('',#10837,#2638);
#1718=LINE('',#10840,#2639);
#1719=LINE('',#10842,#2640);
#1720=LINE('',#10843,#2641);
#1721=LINE('',#10846,#2642);
#1722=LINE('',#10848,#2643);
#1723=LINE('',#10849,#2644);
#1724=LINE('',#10851,#2645);
#1725=LINE('',#10852,#2646);
#1726=LINE('',#10857,#2647);
#1727=LINE('',#10859,#2648);
#1728=LINE('',#10861,#2649);
#1729=LINE('',#10862,#2650);
#1730=LINE('',#10865,#2651);
#1731=LINE('',#10867,#2652);
#1732=LINE('',#10868,#2653);
#1733=LINE('',#10871,#2654);
#1734=LINE('',#10873,#2655);
#1735=LINE('',#10874,#2656);
#1736=LINE('',#10876,#2657);
#1737=LINE('',#10877,#2658);
#1738=LINE('',#10882,#2659);
#1739=LINE('',#10884,#2660);
#1740=LINE('',#10886,#2661);
#1741=LINE('',#10887,#2662);
#1742=LINE('',#10890,#2663);
#1743=LINE('',#10892,#2664);
#1744=LINE('',#10893,#2665);
#1745=LINE('',#10896,#2666);
#1746=LINE('',#10898,#2667);
#1747=LINE('',#10899,#2668);
#1748=LINE('',#10901,#2669);
#1749=LINE('',#10902,#2670);
#1750=LINE('',#10907,#2671);
#1751=LINE('',#10909,#2672);
#1752=LINE('',#10911,#2673);
#1753=LINE('',#10912,#2674);
#1754=LINE('',#10915,#2675);
#1755=LINE('',#10917,#2676);
#1756=LINE('',#10918,#2677);
#1757=LINE('',#10921,#2678);
#1758=LINE('',#10923,#2679);
#1759=LINE('',#10924,#2680);
#1760=LINE('',#10926,#2681);
#1761=LINE('',#10927,#2682);
#1762=LINE('',#10932,#2683);
#1763=LINE('',#10934,#2684);
#1764=LINE('',#10936,#2685);
#1765=LINE('',#10937,#2686);
#1766=LINE('',#10940,#2687);
#1767=LINE('',#10942,#2688);
#1768=LINE('',#10943,#2689);
#1769=LINE('',#10946,#2690);
#1770=LINE('',#10948,#2691);
#1771=LINE('',#10949,#2692);
#1772=LINE('',#10951,#2693);
#1773=LINE('',#10952,#2694);
#1774=LINE('',#10956,#2695);
#1775=LINE('',#10957,#2696);
#1776=LINE('',#10961,#2697);
#1777=LINE('',#10963,#2698);
#1778=LINE('',#10965,#2699);
#1779=LINE('',#10966,#2700);
#1780=LINE('',#10969,#2701);
#1781=LINE('',#10971,#2702);
#1782=LINE('',#10972,#2703);
#1783=LINE('',#10975,#2704);
#1784=LINE('',#10977,#2705);
#1785=LINE('',#10978,#2706);
#1786=LINE('',#10981,#2707);
#1787=LINE('',#10982,#2708);
#1788=LINE('',#10986,#2709);
#1789=LINE('',#10988,#2710);
#1790=LINE('',#10990,#2711);
#1791=LINE('',#10991,#2712);
#1792=LINE('',#10994,#2713);
#1793=LINE('',#10996,#2714);
#1794=LINE('',#10997,#2715);
#1795=LINE('',#11000,#2716);
#1796=LINE('',#11002,#2717);
#1797=LINE('',#11004,#2718);
#1798=LINE('',#11005,#2719);
#1799=LINE('',#11007,#2720);
#1800=LINE('',#11009,#2721);
#1801=LINE('',#11011,#2722);
#1802=LINE('',#11015,#2723);
#1803=LINE('',#11016,#2724);
#1804=LINE('',#11019,#2725);
#1805=LINE('',#11021,#2726);
#1806=LINE('',#11022,#2727);
#1807=LINE('',#11024,#2728);
#1808=LINE('',#11028,#2729);
#1809=LINE('',#11030,#2730);
#1810=LINE('',#11032,#2731);
#1811=LINE('',#11033,#2732);
#1812=LINE('',#11036,#2733);
#1813=LINE('',#11038,#2734);
#1814=LINE('',#11039,#2735);
#1815=LINE('',#11041,#2736);
#1816=LINE('',#11042,#2737);
#1817=LINE('',#11043,#2738);
#1818=LINE('',#11045,#2739);
#1819=LINE('',#11047,#2740);
#1820=LINE('',#11048,#2741);
#1821=LINE('',#11051,#2742);
#1822=LINE('',#11053,#2743);
#1823=LINE('',#11055,#2744);
#1824=LINE('',#11057,#2745);
#1825=LINE('',#11060,#2746);
#1826=LINE('',#11062,#2747);
#1827=VECTOR('',#7323,2.5);
#1828=VECTOR('',#7324,2.5);
#1829=VECTOR('',#7325,2.5);
#1830=VECTOR('',#7326,2.5);
#1831=VECTOR('',#7329,2.5);
#1832=VECTOR('',#7330,2.5);
#1833=VECTOR('',#7331,2.5);
#1834=VECTOR('',#7334,2.5);
#1835=VECTOR('',#7335,2.5);
#1836=VECTOR('',#7336,2.5);
#1837=VECTOR('',#7339,2.5);
#1838=VECTOR('',#7340,2.5);
#1839=VECTOR('',#7345,2.5);
#1840=VECTOR('',#7346,2.5);
#1841=VECTOR('',#7347,2.5);
#1842=VECTOR('',#7348,2.5);
#1843=VECTOR('',#7351,2.5);
#1844=VECTOR('',#7352,2.5);
#1845=VECTOR('',#7353,2.5);
#1846=VECTOR('',#7356,2.5);
#1847=VECTOR('',#7357,2.5);
#1848=VECTOR('',#7360,2.5);
#1849=VECTOR('',#7361,2.5);
#1850=VECTOR('',#7364,2.5);
#1851=VECTOR('',#7365,2.5);
#1852=VECTOR('',#7366,2.5);
#1853=VECTOR('',#7367,2.5);
#1854=VECTOR('',#7368,2.5);
#1855=VECTOR('',#7369,2.5);
#1856=VECTOR('',#7370,2.5);
#1857=VECTOR('',#7371,2.5);
#1858=VECTOR('',#7372,2.5);
#1859=VECTOR('',#7373,2.5);
#1860=VECTOR('',#7374,2.5);
#1861=VECTOR('',#7375,2.5);
#1862=VECTOR('',#7376,2.5);
#1863=VECTOR('',#7377,2.5);
#1864=VECTOR('',#7378,2.5);
#1865=VECTOR('',#7379,2.5);
#1866=VECTOR('',#7380,2.5);
#1867=VECTOR('',#7381,2.5);
#1868=VECTOR('',#7382,2.5);
#1869=VECTOR('',#7383,2.5);
#1870=VECTOR('',#7384,2.5);
#1871=VECTOR('',#7385,2.5);
#1872=VECTOR('',#7386,2.5);
#1873=VECTOR('',#7387,2.5);
#1874=VECTOR('',#7388,2.5);
#1875=VECTOR('',#7389,2.5);
#1876=VECTOR('',#7390,2.5);
#1877=VECTOR('',#7391,2.5);
#1878=VECTOR('',#7392,2.5);
#1879=VECTOR('',#7393,2.5);
#1880=VECTOR('',#7394,2.5);
#1881=VECTOR('',#7395,2.5);
#1882=VECTOR('',#7396,2.5);
#1883=VECTOR('',#7397,2.5);
#1884=VECTOR('',#7398,2.5);
#1885=VECTOR('',#7399,2.5);
#1886=VECTOR('',#7400,2.5);
#1887=VECTOR('',#7401,2.5);
#1888=VECTOR('',#7402,2.5);
#1889=VECTOR('',#7403,2.5);
#1890=VECTOR('',#7404,2.5);
#1891=VECTOR('',#7405,2.5);
#1892=VECTOR('',#7406,2.5);
#1893=VECTOR('',#7407,2.5);
#1894=VECTOR('',#7408,2.5);
#1895=VECTOR('',#7409,2.5);
#1896=VECTOR('',#7410,2.5);
#1897=VECTOR('',#7411,2.5);
#1898=VECTOR('',#7412,2.5);
#1899=VECTOR('',#7413,2.5);
#1900=VECTOR('',#7414,2.5);
#1901=VECTOR('',#7415,2.5);
#1902=VECTOR('',#7416,2.5);
#1903=VECTOR('',#7417,2.5);
#1904=VECTOR('',#7418,2.5);
#1905=VECTOR('',#7419,2.5);
#1906=VECTOR('',#7420,2.5);
#1907=VECTOR('',#7421,2.5);
#1908=VECTOR('',#7422,2.5);
#1909=VECTOR('',#7423,2.5);
#1910=VECTOR('',#7424,2.5);
#1911=VECTOR('',#7427,2.5);
#1912=VECTOR('',#7428,2.5);
#1913=VECTOR('',#7429,2.5);
#1914=VECTOR('',#7432,2.5);
#1915=VECTOR('',#7433,2.5);
#1916=VECTOR('',#7436,2.5);
#1917=VECTOR('',#7437,2.5);
#1918=VECTOR('',#7440,2.5);
#1919=VECTOR('',#7445,2.5);
#1920=VECTOR('',#7446,2.5);
#1921=VECTOR('',#7447,2.5);
#1922=VECTOR('',#7448,2.5);
#1923=VECTOR('',#7451,2.5);
#1924=VECTOR('',#7452,2.5);
#1925=VECTOR('',#7455,2.5);
#1926=VECTOR('',#7456,2.5);
#1927=VECTOR('',#7457,2.5);
#1928=VECTOR('',#7460,2.5);
#1929=VECTOR('',#7461,2.5);
#1930=VECTOR('',#7466,2.5);
#1931=VECTOR('',#7467,2.5);
#1932=VECTOR('',#7468,2.5);
#1933=VECTOR('',#7469,2.5);
#1934=VECTOR('',#7470,2.5);
#1935=VECTOR('',#7471,2.5);
#1936=VECTOR('',#7472,2.5);
#1937=VECTOR('',#7473,2.5);
#1938=VECTOR('',#7474,2.5);
#1939=VECTOR('',#7475,2.5);
#1940=VECTOR('',#7476,2.5);
#1941=VECTOR('',#7477,2.5);
#1942=VECTOR('',#7478,2.5);
#1943=VECTOR('',#7479,2.5);
#1944=VECTOR('',#7480,2.5);
#1945=VECTOR('',#7483,2.5);
#1946=VECTOR('',#7484,2.5);
#1947=VECTOR('',#7485,2.5);
#1948=VECTOR('',#7486,2.5);
#1949=VECTOR('',#7489,2.5);
#1950=VECTOR('',#7490,2.5);
#1951=VECTOR('',#7493,2.5);
#1952=VECTOR('',#7496,2.5);
#1953=VECTOR('',#7499,2.5);
#1954=VECTOR('',#7500,2.5);
#1955=VECTOR('',#7501,2.5);
#1956=VECTOR('',#7504,2.5);
#1957=VECTOR('',#7505,2.5);
#1958=VECTOR('',#7508,2.5);
#1959=VECTOR('',#7509,2.5);
#1960=VECTOR('',#7512,2.5);
#1961=VECTOR('',#7517,2.5);
#1962=VECTOR('',#7518,2.5);
#1963=VECTOR('',#7519,2.5);
#1964=VECTOR('',#7522,2.5);
#1965=VECTOR('',#7523,2.5);
#1966=VECTOR('',#7526,2.5);
#1967=VECTOR('',#7527,2.5);
#1968=VECTOR('',#7530,2.5);
#1969=VECTOR('',#7535,2.5);
#1970=VECTOR('',#7536,2.5);
#1971=VECTOR('',#7537,2.5);
#1972=VECTOR('',#7538,2.5);
#1973=VECTOR('',#7541,2.5);
#1974=VECTOR('',#7542,2.5);
#1975=VECTOR('',#7545,2.5);
#1976=VECTOR('',#7548,2.5);
#1977=VECTOR('',#7551,2.5);
#1978=VECTOR('',#7552,2.5);
#1979=VECTOR('',#7553,2.5);
#1980=VECTOR('',#7556,2.5);
#1981=VECTOR('',#7557,2.5);
#1982=VECTOR('',#7560,2.5);
#1983=VECTOR('',#7561,2.5);
#1984=VECTOR('',#7564,2.5);
#1985=VECTOR('',#7569,2.5);
#1986=VECTOR('',#7570,2.5);
#1987=VECTOR('',#7571,2.5);
#1988=VECTOR('',#7574,2.5);
#1989=VECTOR('',#7575,2.5);
#1990=VECTOR('',#7578,2.5);
#1991=VECTOR('',#7579,2.5);
#1992=VECTOR('',#7582,2.5);
#1993=VECTOR('',#7587,2.5);
#1994=VECTOR('',#7588,2.5);
#1995=VECTOR('',#7589,2.5);
#1996=VECTOR('',#7590,2.5);
#1997=VECTOR('',#7593,2.5);
#1998=VECTOR('',#7594,2.5);
#1999=VECTOR('',#7597,2.5);
#2000=VECTOR('',#7600,2.5);
#2001=VECTOR('',#7603,2.5);
#2002=VECTOR('',#7604,2.5);
#2003=VECTOR('',#7605,2.5);
#2004=VECTOR('',#7606,2.5);
#2005=VECTOR('',#7609,2.5);
#2006=VECTOR('',#7610,2.5);
#2007=VECTOR('',#7613,2.5);
#2008=VECTOR('',#7616,2.5);
#2009=VECTOR('',#7619,2.5);
#2010=VECTOR('',#7620,2.5);
#2011=VECTOR('',#7621,2.5);
#2012=VECTOR('',#7624,2.5);
#2013=VECTOR('',#7625,2.5);
#2014=VECTOR('',#7628,2.5);
#2015=VECTOR('',#7629,2.5);
#2016=VECTOR('',#7632,2.5);
#2017=VECTOR('',#7637,2.5);
#2018=VECTOR('',#7638,2.5);
#2019=VECTOR('',#7639,2.5);
#2020=VECTOR('',#7642,2.5);
#2021=VECTOR('',#7643,2.5);
#2022=VECTOR('',#7646,2.5);
#2023=VECTOR('',#7647,2.5);
#2024=VECTOR('',#7650,2.5);
#2025=VECTOR('',#7655,2.5);
#2026=VECTOR('',#7656,2.5);
#2027=VECTOR('',#7657,2.5);
#2028=VECTOR('',#7660,2.5);
#2029=VECTOR('',#7661,2.5);
#2030=VECTOR('',#7664,2.5);
#2031=VECTOR('',#7665,2.5);
#2032=VECTOR('',#7668,2.5);
#2033=VECTOR('',#7681,2.5);
#2034=VECTOR('',#7682,2.5);
#2035=VECTOR('',#7689,2.5);
#2036=VECTOR('',#7690,2.5);
#2037=VECTOR('',#7691,2.5);
#2038=VECTOR('',#7700,2.5);
#2039=VECTOR('',#7703,2.5);
#2040=VECTOR('',#7712,2.5);
#2041=VECTOR('',#7715,2.5);
#2042=VECTOR('',#7718,2.5);
#2043=VECTOR('',#7719,2.5);
#2044=VECTOR('',#7720,2.5);
#2045=VECTOR('',#7723,2.5);
#2046=VECTOR('',#7726,2.5);
#2047=VECTOR('',#7727,2.5);
#2048=VECTOR('',#7728,2.5);
#2049=VECTOR('',#7729,2.5);
#2050=VECTOR('',#7730,2.5);
#2051=VECTOR('',#7731,2.5);
#2052=VECTOR('',#7732,2.5);
#2053=VECTOR('',#7733,2.5);
#2054=VECTOR('',#7734,2.5);
#2055=VECTOR('',#7737,2.5);
#2056=VECTOR('',#7738,2.5);
#2057=VECTOR('',#7739,2.5);
#2058=VECTOR('',#7740,2.5);
#2059=VECTOR('',#7741,2.5);
#2060=VECTOR('',#7744,2.5);
#2061=VECTOR('',#7745,2.5);
#2062=VECTOR('',#7746,2.5);
#2063=VECTOR('',#7749,2.5);
#2064=VECTOR('',#7750,2.5);
#2065=VECTOR('',#7753,2.5);
#2066=VECTOR('',#7754,2.5);
#2067=VECTOR('',#7757,2.5);
#2068=VECTOR('',#7760,2.5);
#2069=VECTOR('',#7761,2.5);
#2070=VECTOR('',#7762,2.5);
#2071=VECTOR('',#7765,2.5);
#2072=VECTOR('',#7766,2.5);
#2073=VECTOR('',#7767,2.5);
#2074=VECTOR('',#7768,2.5);
#2075=VECTOR('',#7771,2.5);
#2076=VECTOR('',#7772,2.5);
#2077=VECTOR('',#7775,2.5);
#2078=VECTOR('',#7778,2.5);
#2079=VECTOR('',#7779,2.5);
#2080=VECTOR('',#7782,2.5);
#2081=VECTOR('',#7783,2.5);
#2082=VECTOR('',#7784,2.5);
#2083=VECTOR('',#7785,2.5);
#2084=VECTOR('',#7788,2.5);
#2085=VECTOR('',#7789,2.5);
#2086=VECTOR('',#7790,2.5);
#2087=VECTOR('',#7791,2.5);
#2088=VECTOR('',#7792,2.5);
#2089=VECTOR('',#7793,2.5);
#2090=VECTOR('',#7796,2.5);
#2091=VECTOR('',#7797,2.5);
#2092=VECTOR('',#7798,2.5);
#2093=VECTOR('',#7799,2.5);
#2094=VECTOR('',#7800,2.5);
#2095=VECTOR('',#7801,2.5);
#2096=VECTOR('',#7802,2.5);
#2097=VECTOR('',#7803,2.5);
#2098=VECTOR('',#7804,2.5);
#2099=VECTOR('',#7805,2.5);
#2100=VECTOR('',#7806,2.5);
#2101=VECTOR('',#7807,2.5);
#2102=VECTOR('',#7808,2.5);
#2103=VECTOR('',#7809,2.5);
#2104=VECTOR('',#7810,2.5);
#2105=VECTOR('',#7811,2.5);
#2106=VECTOR('',#7812,2.5);
#2107=VECTOR('',#7813,2.5);
#2108=VECTOR('',#7814,2.5);
#2109=VECTOR('',#7815,2.5);
#2110=VECTOR('',#7816,2.5);
#2111=VECTOR('',#7817,2.5);
#2112=VECTOR('',#7820,2.5);
#2113=VECTOR('',#7823,2.5);
#2114=VECTOR('',#7824,2.5);
#2115=VECTOR('',#7825,2.5);
#2116=VECTOR('',#7826,2.5);
#2117=VECTOR('',#7827,2.5);
#2118=VECTOR('',#7828,2.5);
#2119=VECTOR('',#7829,2.5);
#2120=VECTOR('',#7830,2.5);
#2121=VECTOR('',#7831,2.5);
#2122=VECTOR('',#7832,2.5);
#2123=VECTOR('',#7833,2.5);
#2124=VECTOR('',#7834,2.5);
#2125=VECTOR('',#7835,2.5);
#2126=VECTOR('',#7836,2.5);
#2127=VECTOR('',#7837,2.5);
#2128=VECTOR('',#7838,2.5);
#2129=VECTOR('',#7839,2.5);
#2130=VECTOR('',#7840,2.5);
#2131=VECTOR('',#7841,2.5);
#2132=VECTOR('',#7842,2.5);
#2133=VECTOR('',#7843,2.5);
#2134=VECTOR('',#7844,2.5);
#2135=VECTOR('',#7845,2.5);
#2136=VECTOR('',#7846,2.5);
#2137=VECTOR('',#7847,2.5);
#2138=VECTOR('',#7848,2.5);
#2139=VECTOR('',#7849,2.5);
#2140=VECTOR('',#7850,2.5);
#2141=VECTOR('',#7851,2.5);
#2142=VECTOR('',#7852,2.5);
#2143=VECTOR('',#7853,2.5);
#2144=VECTOR('',#7854,2.5);
#2145=VECTOR('',#7857,2.5);
#2146=VECTOR('',#7858,2.5);
#2147=VECTOR('',#7859,2.5);
#2148=VECTOR('',#7860,2.5);
#2149=VECTOR('',#7863,2.5);
#2150=VECTOR('',#7864,2.5);
#2151=VECTOR('',#7865,2.5);
#2152=VECTOR('',#7868,2.5);
#2153=VECTOR('',#7869,2.5);
#2154=VECTOR('',#7872,2.5);
#2155=VECTOR('',#7873,2.5);
#2156=VECTOR('',#7878,2.5);
#2157=VECTOR('',#7879,2.5);
#2158=VECTOR('',#7880,2.5);
#2159=VECTOR('',#7881,2.5);
#2160=VECTOR('',#7884,2.5);
#2161=VECTOR('',#7885,2.5);
#2162=VECTOR('',#7886,2.5);
#2163=VECTOR('',#7889,2.5);
#2164=VECTOR('',#7890,2.5);
#2165=VECTOR('',#7891,2.5);
#2166=VECTOR('',#7894,2.5);
#2167=VECTOR('',#7895,2.5);
#2168=VECTOR('',#7900,2.5);
#2169=VECTOR('',#7901,2.5);
#2170=VECTOR('',#7902,2.5);
#2171=VECTOR('',#7903,2.5);
#2172=VECTOR('',#7906,2.5);
#2173=VECTOR('',#7907,2.5);
#2174=VECTOR('',#7908,2.5);
#2175=VECTOR('',#7911,2.5);
#2176=VECTOR('',#7912,2.5);
#2177=VECTOR('',#7913,2.5);
#2178=VECTOR('',#7916,2.5);
#2179=VECTOR('',#7917,2.5);
#2180=VECTOR('',#7922,2.5);
#2181=VECTOR('',#7923,2.5);
#2182=VECTOR('',#7924,2.5);
#2183=VECTOR('',#7925,2.5);
#2184=VECTOR('',#7928,2.5);
#2185=VECTOR('',#7929,2.5);
#2186=VECTOR('',#7930,2.5);
#2187=VECTOR('',#7933,2.5);
#2188=VECTOR('',#7934,2.5);
#2189=VECTOR('',#7935,2.5);
#2190=VECTOR('',#7938,2.5);
#2191=VECTOR('',#7939,2.5);
#2192=VECTOR('',#7944,2.5);
#2193=VECTOR('',#7945,2.5);
#2194=VECTOR('',#7946,2.5);
#2195=VECTOR('',#7947,2.5);
#2196=VECTOR('',#7950,2.5);
#2197=VECTOR('',#7951,2.5);
#2198=VECTOR('',#7952,2.5);
#2199=VECTOR('',#7955,2.5);
#2200=VECTOR('',#7956,2.5);
#2201=VECTOR('',#7957,2.5);
#2202=VECTOR('',#7960,2.5);
#2203=VECTOR('',#7961,2.5);
#2204=VECTOR('',#7966,2.5);
#2205=VECTOR('',#7967,2.5);
#2206=VECTOR('',#7968,2.5);
#2207=VECTOR('',#7969,2.5);
#2208=VECTOR('',#7972,2.5);
#2209=VECTOR('',#7973,2.5);
#2210=VECTOR('',#7974,2.5);
#2211=VECTOR('',#7977,2.5);
#2212=VECTOR('',#7978,2.5);
#2213=VECTOR('',#7979,2.5);
#2214=VECTOR('',#7982,2.5);
#2215=VECTOR('',#7983,2.5);
#2216=VECTOR('',#7988,2.5);
#2217=VECTOR('',#7989,2.5);
#2218=VECTOR('',#7990,2.5);
#2219=VECTOR('',#7991,2.5);
#2220=VECTOR('',#7994,2.5);
#2221=VECTOR('',#7995,2.5);
#2222=VECTOR('',#7996,2.5);
#2223=VECTOR('',#7999,2.5);
#2224=VECTOR('',#8000,2.5);
#2225=VECTOR('',#8001,2.5);
#2226=VECTOR('',#8004,2.5);
#2227=VECTOR('',#8005,2.5);
#2228=VECTOR('',#8010,2.5);
#2229=VECTOR('',#8011,2.5);
#2230=VECTOR('',#8012,2.5);
#2231=VECTOR('',#8015,2.5);
#2232=VECTOR('',#8016,2.5);
#2233=VECTOR('',#8019,2.5);
#2234=VECTOR('',#8020,2.5);
#2235=VECTOR('',#8023,2.5);
#2236=VECTOR('',#8028,2.5);
#2237=VECTOR('',#8029,2.5);
#2238=VECTOR('',#8030,2.5);
#2239=VECTOR('',#8031,2.5);
#2240=VECTOR('',#8034,2.5);
#2241=VECTOR('',#8035,2.5);
#2242=VECTOR('',#8036,2.5);
#2243=VECTOR('',#8039,2.5);
#2244=VECTOR('',#8040,2.5);
#2245=VECTOR('',#8043,2.5);
#2246=VECTOR('',#8044,2.5);
#2247=VECTOR('',#8049,2.5);
#2248=VECTOR('',#8050,2.5);
#2249=VECTOR('',#8051,2.5);
#2250=VECTOR('',#8052,2.5);
#2251=VECTOR('',#8055,2.5);
#2252=VECTOR('',#8056,2.5);
#2253=VECTOR('',#8057,2.5);
#2254=VECTOR('',#8060,2.5);
#2255=VECTOR('',#8061,2.5);
#2256=VECTOR('',#8062,2.5);
#2257=VECTOR('',#8065,2.5);
#2258=VECTOR('',#8066,2.5);
#2259=VECTOR('',#8071,2.5);
#2260=VECTOR('',#8072,2.5);
#2261=VECTOR('',#8073,2.5);
#2262=VECTOR('',#8074,2.5);
#2263=VECTOR('',#8077,2.5);
#2264=VECTOR('',#8078,2.5);
#2265=VECTOR('',#8079,2.5);
#2266=VECTOR('',#8082,2.5);
#2267=VECTOR('',#8083,2.5);
#2268=VECTOR('',#8084,2.5);
#2269=VECTOR('',#8087,2.5);
#2270=VECTOR('',#8088,2.5);
#2271=VECTOR('',#8093,2.5);
#2272=VECTOR('',#8094,2.5);
#2273=VECTOR('',#8095,2.5);
#2274=VECTOR('',#8096,2.5);
#2275=VECTOR('',#8099,2.5);
#2276=VECTOR('',#8100,2.5);
#2277=VECTOR('',#8101,2.5);
#2278=VECTOR('',#8104,2.5);
#2279=VECTOR('',#8105,2.5);
#2280=VECTOR('',#8106,2.5);
#2281=VECTOR('',#8109,2.5);
#2282=VECTOR('',#8110,2.5);
#2283=VECTOR('',#8115,2.5);
#2284=VECTOR('',#8116,2.5);
#2285=VECTOR('',#8117,2.5);
#2286=VECTOR('',#8118,2.5);
#2287=VECTOR('',#8121,2.5);
#2288=VECTOR('',#8122,2.5);
#2289=VECTOR('',#8123,2.5);
#2290=VECTOR('',#8126,2.5);
#2291=VECTOR('',#8127,2.5);
#2292=VECTOR('',#8128,2.5);
#2293=VECTOR('',#8131,2.5);
#2294=VECTOR('',#8132,2.5);
#2295=VECTOR('',#8137,2.5);
#2296=VECTOR('',#8138,2.5);
#2297=VECTOR('',#8139,2.5);
#2298=VECTOR('',#8140,2.5);
#2299=VECTOR('',#8143,2.5);
#2300=VECTOR('',#8144,2.5);
#2301=VECTOR('',#8145,2.5);
#2302=VECTOR('',#8148,2.5);
#2303=VECTOR('',#8149,2.5);
#2304=VECTOR('',#8150,2.5);
#2305=VECTOR('',#8153,2.5);
#2306=VECTOR('',#8154,2.5);
#2307=VECTOR('',#8159,2.5);
#2308=VECTOR('',#8160,2.5);
#2309=VECTOR('',#8161,2.5);
#2310=VECTOR('',#8162,2.5);
#2311=VECTOR('',#8165,2.5);
#2312=VECTOR('',#8166,2.5);
#2313=VECTOR('',#8167,2.5);
#2314=VECTOR('',#8170,2.5);
#2315=VECTOR('',#8171,2.5);
#2316=VECTOR('',#8174,2.5);
#2317=VECTOR('',#8175,2.5);
#2318=VECTOR('',#8180,2.5);
#2319=VECTOR('',#8181,2.5);
#2320=VECTOR('',#8182,2.5);
#2321=VECTOR('',#8183,2.5);
#2322=VECTOR('',#8186,2.5);
#2323=VECTOR('',#8187,2.5);
#2324=VECTOR('',#8188,2.5);
#2325=VECTOR('',#8191,2.5);
#2326=VECTOR('',#8192,2.5);
#2327=VECTOR('',#8193,2.5);
#2328=VECTOR('',#8196,2.5);
#2329=VECTOR('',#8197,2.5);
#2330=VECTOR('',#8202,2.5);
#2331=VECTOR('',#8203,2.5);
#2332=VECTOR('',#8204,2.5);
#2333=VECTOR('',#8205,2.5);
#2334=VECTOR('',#8208,2.5);
#2335=VECTOR('',#8209,2.5);
#2336=VECTOR('',#8210,2.5);
#2337=VECTOR('',#8213,2.5);
#2338=VECTOR('',#8214,2.5);
#2339=VECTOR('',#8215,2.5);
#2340=VECTOR('',#8218,2.5);
#2341=VECTOR('',#8219,2.5);
#2342=VECTOR('',#8224,2.5);
#2343=VECTOR('',#8225,2.5);
#2344=VECTOR('',#8226,2.5);
#2345=VECTOR('',#8227,2.5);
#2346=VECTOR('',#8230,2.5);
#2347=VECTOR('',#8231,2.5);
#2348=VECTOR('',#8232,2.5);
#2349=VECTOR('',#8235,2.5);
#2350=VECTOR('',#8236,2.5);
#2351=VECTOR('',#8237,2.5);
#2352=VECTOR('',#8240,2.5);
#2353=VECTOR('',#8241,2.5);
#2354=VECTOR('',#8246,2.5);
#2355=VECTOR('',#8247,2.5);
#2356=VECTOR('',#8248,2.5);
#2357=VECTOR('',#8249,2.5);
#2358=VECTOR('',#8252,2.5);
#2359=VECTOR('',#8253,2.5);
#2360=VECTOR('',#8254,2.5);
#2361=VECTOR('',#8257,2.5);
#2362=VECTOR('',#8258,2.5);
#2363=VECTOR('',#8259,2.5);
#2364=VECTOR('',#8262,2.5);
#2365=VECTOR('',#8263,2.5);
#2366=VECTOR('',#8268,2.5);
#2367=VECTOR('',#8269,2.5);
#2368=VECTOR('',#8270,2.5);
#2369=VECTOR('',#8271,2.5);
#2370=VECTOR('',#8274,2.5);
#2371=VECTOR('',#8275,2.5);
#2372=VECTOR('',#8276,2.5);
#2373=VECTOR('',#8279,2.5);
#2374=VECTOR('',#8280,2.5);
#2375=VECTOR('',#8283,2.5);
#2376=VECTOR('',#8284,2.5);
#2377=VECTOR('',#8289,2.5);
#2378=VECTOR('',#8290,2.5);
#2379=VECTOR('',#8291,2.5);
#2380=VECTOR('',#8292,2.5);
#2381=VECTOR('',#8295,2.5);
#2382=VECTOR('',#8296,2.5);
#2383=VECTOR('',#8297,2.5);
#2384=VECTOR('',#8300,2.5);
#2385=VECTOR('',#8301,2.5);
#2386=VECTOR('',#8302,2.5);
#2387=VECTOR('',#8305,2.5);
#2388=VECTOR('',#8306,2.5);
#2389=VECTOR('',#8311,2.5);
#2390=VECTOR('',#8312,2.5);
#2391=VECTOR('',#8313,2.5);
#2392=VECTOR('',#8314,2.5);
#2393=VECTOR('',#8317,2.5);
#2394=VECTOR('',#8318,2.5);
#2395=VECTOR('',#8319,2.5);
#2396=VECTOR('',#8322,2.5);
#2397=VECTOR('',#8323,2.5);
#2398=VECTOR('',#8324,2.5);
#2399=VECTOR('',#8327,2.5);
#2400=VECTOR('',#8328,2.5);
#2401=VECTOR('',#8333,2.5);
#2402=VECTOR('',#8334,2.5);
#2403=VECTOR('',#8335,2.5);
#2404=VECTOR('',#8336,2.5);
#2405=VECTOR('',#8339,2.5);
#2406=VECTOR('',#8340,2.5);
#2407=VECTOR('',#8341,2.5);
#2408=VECTOR('',#8344,2.5);
#2409=VECTOR('',#8345,2.5);
#2410=VECTOR('',#8346,2.5);
#2411=VECTOR('',#8349,2.5);
#2412=VECTOR('',#8350,2.5);
#2413=VECTOR('',#8355,2.5);
#2414=VECTOR('',#8356,2.5);
#2415=VECTOR('',#8357,2.5);
#2416=VECTOR('',#8358,2.5);
#2417=VECTOR('',#8361,2.5);
#2418=VECTOR('',#8362,2.5);
#2419=VECTOR('',#8363,2.5);
#2420=VECTOR('',#8366,2.5);
#2421=VECTOR('',#8367,2.5);
#2422=VECTOR('',#8370,2.5);
#2423=VECTOR('',#8371,2.5);
#2424=VECTOR('',#8376,2.5);
#2425=VECTOR('',#8377,2.5);
#2426=VECTOR('',#8378,2.5);
#2427=VECTOR('',#8379,2.5);
#2428=VECTOR('',#8382,2.5);
#2429=VECTOR('',#8383,2.5);
#2430=VECTOR('',#8384,2.5);
#2431=VECTOR('',#8387,2.5);
#2432=VECTOR('',#8388,2.5);
#2433=VECTOR('',#8389,2.5);
#2434=VECTOR('',#8392,2.5);
#2435=VECTOR('',#8393,2.5);
#2436=VECTOR('',#8398,2.5);
#2437=VECTOR('',#8399,2.5);
#2438=VECTOR('',#8400,2.5);
#2439=VECTOR('',#8401,2.5);
#2440=VECTOR('',#8404,2.5);
#2441=VECTOR('',#8405,2.5);
#2442=VECTOR('',#8406,2.5);
#2443=VECTOR('',#8409,2.5);
#2444=VECTOR('',#8410,2.5);
#2445=VECTOR('',#8411,2.5);
#2446=VECTOR('',#8414,2.5);
#2447=VECTOR('',#8415,2.5);
#2448=VECTOR('',#8420,2.5);
#2449=VECTOR('',#8421,2.5);
#2450=VECTOR('',#8422,2.5);
#2451=VECTOR('',#8423,2.5);
#2452=VECTOR('',#8426,2.5);
#2453=VECTOR('',#8427,2.5);
#2454=VECTOR('',#8428,2.5);
#2455=VECTOR('',#8431,2.5);
#2456=VECTOR('',#8432,2.5);
#2457=VECTOR('',#8433,2.5);
#2458=VECTOR('',#8436,2.5);
#2459=VECTOR('',#8437,2.5);
#2460=VECTOR('',#8442,2.5);
#2461=VECTOR('',#8443,2.5);
#2462=VECTOR('',#8444,2.5);
#2463=VECTOR('',#8445,2.5);
#2464=VECTOR('',#8448,2.5);
#2465=VECTOR('',#8449,2.5);
#2466=VECTOR('',#8450,2.5);
#2467=VECTOR('',#8453,2.5);
#2468=VECTOR('',#8454,2.5);
#2469=VECTOR('',#8455,2.5);
#2470=VECTOR('',#8458,2.5);
#2471=VECTOR('',#8459,2.5);
#2472=VECTOR('',#8464,2.5);
#2473=VECTOR('',#8465,2.5);
#2474=VECTOR('',#8466,2.5);
#2475=VECTOR('',#8469,2.5);
#2476=VECTOR('',#8470,2.5);
#2477=VECTOR('',#8473,2.5);
#2478=VECTOR('',#8474,2.5);
#2479=VECTOR('',#8477,2.5);
#2480=VECTOR('',#8482,2.5);
#2481=VECTOR('',#8483,2.5);
#2482=VECTOR('',#8484,2.5);
#2483=VECTOR('',#8485,2.5);
#2484=VECTOR('',#8488,2.5);
#2485=VECTOR('',#8489,2.5);
#2486=VECTOR('',#8490,2.5);
#2487=VECTOR('',#8493,2.5);
#2488=VECTOR('',#8494,2.5);
#2489=VECTOR('',#8497,2.5);
#2490=VECTOR('',#8498,2.5);
#2491=VECTOR('',#8503,2.5);
#2492=VECTOR('',#8504,2.5);
#2493=VECTOR('',#8505,2.5);
#2494=VECTOR('',#8506,2.5);
#2495=VECTOR('',#8509,2.5);
#2496=VECTOR('',#8510,2.5);
#2497=VECTOR('',#8511,2.5);
#2498=VECTOR('',#8514,2.5);
#2499=VECTOR('',#8515,2.5);
#2500=VECTOR('',#8516,2.5);
#2501=VECTOR('',#8519,2.5);
#2502=VECTOR('',#8520,2.5);
#2503=VECTOR('',#8525,2.5);
#2504=VECTOR('',#8526,2.5);
#2505=VECTOR('',#8527,2.5);
#2506=VECTOR('',#8528,2.5);
#2507=VECTOR('',#8531,2.5);
#2508=VECTOR('',#8532,2.5);
#2509=VECTOR('',#8533,2.5);
#2510=VECTOR('',#8536,2.5);
#2511=VECTOR('',#8537,2.5);
#2512=VECTOR('',#8538,2.5);
#2513=VECTOR('',#8541,2.5);
#2514=VECTOR('',#8542,2.5);
#2515=VECTOR('',#8547,2.5);
#2516=VECTOR('',#8548,2.5);
#2517=VECTOR('',#8549,2.5);
#2518=VECTOR('',#8552,2.5);
#2519=VECTOR('',#8553,2.5);
#2520=VECTOR('',#8556,2.5);
#2521=VECTOR('',#8557,2.5);
#2522=VECTOR('',#8560,2.5);
#2523=VECTOR('',#8565,2.5);
#2524=VECTOR('',#8566,2.5);
#2525=VECTOR('',#8567,2.5);
#2526=VECTOR('',#8570,2.5);
#2527=VECTOR('',#8571,2.5);
#2528=VECTOR('',#8574,2.5);
#2529=VECTOR('',#8575,2.5);
#2530=VECTOR('',#8578,2.5);
#2531=VECTOR('',#8583,2.5);
#2532=VECTOR('',#8584,2.5);
#2533=VECTOR('',#8585,2.5);
#2534=VECTOR('',#8588,2.5);
#2535=VECTOR('',#8589,2.5);
#2536=VECTOR('',#8592,2.5);
#2537=VECTOR('',#8593,2.5);
#2538=VECTOR('',#8596,2.5);
#2539=VECTOR('',#8601,2.5);
#2540=VECTOR('',#8602,2.5);
#2541=VECTOR('',#8603,2.5);
#2542=VECTOR('',#8604,2.5);
#2543=VECTOR('',#8607,2.5);
#2544=VECTOR('',#8608,2.5);
#2545=VECTOR('',#8609,2.5);
#2546=VECTOR('',#8612,2.5);
#2547=VECTOR('',#8613,2.5);
#2548=VECTOR('',#8614,2.5);
#2549=VECTOR('',#8617,2.5);
#2550=VECTOR('',#8618,2.5);
#2551=VECTOR('',#8623,2.5);
#2552=VECTOR('',#8624,2.5);
#2553=VECTOR('',#8625,2.5);
#2554=VECTOR('',#8628,2.5);
#2555=VECTOR('',#8629,2.5);
#2556=VECTOR('',#8632,2.5);
#2557=VECTOR('',#8633,2.5);
#2558=VECTOR('',#8636,2.5);
#2559=VECTOR('',#8639,2.5);
#2560=VECTOR('',#8640,2.5);
#2561=VECTOR('',#8641,2.5);
#2562=VECTOR('',#8644,2.5);
#2563=VECTOR('',#8645,2.5);
#2564=VECTOR('',#8648,2.5);
#2565=VECTOR('',#8649,2.5);
#2566=VECTOR('',#8652,2.5);
#2567=VECTOR('',#8659,2.5);
#2568=VECTOR('',#8660,2.5);
#2569=VECTOR('',#8661,2.5);
#2570=VECTOR('',#8664,2.5);
#2571=VECTOR('',#8665,2.5);
#2572=VECTOR('',#8668,2.5);
#2573=VECTOR('',#8669,2.5);
#2574=VECTOR('',#8672,2.5);
#2575=VECTOR('',#8677,2.5);
#2576=VECTOR('',#8678,2.5);
#2577=VECTOR('',#8679,2.5);
#2578=VECTOR('',#8680,2.5);
#2579=VECTOR('',#8683,2.5);
#2580=VECTOR('',#8684,2.5);
#2581=VECTOR('',#8685,2.5);
#2582=VECTOR('',#8688,2.5);
#2583=VECTOR('',#8689,2.5);
#2584=VECTOR('',#8690,2.5);
#2585=VECTOR('',#8693,2.5);
#2586=VECTOR('',#8694,2.5);
#2587=VECTOR('',#8699,2.5);
#2588=VECTOR('',#8700,2.5);
#2589=VECTOR('',#8701,2.5);
#2590=VECTOR('',#8702,2.5);
#2591=VECTOR('',#8705,2.5);
#2592=VECTOR('',#8706,2.5);
#2593=VECTOR('',#8707,2.5);
#2594=VECTOR('',#8710,2.5);
#2595=VECTOR('',#8711,2.5);
#2596=VECTOR('',#8712,2.5);
#2597=VECTOR('',#8715,2.5);
#2598=VECTOR('',#8716,2.5);
#2599=VECTOR('',#8721,2.5);
#2600=VECTOR('',#8722,2.5);
#2601=VECTOR('',#8723,2.5);
#2602=VECTOR('',#8724,2.5);
#2603=VECTOR('',#8727,2.5);
#2604=VECTOR('',#8728,2.5);
#2605=VECTOR('',#8729,2.5);
#2606=VECTOR('',#8732,2.5);
#2607=VECTOR('',#8733,2.5);
#2608=VECTOR('',#8734,2.5);
#2609=VECTOR('',#8737,2.5);
#2610=VECTOR('',#8738,2.5);
#2611=VECTOR('',#8743,2.5);
#2612=VECTOR('',#8744,2.5);
#2613=VECTOR('',#8745,2.5);
#2614=VECTOR('',#8746,2.5);
#2615=VECTOR('',#8749,2.5);
#2616=VECTOR('',#8750,2.5);
#2617=VECTOR('',#8751,2.5);
#2618=VECTOR('',#8754,2.5);
#2619=VECTOR('',#8755,2.5);
#2620=VECTOR('',#8756,2.5);
#2621=VECTOR('',#8759,2.5);
#2622=VECTOR('',#8760,2.5);
#2623=VECTOR('',#8765,2.5);
#2624=VECTOR('',#8766,2.5);
#2625=VECTOR('',#8767,2.5);
#2626=VECTOR('',#8768,2.5);
#2627=VECTOR('',#8771,2.5);
#2628=VECTOR('',#8772,2.5);
#2629=VECTOR('',#8773,2.5);
#2630=VECTOR('',#8776,2.5);
#2631=VECTOR('',#8777,2.5);
#2632=VECTOR('',#8778,2.5);
#2633=VECTOR('',#8781,2.5);
#2634=VECTOR('',#8782,2.5);
#2635=VECTOR('',#8787,2.5);
#2636=VECTOR('',#8788,2.5);
#2637=VECTOR('',#8789,2.5);
#2638=VECTOR('',#8790,2.5);
#2639=VECTOR('',#8793,2.5);
#2640=VECTOR('',#8794,2.5);
#2641=VECTOR('',#8795,2.5);
#2642=VECTOR('',#8798,2.5);
#2643=VECTOR('',#8799,2.5);
#2644=VECTOR('',#8800,2.5);
#2645=VECTOR('',#8803,2.5);
#2646=VECTOR('',#8804,2.5);
#2647=VECTOR('',#8809,2.5);
#2648=VECTOR('',#8810,2.5);
#2649=VECTOR('',#8811,2.5);
#2650=VECTOR('',#8812,2.5);
#2651=VECTOR('',#8815,2.5);
#2652=VECTOR('',#8816,2.5);
#2653=VECTOR('',#8817,2.5);
#2654=VECTOR('',#8820,2.5);
#2655=VECTOR('',#8821,2.5);
#2656=VECTOR('',#8822,2.5);
#2657=VECTOR('',#8825,2.5);
#2658=VECTOR('',#8826,2.5);
#2659=VECTOR('',#8831,2.5);
#2660=VECTOR('',#8832,2.5);
#2661=VECTOR('',#8833,2.5);
#2662=VECTOR('',#8834,2.5);
#2663=VECTOR('',#8837,2.5);
#2664=VECTOR('',#8838,2.5);
#2665=VECTOR('',#8839,2.5);
#2666=VECTOR('',#8842,2.5);
#2667=VECTOR('',#8843,2.5);
#2668=VECTOR('',#8844,2.5);
#2669=VECTOR('',#8847,2.5);
#2670=VECTOR('',#8848,2.5);
#2671=VECTOR('',#8853,2.5);
#2672=VECTOR('',#8854,2.5);
#2673=VECTOR('',#8855,2.5);
#2674=VECTOR('',#8856,2.5);
#2675=VECTOR('',#8859,2.5);
#2676=VECTOR('',#8860,2.5);
#2677=VECTOR('',#8861,2.5);
#2678=VECTOR('',#8864,2.5);
#2679=VECTOR('',#8865,2.5);
#2680=VECTOR('',#8866,2.5);
#2681=VECTOR('',#8869,2.5);
#2682=VECTOR('',#8870,2.5);
#2683=VECTOR('',#8875,2.5);
#2684=VECTOR('',#8876,2.5);
#2685=VECTOR('',#8877,2.5);
#2686=VECTOR('',#8878,2.5);
#2687=VECTOR('',#8881,2.5);
#2688=VECTOR('',#8882,2.5);
#2689=VECTOR('',#8883,2.5);
#2690=VECTOR('',#8886,2.5);
#2691=VECTOR('',#8887,2.5);
#2692=VECTOR('',#8888,2.5);
#2693=VECTOR('',#8891,2.5);
#2694=VECTOR('',#8892,2.5);
#2695=VECTOR('',#8897,2.5);
#2696=VECTOR('',#8898,2.5);
#2697=VECTOR('',#8901,2.5);
#2698=VECTOR('',#8902,2.5);
#2699=VECTOR('',#8903,2.5);
#2700=VECTOR('',#8904,2.5);
#2701=VECTOR('',#8907,2.5);
#2702=VECTOR('',#8908,2.5);
#2703=VECTOR('',#8909,2.5);
#2704=VECTOR('',#8912,2.5);
#2705=VECTOR('',#8913,2.5);
#2706=VECTOR('',#8914,2.5);
#2707=VECTOR('',#8917,2.5);
#2708=VECTOR('',#8918,2.5);
#2709=VECTOR('',#8921,2.5);
#2710=VECTOR('',#8922,2.5);
#2711=VECTOR('',#8923,2.5);
#2712=VECTOR('',#8924,2.5);
#2713=VECTOR('',#8927,2.5);
#2714=VECTOR('',#8928,2.5);
#2715=VECTOR('',#8929,2.5);
#2716=VECTOR('',#8932,2.5);
#2717=VECTOR('',#8933,2.5);
#2718=VECTOR('',#8934,2.5);
#2719=VECTOR('',#8935,2.5);
#2720=VECTOR('',#8938,2.5);
#2721=VECTOR('',#8941,2.5);
#2722=VECTOR('',#8944,2.5);
#2723=VECTOR('',#8949,2.5);
#2724=VECTOR('',#8950,2.5);
#2725=VECTOR('',#8953,2.5);
#2726=VECTOR('',#8954,2.5);
#2727=VECTOR('',#8955,2.5);
#2728=VECTOR('',#8958,2.5);
#2729=VECTOR('',#8961,2.5);
#2730=VECTOR('',#8962,2.5);
#2731=VECTOR('',#8963,2.5);
#2732=VECTOR('',#8964,2.5);
#2733=VECTOR('',#8967,2.5);
#2734=VECTOR('',#8968,2.5);
#2735=VECTOR('',#8969,2.5);
#2736=VECTOR('',#8972,2.5);
#2737=VECTOR('',#8973,2.5);
#2738=VECTOR('',#8974,2.5);
#2739=VECTOR('',#8975,2.5);
#2740=VECTOR('',#8976,2.5);
#2741=VECTOR('',#8977,2.5);
#2742=VECTOR('',#8982,2.5);
#2743=VECTOR('',#8985,2.5);
#2744=VECTOR('',#8988,2.5);
#2745=VECTOR('',#8991,2.5);
#2746=VECTOR('',#8996,2.5);
#2747=VECTOR('',#8999,2.5);
#2748=VERTEX_POINT('',#9008);
#2749=VERTEX_POINT('',#9009);
#2750=VERTEX_POINT('',#9011);
#2751=VERTEX_POINT('',#9013);
#2752=VERTEX_POINT('',#9017);
#2753=VERTEX_POINT('',#9019);
#2754=VERTEX_POINT('',#9023);
#2755=VERTEX_POINT('',#9025);
#2756=VERTEX_POINT('',#9033);
#2757=VERTEX_POINT('',#9034);
#2758=VERTEX_POINT('',#9036);
#2759=VERTEX_POINT('',#9038);
#2760=VERTEX_POINT('',#9042);
#2761=VERTEX_POINT('',#9044);
#2762=VERTEX_POINT('',#9048);
#2763=VERTEX_POINT('',#9052);
#2764=VERTEX_POINT('',#9056);
#2765=VERTEX_POINT('',#9058);
#2766=VERTEX_POINT('',#9060);
#2767=VERTEX_POINT('',#9062);
#2768=VERTEX_POINT('',#9064);
#2769=VERTEX_POINT('',#9066);
#2770=VERTEX_POINT('',#9068);
#2771=VERTEX_POINT('',#9070);
#2772=VERTEX_POINT('',#9072);
#2773=VERTEX_POINT('',#9074);
#2774=VERTEX_POINT('',#9076);
#2775=VERTEX_POINT('',#9078);
#2776=VERTEX_POINT('',#9080);
#2777=VERTEX_POINT('',#9082);
#2778=VERTEX_POINT('',#9084);
#2779=VERTEX_POINT('',#9086);
#2780=VERTEX_POINT('',#9088);
#2781=VERTEX_POINT('',#9090);
#2782=VERTEX_POINT('',#9092);
#2783=VERTEX_POINT('',#9094);
#2784=VERTEX_POINT('',#9096);
#2785=VERTEX_POINT('',#9098);
#2786=VERTEX_POINT('',#9100);
#2787=VERTEX_POINT('',#9102);
#2788=VERTEX_POINT('',#9104);
#2789=VERTEX_POINT('',#9106);
#2790=VERTEX_POINT('',#9108);
#2791=VERTEX_POINT('',#9110);
#2792=VERTEX_POINT('',#9112);
#2793=VERTEX_POINT('',#9114);
#2794=VERTEX_POINT('',#9116);
#2795=VERTEX_POINT('',#9118);
#2796=VERTEX_POINT('',#9120);
#2797=VERTEX_POINT('',#9122);
#2798=VERTEX_POINT('',#9124);
#2799=VERTEX_POINT('',#9126);
#2800=VERTEX_POINT('',#9128);
#2801=VERTEX_POINT('',#9130);
#2802=VERTEX_POINT('',#9132);
#2803=VERTEX_POINT('',#9134);
#2804=VERTEX_POINT('',#9137);
#2805=VERTEX_POINT('',#9138);
#2806=VERTEX_POINT('',#9140);
#2807=VERTEX_POINT('',#9142);
#2808=VERTEX_POINT('',#9145);
#2809=VERTEX_POINT('',#9146);
#2810=VERTEX_POINT('',#9148);
#2811=VERTEX_POINT('',#9150);
#2812=VERTEX_POINT('',#9153);
#2813=VERTEX_POINT('',#9154);
#2814=VERTEX_POINT('',#9156);
#2815=VERTEX_POINT('',#9158);
#2816=VERTEX_POINT('',#9161);
#2817=VERTEX_POINT('',#9162);
#2818=VERTEX_POINT('',#9164);
#2819=VERTEX_POINT('',#9166);
#2820=VERTEX_POINT('',#9169);
#2821=VERTEX_POINT('',#9170);
#2822=VERTEX_POINT('',#9172);
#2823=VERTEX_POINT('',#9174);
#2824=VERTEX_POINT('',#9178);
#2825=VERTEX_POINT('',#9180);
#2826=VERTEX_POINT('',#9184);
#2827=VERTEX_POINT('',#9188);
#2828=VERTEX_POINT('',#9195);
#2829=VERTEX_POINT('',#9197);
#2830=VERTEX_POINT('',#9199);
#2831=VERTEX_POINT('',#9203);
#2832=VERTEX_POINT('',#9207);
#2833=VERTEX_POINT('',#9209);
#2834=VERTEX_POINT('',#9217);
#2835=VERTEX_POINT('',#9219);
#2836=VERTEX_POINT('',#9222);
#2837=VERTEX_POINT('',#9224);
#2838=VERTEX_POINT('',#9227);
#2839=VERTEX_POINT('',#9229);
#2840=VERTEX_POINT('',#9232);
#2841=VERTEX_POINT('',#9234);
#2842=VERTEX_POINT('',#9237);
#2843=VERTEX_POINT('',#9239);
#2844=VERTEX_POINT('',#9243);
#2845=VERTEX_POINT('',#9244);
#2846=VERTEX_POINT('',#9246);
#2847=VERTEX_POINT('',#9248);
#2848=VERTEX_POINT('',#9259);
#2849=VERTEX_POINT('',#9261);
#2850=VERTEX_POINT('',#9265);
#2851=VERTEX_POINT('',#9269);
#2852=VERTEX_POINT('',#9276);
#2853=VERTEX_POINT('',#9278);
#2854=VERTEX_POINT('',#9282);
#2855=VERTEX_POINT('',#9286);
#2856=VERTEX_POINT('',#9293);
#2857=VERTEX_POINT('',#9294);
#2858=VERTEX_POINT('',#9296);
#2859=VERTEX_POINT('',#9298);
#2860=VERTEX_POINT('',#9309);
#2861=VERTEX_POINT('',#9311);
#2862=VERTEX_POINT('',#9315);
#2863=VERTEX_POINT('',#9319);
#2864=VERTEX_POINT('',#9326);
#2865=VERTEX_POINT('',#9328);
#2866=VERTEX_POINT('',#9332);
#2867=VERTEX_POINT('',#9336);
#2868=VERTEX_POINT('',#9343);
#2869=VERTEX_POINT('',#9344);
#2870=VERTEX_POINT('',#9346);
#2871=VERTEX_POINT('',#9348);
#2872=VERTEX_POINT('',#9359);
#2873=VERTEX_POINT('',#9360);
#2874=VERTEX_POINT('',#9362);
#2875=VERTEX_POINT('',#9364);
#2876=VERTEX_POINT('',#9375);
#2877=VERTEX_POINT('',#9377);
#2878=VERTEX_POINT('',#9381);
#2879=VERTEX_POINT('',#9385);
#2880=VERTEX_POINT('',#9392);
#2881=VERTEX_POINT('',#9394);
#2882=VERTEX_POINT('',#9398);
#2883=VERTEX_POINT('',#9402);
#2884=VERTEX_POINT('',#9409);
#2885=VERTEX_POINT('',#9411);
#2886=VERTEX_POINT('',#9415);
#2887=VERTEX_POINT('',#9419);
#2888=VERTEX_POINT('',#9441);
#2889=VERTEX_POINT('',#9442);
#2890=VERTEX_POINT('',#9444);
#2891=VERTEX_POINT('',#9446);
#2892=VERTEX_POINT('',#9471);
#2893=VERTEX_POINT('',#9472);
#2894=VERTEX_POINT('',#9475);
#2895=VERTEX_POINT('',#9494);
#2896=VERTEX_POINT('',#9510);
#2897=VERTEX_POINT('',#9512);
#2898=VERTEX_POINT('',#9531);
#2899=VERTEX_POINT('',#9532);
#2900=VERTEX_POINT('',#9546);
#2901=VERTEX_POINT('',#9550);
#2902=VERTEX_POINT('',#9552);
#2903=VERTEX_POINT('',#9554);
#2904=VERTEX_POINT('',#9573);
#2905=VERTEX_POINT('',#9574);
#2906=VERTEX_POINT('',#9600);
#2907=VERTEX_POINT('',#9601);
#2908=VERTEX_POINT('',#9603);
#2909=VERTEX_POINT('',#9605);
#2910=VERTEX_POINT('',#9615);
#2911=VERTEX_POINT('',#9617);
#2912=VERTEX_POINT('',#9620);
#2913=VERTEX_POINT('',#9621);
#2914=VERTEX_POINT('',#9623);
#2915=VERTEX_POINT('',#9625);
#2916=VERTEX_POINT('',#9628);
#2917=VERTEX_POINT('',#9632);
#2918=VERTEX_POINT('',#9634);
#2919=VERTEX_POINT('',#9636);
#2920=VERTEX_POINT('',#9638);
#2921=VERTEX_POINT('',#9642);
#2922=VERTEX_POINT('',#9644);
#2923=VERTEX_POINT('',#9648);
#2924=VERTEX_POINT('',#9652);
#2925=VERTEX_POINT('',#9658);
#2926=VERTEX_POINT('',#9660);
#2927=VERTEX_POINT('',#9664);
#2928=VERTEX_POINT('',#9666);
#2929=VERTEX_POINT('',#9668);
#2930=VERTEX_POINT('',#9672);
#2931=VERTEX_POINT('',#9678);
#2932=VERTEX_POINT('',#9682);
#2933=VERTEX_POINT('',#9684);
#2934=VERTEX_POINT('',#9686);
#2935=VERTEX_POINT('',#9690);
#2936=VERTEX_POINT('',#9691);
#2937=VERTEX_POINT('',#9693);
#2938=VERTEX_POINT('',#9695);
#2939=VERTEX_POINT('',#9698);
#2940=VERTEX_POINT('',#9702);
#2941=VERTEX_POINT('',#9703);
#2942=VERTEX_POINT('',#9705);
#2943=VERTEX_POINT('',#9707);
#2944=VERTEX_POINT('',#9710);
#2945=VERTEX_POINT('',#9712);
#2946=VERTEX_POINT('',#9714);
#2947=VERTEX_POINT('',#9716);
#2948=VERTEX_POINT('',#9718);
#2949=VERTEX_POINT('',#9720);
#2950=VERTEX_POINT('',#9722);
#2951=VERTEX_POINT('',#9724);
#2952=VERTEX_POINT('',#9726);
#2953=VERTEX_POINT('',#9728);
#2954=VERTEX_POINT('',#9730);
#2955=VERTEX_POINT('',#9732);
#2956=VERTEX_POINT('',#9734);
#2957=VERTEX_POINT('',#9736);
#2958=VERTEX_POINT('',#9738);
#2959=VERTEX_POINT('',#9740);
#2960=VERTEX_POINT('',#9742);
#2961=VERTEX_POINT('',#9748);
#2962=VERTEX_POINT('',#9750);
#2963=VERTEX_POINT('',#9752);
#2964=VERTEX_POINT('',#9755);
#2965=VERTEX_POINT('',#9756);
#2966=VERTEX_POINT('',#9758);
#2967=VERTEX_POINT('',#9760);
#2968=VERTEX_POINT('',#9763);
#2969=VERTEX_POINT('',#9764);
#2970=VERTEX_POINT('',#9766);
#2971=VERTEX_POINT('',#9768);
#2972=VERTEX_POINT('',#9771);
#2973=VERTEX_POINT('',#9772);
#2974=VERTEX_POINT('',#9774);
#2975=VERTEX_POINT('',#9776);
#2976=VERTEX_POINT('',#9779);
#2977=VERTEX_POINT('',#9780);
#2978=VERTEX_POINT('',#9782);
#2979=VERTEX_POINT('',#9784);
#2980=VERTEX_POINT('',#9787);
#2981=VERTEX_POINT('',#9788);
#2982=VERTEX_POINT('',#9790);
#2983=VERTEX_POINT('',#9792);
#2984=VERTEX_POINT('',#9795);
#2985=VERTEX_POINT('',#9796);
#2986=VERTEX_POINT('',#9798);
#2987=VERTEX_POINT('',#9800);
#2988=VERTEX_POINT('',#9803);
#2989=VERTEX_POINT('',#9804);
#2990=VERTEX_POINT('',#9806);
#2991=VERTEX_POINT('',#9808);
#2992=VERTEX_POINT('',#9812);
#2993=VERTEX_POINT('',#9814);
#2994=VERTEX_POINT('',#9816);
#2995=VERTEX_POINT('',#9820);
#2996=VERTEX_POINT('',#9822);
#2997=VERTEX_POINT('',#9826);
#2998=VERTEX_POINT('',#9834);
#2999=VERTEX_POINT('',#9835);
#3000=VERTEX_POINT('',#9837);
#3001=VERTEX_POINT('',#9839);
#3002=VERTEX_POINT('',#9843);
#3003=VERTEX_POINT('',#9845);
#3004=VERTEX_POINT('',#9849);
#3005=VERTEX_POINT('',#9851);
#3006=VERTEX_POINT('',#9859);
#3007=VERTEX_POINT('',#9860);
#3008=VERTEX_POINT('',#9862);
#3009=VERTEX_POINT('',#9864);
#3010=VERTEX_POINT('',#9868);
#3011=VERTEX_POINT('',#9870);
#3012=VERTEX_POINT('',#9874);
#3013=VERTEX_POINT('',#9876);
#3014=VERTEX_POINT('',#9884);
#3015=VERTEX_POINT('',#9885);
#3016=VERTEX_POINT('',#9887);
#3017=VERTEX_POINT('',#9889);
#3018=VERTEX_POINT('',#9893);
#3019=VERTEX_POINT('',#9895);
#3020=VERTEX_POINT('',#9899);
#3021=VERTEX_POINT('',#9901);
#3022=VERTEX_POINT('',#9909);
#3023=VERTEX_POINT('',#9910);
#3024=VERTEX_POINT('',#9912);
#3025=VERTEX_POINT('',#9914);
#3026=VERTEX_POINT('',#9918);
#3027=VERTEX_POINT('',#9920);
#3028=VERTEX_POINT('',#9924);
#3029=VERTEX_POINT('',#9926);
#3030=VERTEX_POINT('',#9934);
#3031=VERTEX_POINT('',#9935);
#3032=VERTEX_POINT('',#9937);
#3033=VERTEX_POINT('',#9939);
#3034=VERTEX_POINT('',#9943);
#3035=VERTEX_POINT('',#9945);
#3036=VERTEX_POINT('',#9949);
#3037=VERTEX_POINT('',#9951);
#3038=VERTEX_POINT('',#9959);
#3039=VERTEX_POINT('',#9960);
#3040=VERTEX_POINT('',#9962);
#3041=VERTEX_POINT('',#9964);
#3042=VERTEX_POINT('',#9968);
#3043=VERTEX_POINT('',#9970);
#3044=VERTEX_POINT('',#9974);
#3045=VERTEX_POINT('',#9976);
#3046=VERTEX_POINT('',#9984);
#3047=VERTEX_POINT('',#9986);
#3048=VERTEX_POINT('',#9990);
#3049=VERTEX_POINT('',#9994);
#3050=VERTEX_POINT('',#10001);
#3051=VERTEX_POINT('',#10003);
#3052=VERTEX_POINT('',#10005);
#3053=VERTEX_POINT('',#10009);
#3054=VERTEX_POINT('',#10011);
#3055=VERTEX_POINT('',#10015);
#3056=VERTEX_POINT('',#10023);
#3057=VERTEX_POINT('',#10024);
#3058=VERTEX_POINT('',#10026);
#3059=VERTEX_POINT('',#10028);
#3060=VERTEX_POINT('',#10032);
#3061=VERTEX_POINT('',#10034);
#3062=VERTEX_POINT('',#10038);
#3063=VERTEX_POINT('',#10040);
#3064=VERTEX_POINT('',#10048);
#3065=VERTEX_POINT('',#10049);
#3066=VERTEX_POINT('',#10051);
#3067=VERTEX_POINT('',#10053);
#3068=VERTEX_POINT('',#10057);
#3069=VERTEX_POINT('',#10059);
#3070=VERTEX_POINT('',#10063);
#3071=VERTEX_POINT('',#10065);
#3072=VERTEX_POINT('',#10073);
#3073=VERTEX_POINT('',#10074);
#3074=VERTEX_POINT('',#10076);
#3075=VERTEX_POINT('',#10078);
#3076=VERTEX_POINT('',#10082);
#3077=VERTEX_POINT('',#10084);
#3078=VERTEX_POINT('',#10088);
#3079=VERTEX_POINT('',#10090);
#3080=VERTEX_POINT('',#10098);
#3081=VERTEX_POINT('',#10099);
#3082=VERTEX_POINT('',#10101);
#3083=VERTEX_POINT('',#10103);
#3084=VERTEX_POINT('',#10107);
#3085=VERTEX_POINT('',#10109);
#3086=VERTEX_POINT('',#10113);
#3087=VERTEX_POINT('',#10115);
#3088=VERTEX_POINT('',#10123);
#3089=VERTEX_POINT('',#10124);
#3090=VERTEX_POINT('',#10126);
#3091=VERTEX_POINT('',#10128);
#3092=VERTEX_POINT('',#10132);
#3093=VERTEX_POINT('',#10134);
#3094=VERTEX_POINT('',#10138);
#3095=VERTEX_POINT('',#10140);
#3096=VERTEX_POINT('',#10148);
#3097=VERTEX_POINT('',#10150);
#3098=VERTEX_POINT('',#10152);
#3099=VERTEX_POINT('',#10156);
#3100=VERTEX_POINT('',#10158);
#3101=VERTEX_POINT('',#10162);
#3102=VERTEX_POINT('',#10170);
#3103=VERTEX_POINT('',#10171);
#3104=VERTEX_POINT('',#10173);
#3105=VERTEX_POINT('',#10175);
#3106=VERTEX_POINT('',#10179);
#3107=VERTEX_POINT('',#10181);
#3108=VERTEX_POINT('',#10185);
#3109=VERTEX_POINT('',#10187);
#3110=VERTEX_POINT('',#10195);
#3111=VERTEX_POINT('',#10196);
#3112=VERTEX_POINT('',#10198);
#3113=VERTEX_POINT('',#10200);
#3114=VERTEX_POINT('',#10204);
#3115=VERTEX_POINT('',#10206);
#3116=VERTEX_POINT('',#10210);
#3117=VERTEX_POINT('',#10212);
#3118=VERTEX_POINT('',#10220);
#3119=VERTEX_POINT('',#10221);
#3120=VERTEX_POINT('',#10223);
#3121=VERTEX_POINT('',#10225);
#3122=VERTEX_POINT('',#10229);
#3123=VERTEX_POINT('',#10231);
#3124=VERTEX_POINT('',#10235);
#3125=VERTEX_POINT('',#10237);
#3126=VERTEX_POINT('',#10245);
#3127=VERTEX_POINT('',#10246);
#3128=VERTEX_POINT('',#10248);
#3129=VERTEX_POINT('',#10250);
#3130=VERTEX_POINT('',#10254);
#3131=VERTEX_POINT('',#10256);
#3132=VERTEX_POINT('',#10260);
#3133=VERTEX_POINT('',#10262);
#3134=VERTEX_POINT('',#10270);
#3135=VERTEX_POINT('',#10272);
#3136=VERTEX_POINT('',#10274);
#3137=VERTEX_POINT('',#10278);
#3138=VERTEX_POINT('',#10280);
#3139=VERTEX_POINT('',#10284);
#3140=VERTEX_POINT('',#10292);
#3141=VERTEX_POINT('',#10293);
#3142=VERTEX_POINT('',#10295);
#3143=VERTEX_POINT('',#10297);
#3144=VERTEX_POINT('',#10301);
#3145=VERTEX_POINT('',#10303);
#3146=VERTEX_POINT('',#10307);
#3147=VERTEX_POINT('',#10309);
#3148=VERTEX_POINT('',#10317);
#3149=VERTEX_POINT('',#10318);
#3150=VERTEX_POINT('',#10320);
#3151=VERTEX_POINT('',#10322);
#3152=VERTEX_POINT('',#10326);
#3153=VERTEX_POINT('',#10328);
#3154=VERTEX_POINT('',#10332);
#3155=VERTEX_POINT('',#10334);
#3156=VERTEX_POINT('',#10342);
#3157=VERTEX_POINT('',#10343);
#3158=VERTEX_POINT('',#10345);
#3159=VERTEX_POINT('',#10347);
#3160=VERTEX_POINT('',#10351);
#3161=VERTEX_POINT('',#10353);
#3162=VERTEX_POINT('',#10357);
#3163=VERTEX_POINT('',#10359);
#3164=VERTEX_POINT('',#10367);
#3165=VERTEX_POINT('',#10369);
#3166=VERTEX_POINT('',#10371);
#3167=VERTEX_POINT('',#10375);
#3168=VERTEX_POINT('',#10377);
#3169=VERTEX_POINT('',#10381);
#3170=VERTEX_POINT('',#10389);
#3171=VERTEX_POINT('',#10390);
#3172=VERTEX_POINT('',#10392);
#3173=VERTEX_POINT('',#10394);
#3174=VERTEX_POINT('',#10398);
#3175=VERTEX_POINT('',#10400);
#3176=VERTEX_POINT('',#10404);
#3177=VERTEX_POINT('',#10406);
#3178=VERTEX_POINT('',#10414);
#3179=VERTEX_POINT('',#10415);
#3180=VERTEX_POINT('',#10417);
#3181=VERTEX_POINT('',#10419);
#3182=VERTEX_POINT('',#10423);
#3183=VERTEX_POINT('',#10425);
#3184=VERTEX_POINT('',#10429);
#3185=VERTEX_POINT('',#10431);
#3186=VERTEX_POINT('',#10439);
#3187=VERTEX_POINT('',#10440);
#3188=VERTEX_POINT('',#10442);
#3189=VERTEX_POINT('',#10444);
#3190=VERTEX_POINT('',#10448);
#3191=VERTEX_POINT('',#10450);
#3192=VERTEX_POINT('',#10454);
#3193=VERTEX_POINT('',#10456);
#3194=VERTEX_POINT('',#10464);
#3195=VERTEX_POINT('',#10465);
#3196=VERTEX_POINT('',#10467);
#3197=VERTEX_POINT('',#10469);
#3198=VERTEX_POINT('',#10473);
#3199=VERTEX_POINT('',#10475);
#3200=VERTEX_POINT('',#10479);
#3201=VERTEX_POINT('',#10481);
#3202=VERTEX_POINT('',#10489);
#3203=VERTEX_POINT('',#10491);
#3204=VERTEX_POINT('',#10495);
#3205=VERTEX_POINT('',#10499);
#3206=VERTEX_POINT('',#10506);
#3207=VERTEX_POINT('',#10508);
#3208=VERTEX_POINT('',#10510);
#3209=VERTEX_POINT('',#10514);
#3210=VERTEX_POINT('',#10516);
#3211=VERTEX_POINT('',#10520);
#3212=VERTEX_POINT('',#10528);
#3213=VERTEX_POINT('',#10529);
#3214=VERTEX_POINT('',#10531);
#3215=VERTEX_POINT('',#10533);
#3216=VERTEX_POINT('',#10537);
#3217=VERTEX_POINT('',#10539);
#3218=VERTEX_POINT('',#10543);
#3219=VERTEX_POINT('',#10545);
#3220=VERTEX_POINT('',#10553);
#3221=VERTEX_POINT('',#10554);
#3222=VERTEX_POINT('',#10556);
#3223=VERTEX_POINT('',#10558);
#3224=VERTEX_POINT('',#10562);
#3225=VERTEX_POINT('',#10564);
#3226=VERTEX_POINT('',#10568);
#3227=VERTEX_POINT('',#10570);
#3228=VERTEX_POINT('',#10578);
#3229=VERTEX_POINT('',#10580);
#3230=VERTEX_POINT('',#10584);
#3231=VERTEX_POINT('',#10588);
#3232=VERTEX_POINT('',#10595);
#3233=VERTEX_POINT('',#10597);
#3234=VERTEX_POINT('',#10601);
#3235=VERTEX_POINT('',#10605);
#3236=VERTEX_POINT('',#10612);
#3237=VERTEX_POINT('',#10614);
#3238=VERTEX_POINT('',#10618);
#3239=VERTEX_POINT('',#10622);
#3240=VERTEX_POINT('',#10629);
#3241=VERTEX_POINT('',#10630);
#3242=VERTEX_POINT('',#10632);
#3243=VERTEX_POINT('',#10634);
#3244=VERTEX_POINT('',#10638);
#3245=VERTEX_POINT('',#10640);
#3246=VERTEX_POINT('',#10644);
#3247=VERTEX_POINT('',#10646);
#3248=VERTEX_POINT('',#10654);
#3249=VERTEX_POINT('',#10656);
#3250=VERTEX_POINT('',#10660);
#3251=VERTEX_POINT('',#10664);
#3252=VERTEX_POINT('',#10670);
#3253=VERTEX_POINT('',#10672);
#3254=VERTEX_POINT('',#10676);
#3255=VERTEX_POINT('',#10680);
#3256=VERTEX_POINT('',#10688);
#3257=VERTEX_POINT('',#10690);
#3258=VERTEX_POINT('',#10694);
#3259=VERTEX_POINT('',#10698);
#3260=VERTEX_POINT('',#10705);
#3261=VERTEX_POINT('',#10706);
#3262=VERTEX_POINT('',#10708);
#3263=VERTEX_POINT('',#10710);
#3264=VERTEX_POINT('',#10714);
#3265=VERTEX_POINT('',#10716);
#3266=VERTEX_POINT('',#10720);
#3267=VERTEX_POINT('',#10722);
#3268=VERTEX_POINT('',#10730);
#3269=VERTEX_POINT('',#10731);
#3270=VERTEX_POINT('',#10733);
#3271=VERTEX_POINT('',#10735);
#3272=VERTEX_POINT('',#10739);
#3273=VERTEX_POINT('',#10741);
#3274=VERTEX_POINT('',#10745);
#3275=VERTEX_POINT('',#10747);
#3276=VERTEX_POINT('',#10755);
#3277=VERTEX_POINT('',#10756);
#3278=VERTEX_POINT('',#10758);
#3279=VERTEX_POINT('',#10760);
#3280=VERTEX_POINT('',#10764);
#3281=VERTEX_POINT('',#10766);
#3282=VERTEX_POINT('',#10770);
#3283=VERTEX_POINT('',#10772);
#3284=VERTEX_POINT('',#10780);
#3285=VERTEX_POINT('',#10781);
#3286=VERTEX_POINT('',#10783);
#3287=VERTEX_POINT('',#10785);
#3288=VERTEX_POINT('',#10789);
#3289=VERTEX_POINT('',#10791);
#3290=VERTEX_POINT('',#10795);
#3291=VERTEX_POINT('',#10797);
#3292=VERTEX_POINT('',#10805);
#3293=VERTEX_POINT('',#10806);
#3294=VERTEX_POINT('',#10808);
#3295=VERTEX_POINT('',#10810);
#3296=VERTEX_POINT('',#10814);
#3297=VERTEX_POINT('',#10816);
#3298=VERTEX_POINT('',#10820);
#3299=VERTEX_POINT('',#10822);
#3300=VERTEX_POINT('',#10830);
#3301=VERTEX_POINT('',#10831);
#3302=VERTEX_POINT('',#10833);
#3303=VERTEX_POINT('',#10835);
#3304=VERTEX_POINT('',#10839);
#3305=VERTEX_POINT('',#10841);
#3306=VERTEX_POINT('',#10845);
#3307=VERTEX_POINT('',#10847);
#3308=VERTEX_POINT('',#10855);
#3309=VERTEX_POINT('',#10856);
#3310=VERTEX_POINT('',#10858);
#3311=VERTEX_POINT('',#10860);
#3312=VERTEX_POINT('',#10864);
#3313=VERTEX_POINT('',#10866);
#3314=VERTEX_POINT('',#10870);
#3315=VERTEX_POINT('',#10872);
#3316=VERTEX_POINT('',#10880);
#3317=VERTEX_POINT('',#10881);
#3318=VERTEX_POINT('',#10883);
#3319=VERTEX_POINT('',#10885);
#3320=VERTEX_POINT('',#10889);
#3321=VERTEX_POINT('',#10891);
#3322=VERTEX_POINT('',#10895);
#3323=VERTEX_POINT('',#10897);
#3324=VERTEX_POINT('',#10905);
#3325=VERTEX_POINT('',#10906);
#3326=VERTEX_POINT('',#10908);
#3327=VERTEX_POINT('',#10910);
#3328=VERTEX_POINT('',#10914);
#3329=VERTEX_POINT('',#10916);
#3330=VERTEX_POINT('',#10920);
#3331=VERTEX_POINT('',#10922);
#3332=VERTEX_POINT('',#10930);
#3333=VERTEX_POINT('',#10931);
#3334=VERTEX_POINT('',#10933);
#3335=VERTEX_POINT('',#10935);
#3336=VERTEX_POINT('',#10939);
#3337=VERTEX_POINT('',#10941);
#3338=VERTEX_POINT('',#10945);
#3339=VERTEX_POINT('',#10947);
#3340=VERTEX_POINT('',#10955);
#3341=VERTEX_POINT('',#10959);
#3342=VERTEX_POINT('',#10960);
#3343=VERTEX_POINT('',#10962);
#3344=VERTEX_POINT('',#10964);
#3345=VERTEX_POINT('',#10968);
#3346=VERTEX_POINT('',#10970);
#3347=VERTEX_POINT('',#10974);
#3348=VERTEX_POINT('',#10976);
#3349=VERTEX_POINT('',#10980);
#3350=VERTEX_POINT('',#10984);
#3351=VERTEX_POINT('',#10985);
#3352=VERTEX_POINT('',#10987);
#3353=VERTEX_POINT('',#10989);
#3354=VERTEX_POINT('',#10993);
#3355=VERTEX_POINT('',#10995);
#3356=VERTEX_POINT('',#10999);
#3357=VERTEX_POINT('',#11001);
#3358=VERTEX_POINT('',#11003);
#3359=VERTEX_POINT('',#11014);
#3360=VERTEX_POINT('',#11018);
#3361=VERTEX_POINT('',#11020);
#3362=VERTEX_POINT('',#11026);
#3363=VERTEX_POINT('',#11027);
#3364=VERTEX_POINT('',#11029);
#3365=VERTEX_POINT('',#11031);
#3366=VERTEX_POINT('',#11035);
#3367=VERTEX_POINT('',#11037);
#3368=VERTEX_POINT('',#11044);
#3369=VERTEX_POINT('',#11046);
#3370=EDGE_CURVE('',#2748,#2749,#906,.T.);
#3371=EDGE_CURVE('',#2748,#2750,#907,.T.);
#3372=EDGE_CURVE('',#2751,#2750,#908,.T.);
#3373=EDGE_CURVE('',#2749,#2751,#909,.T.);
#3374=EDGE_CURVE('',#2752,#2748,#910,.T.);
#3375=EDGE_CURVE('',#2752,#2753,#911,.T.);
#3376=EDGE_CURVE('',#2750,#2753,#912,.T.);
#3377=EDGE_CURVE('',#2749,#2754,#913,.T.);
#3378=EDGE_CURVE('',#2755,#2751,#914,.T.);
#3379=EDGE_CURVE('',#2754,#2755,#915,.T.);
#3380=EDGE_CURVE('',#2754,#2752,#916,.T.);
#3381=EDGE_CURVE('',#2753,#2755,#917,.T.);
#3382=EDGE_CURVE('',#2756,#2757,#918,.T.);
#3383=EDGE_CURVE('',#2756,#2758,#919,.T.);
#3384=EDGE_CURVE('',#2758,#2759,#920,.T.);
#3385=EDGE_CURVE('',#2759,#2757,#921,.T.);
#3386=EDGE_CURVE('',#2760,#2756,#922,.T.);
#3387=EDGE_CURVE('',#2761,#2760,#923,.T.);
#3388=EDGE_CURVE('',#2758,#2761,#924,.T.);
#3389=EDGE_CURVE('',#2762,#2761,#925,.T.);
#3390=EDGE_CURVE('',#2759,#2762,#926,.T.);
#3391=EDGE_CURVE('',#2757,#2763,#927,.T.);
#3392=EDGE_CURVE('',#2763,#2762,#928,.T.);
#3393=EDGE_CURVE('',#2764,#2760,#929,.T.);
#3394=EDGE_CURVE('',#2764,#2765,#930,.T.);
#3395=EDGE_CURVE('',#2765,#2766,#931,.T.);
#3396=EDGE_CURVE('',#2766,#2767,#932,.T.);
#3397=EDGE_CURVE('',#2768,#2767,#933,.T.);
#3398=EDGE_CURVE('',#2768,#2769,#934,.T.);
#3399=EDGE_CURVE('',#2769,#2770,#935,.T.);
#3400=EDGE_CURVE('',#2770,#2771,#936,.T.);
#3401=EDGE_CURVE('',#2772,#2771,#937,.T.);
#3402=EDGE_CURVE('',#2772,#2773,#938,.T.);
#3403=EDGE_CURVE('',#2773,#2774,#939,.T.);
#3404=EDGE_CURVE('',#2774,#2775,#940,.T.);
#3405=EDGE_CURVE('',#2776,#2775,#941,.T.);
#3406=EDGE_CURVE('',#2776,#2777,#942,.T.);
#3407=EDGE_CURVE('',#2778,#2777,#943,.T.);
#3408=EDGE_CURVE('',#2778,#2779,#944,.T.);
#3409=EDGE_CURVE('',#2779,#2780,#945,.T.);
#3410=EDGE_CURVE('',#2780,#2781,#946,.T.);
#3411=EDGE_CURVE('',#2782,#2781,#947,.T.);
#3412=EDGE_CURVE('',#2782,#2783,#948,.T.);
#3413=EDGE_CURVE('',#2783,#2784,#949,.T.);
#3414=EDGE_CURVE('',#2784,#2785,#950,.T.);
#3415=EDGE_CURVE('',#2786,#2785,#951,.T.);
#3416=EDGE_CURVE('',#2786,#2787,#952,.T.);
#3417=EDGE_CURVE('',#2787,#2788,#953,.T.);
#3418=EDGE_CURVE('',#2788,#2789,#954,.T.);
#3419=EDGE_CURVE('',#2790,#2789,#955,.T.);
#3420=EDGE_CURVE('',#2790,#2791,#956,.T.);
#3421=EDGE_CURVE('',#2791,#2792,#957,.T.);
#3422=EDGE_CURVE('',#2792,#2793,#958,.T.);
#3423=EDGE_CURVE('',#2794,#2793,#959,.T.);
#3424=EDGE_CURVE('',#2794,#2795,#960,.T.);
#3425=EDGE_CURVE('',#2795,#2796,#961,.T.);
#3426=EDGE_CURVE('',#2796,#2797,#962,.T.);
#3427=EDGE_CURVE('',#2798,#2797,#963,.T.);
#3428=EDGE_CURVE('',#2799,#2798,#964,.T.);
#3429=EDGE_CURVE('',#2800,#2799,#965,.T.);
#3430=EDGE_CURVE('',#2800,#2801,#966,.T.);
#3431=EDGE_CURVE('',#2801,#2802,#967,.T.);
#3432=EDGE_CURVE('',#2802,#2803,#968,.T.);
#3433=EDGE_CURVE('',#2763,#2803,#969,.T.);
#3434=EDGE_CURVE('',#2804,#2805,#970,.T.);
#3435=EDGE_CURVE('',#2805,#2806,#971,.T.);
#3436=EDGE_CURVE('',#2806,#2807,#972,.T.);
#3437=EDGE_CURVE('',#2807,#2804,#973,.T.);
#3438=EDGE_CURVE('',#2808,#2809,#974,.T.);
#3439=EDGE_CURVE('',#2809,#2810,#975,.T.);
#3440=EDGE_CURVE('',#2810,#2811,#976,.T.);
#3441=EDGE_CURVE('',#2811,#2808,#977,.T.);
#3442=EDGE_CURVE('',#2812,#2813,#978,.T.);
#3443=EDGE_CURVE('',#2813,#2814,#979,.T.);
#3444=EDGE_CURVE('',#2814,#2815,#980,.T.);
#3445=EDGE_CURVE('',#2815,#2812,#981,.T.);
#3446=EDGE_CURVE('',#2816,#2817,#982,.T.);
#3447=EDGE_CURVE('',#2817,#2818,#983,.T.);
#3448=EDGE_CURVE('',#2818,#2819,#984,.T.);
#3449=EDGE_CURVE('',#2819,#2816,#985,.T.);
#3450=EDGE_CURVE('',#2820,#2821,#986,.T.);
#3451=EDGE_CURVE('',#2821,#2822,#987,.T.);
#3452=EDGE_CURVE('',#2822,#2823,#988,.T.);
#3453=EDGE_CURVE('',#2823,#2820,#989,.T.);
#3454=EDGE_CURVE('',#2824,#2821,#990,.T.);
#3455=EDGE_CURVE('',#2825,#2824,#991,.T.);
#3456=EDGE_CURVE('',#2825,#2822,#992,.T.);
#3457=EDGE_CURVE('',#2826,#2820,#993,.T.);
#3458=EDGE_CURVE('',#2824,#2826,#994,.T.);
#3459=EDGE_CURVE('',#2827,#2823,#995,.T.);
#3460=EDGE_CURVE('',#2826,#2827,#996,.T.);
#3461=EDGE_CURVE('',#2827,#2825,#997,.T.);
#3462=EDGE_CURVE('',#2785,#2828,#998,.T.);
#3463=EDGE_CURVE('',#2829,#2784,#999,.T.);
#3464=EDGE_CURVE('',#2830,#2829,#1000,.T.);
#3465=EDGE_CURVE('',#2830,#2828,#1001,.T.);
#3466=EDGE_CURVE('',#2831,#2783,#1002,.T.);
#3467=EDGE_CURVE('',#2829,#2831,#1003,.T.);
#3468=EDGE_CURVE('',#2832,#2782,#1004,.T.);
#3469=EDGE_CURVE('',#2833,#2832,#1005,.T.);
#3470=EDGE_CURVE('',#2831,#2833,#1006,.T.);
#3471=EDGE_CURVE('',#2828,#2832,#1007,.T.);
#3472=EDGE_CURVE('',#2833,#2830,#1008,.T.);
#3473=EDGE_CURVE('',#2834,#2781,#1009,.T.);
#3474=EDGE_CURVE('',#2834,#2835,#1010,.F.);
#3475=EDGE_CURVE('',#2778,#2835,#1011,.T.);
#3476=EDGE_CURVE('',#2836,#2777,#1012,.T.);
#3477=EDGE_CURVE('',#2836,#2837,#1013,.T.);
#3478=EDGE_CURVE('',#2837,#2798,#1014,.T.);
#3479=EDGE_CURVE('',#2797,#2838,#1015,.T.);
#3480=EDGE_CURVE('',#2838,#2839,#1016,.T.);
#3481=EDGE_CURVE('',#2839,#2794,#1017,.T.);
#3482=EDGE_CURVE('',#2793,#2840,#1018,.T.);
#3483=EDGE_CURVE('',#2840,#2841,#1019,.T.);
#3484=EDGE_CURVE('',#2841,#2790,#1020,.T.);
#3485=EDGE_CURVE('',#2789,#2842,#1021,.T.);
#3486=EDGE_CURVE('',#2842,#2843,#1022,.T.);
#3487=EDGE_CURVE('',#2843,#2786,#1023,.T.);
#3488=EDGE_CURVE('',#2844,#2845,#1024,.T.);
#3489=EDGE_CURVE('',#2844,#2846,#1025,.T.);
#3490=EDGE_CURVE('',#2846,#2847,#1026,.T.);
#3491=EDGE_CURVE('',#2847,#2845,#1027,.T.);
#3492=EDGE_CURVE('',#2803,#2844,#1028,.T.);
#3493=EDGE_CURVE('',#2846,#2802,#1029,.T.);
#3494=EDGE_CURVE('',#2847,#2801,#1030,.T.);
#3495=EDGE_CURVE('',#2845,#2800,#1031,.T.);
#3496=EDGE_CURVE('',#2848,#2796,#1032,.T.);
#3497=EDGE_CURVE('',#2849,#2848,#1033,.T.);
#3498=EDGE_CURVE('',#2849,#2838,#1034,.T.);
#3499=EDGE_CURVE('',#2850,#2795,#1035,.T.);
#3500=EDGE_CURVE('',#2848,#2850,#1036,.T.);
#3501=EDGE_CURVE('',#2851,#2839,#1037,.T.);
#3502=EDGE_CURVE('',#2850,#2851,#1038,.T.);
#3503=EDGE_CURVE('',#2851,#2849,#1039,.T.);
#3504=EDGE_CURVE('',#2852,#2805,#1040,.T.);
#3505=EDGE_CURVE('',#2853,#2852,#1041,.T.);
#3506=EDGE_CURVE('',#2853,#2806,#1042,.T.);
#3507=EDGE_CURVE('',#2854,#2804,#1043,.T.);
#3508=EDGE_CURVE('',#2852,#2854,#1044,.T.);
#3509=EDGE_CURVE('',#2855,#2807,#1045,.T.);
#3510=EDGE_CURVE('',#2854,#2855,#1046,.T.);
#3511=EDGE_CURVE('',#2855,#2853,#1047,.T.);
#3512=EDGE_CURVE('',#2856,#2857,#1048,.T.);
#3513=EDGE_CURVE('',#2856,#2858,#1049,.T.);
#3514=EDGE_CURVE('',#2858,#2859,#1050,.T.);
#3515=EDGE_CURVE('',#2859,#2857,#1051,.T.);
#3516=EDGE_CURVE('',#2775,#2856,#1052,.T.);
#3517=EDGE_CURVE('',#2858,#2774,#1053,.T.);
#3518=EDGE_CURVE('',#2859,#2773,#1054,.T.);
#3519=EDGE_CURVE('',#2857,#2772,#1055,.T.);
#3520=EDGE_CURVE('',#2860,#2817,#1056,.T.);
#3521=EDGE_CURVE('',#2861,#2860,#1057,.T.);
#3522=EDGE_CURVE('',#2861,#2818,#1058,.T.);
#3523=EDGE_CURVE('',#2862,#2816,#1059,.T.);
#3524=EDGE_CURVE('',#2860,#2862,#1060,.T.);
#3525=EDGE_CURVE('',#2863,#2819,#1061,.T.);
#3526=EDGE_CURVE('',#2862,#2863,#1062,.T.);
#3527=EDGE_CURVE('',#2863,#2861,#1063,.T.);
#3528=EDGE_CURVE('',#2864,#2813,#1064,.T.);
#3529=EDGE_CURVE('',#2865,#2864,#1065,.T.);
#3530=EDGE_CURVE('',#2865,#2814,#1066,.T.);
#3531=EDGE_CURVE('',#2866,#2812,#1067,.T.);
#3532=EDGE_CURVE('',#2864,#2866,#1068,.T.);
#3533=EDGE_CURVE('',#2867,#2815,#1069,.T.);
#3534=EDGE_CURVE('',#2866,#2867,#1070,.T.);
#3535=EDGE_CURVE('',#2867,#2865,#1071,.T.);
#3536=EDGE_CURVE('',#2868,#2869,#1072,.T.);
#3537=EDGE_CURVE('',#2868,#2870,#1073,.T.);
#3538=EDGE_CURVE('',#2870,#2871,#1074,.T.);
#3539=EDGE_CURVE('',#2871,#2869,#1075,.T.);
#3540=EDGE_CURVE('',#2767,#2868,#1076,.T.);
#3541=EDGE_CURVE('',#2870,#2766,#1077,.T.);
#3542=EDGE_CURVE('',#2871,#2765,#1078,.T.);
#3543=EDGE_CURVE('',#2869,#2764,#1079,.T.);
#3544=EDGE_CURVE('',#2872,#2873,#1080,.T.);
#3545=EDGE_CURVE('',#2872,#2874,#1081,.T.);
#3546=EDGE_CURVE('',#2874,#2875,#1082,.T.);
#3547=EDGE_CURVE('',#2875,#2873,#1083,.T.);
#3548=EDGE_CURVE('',#2771,#2872,#1084,.T.);
#3549=EDGE_CURVE('',#2874,#2770,#1085,.T.);
#3550=EDGE_CURVE('',#2875,#2769,#1086,.T.);
#3551=EDGE_CURVE('',#2873,#2768,#1087,.T.);
#3552=EDGE_CURVE('',#2876,#2791,#1088,.T.);
#3553=EDGE_CURVE('',#2877,#2876,#1089,.T.);
#3554=EDGE_CURVE('',#2877,#2792,#1090,.T.);
#3555=EDGE_CURVE('',#2878,#2841,#1091,.T.);
#3556=EDGE_CURVE('',#2876,#2878,#1092,.T.);
#3557=EDGE_CURVE('',#2879,#2840,#1093,.T.);
#3558=EDGE_CURVE('',#2878,#2879,#1094,.T.);
#3559=EDGE_CURVE('',#2879,#2877,#1095,.T.);
#3560=EDGE_CURVE('',#2880,#2787,#1096,.T.);
#3561=EDGE_CURVE('',#2881,#2880,#1097,.T.);
#3562=EDGE_CURVE('',#2881,#2788,#1098,.T.);
#3563=EDGE_CURVE('',#2882,#2843,#1099,.T.);
#3564=EDGE_CURVE('',#2880,#2882,#1100,.T.);
#3565=EDGE_CURVE('',#2883,#2842,#1101,.T.);
#3566=EDGE_CURVE('',#2882,#2883,#1102,.T.);
#3567=EDGE_CURVE('',#2883,#2881,#1103,.T.);
#3568=EDGE_CURVE('',#2884,#2809,#1104,.T.);
#3569=EDGE_CURVE('',#2885,#2884,#1105,.T.);
#3570=EDGE_CURVE('',#2885,#2810,#1106,.T.);
#3571=EDGE_CURVE('',#2886,#2808,#1107,.T.);
#3572=EDGE_CURVE('',#2884,#2886,#1108,.T.);
#3573=EDGE_CURVE('',#2887,#2811,#1109,.T.);
#3574=EDGE_CURVE('',#2886,#2887,#1110,.T.);
#3575=EDGE_CURVE('',#2887,#2885,#1111,.T.);
#3576=EDGE_CURVE('',#2888,#2889,#30,.T.);
#3577=EDGE_CURVE('',#2889,#2890,#22,.T.);
#3578=EDGE_CURVE('',#2890,#2891,#18,.T.);
#3579=EDGE_CURVE('',#2891,#2888,#23,.T.);
#3580=EDGE_CURVE('',#2892,#2893,#24,.F.);
#3581=EDGE_CURVE('',#2892,#2889,#1112,.T.);
#3582=EDGE_CURVE('',#2888,#2894,#1113,.T.);
#3583=EDGE_CURVE('',#2894,#2893,#31,.T.);
#3584=EDGE_CURVE('',#2893,#2895,#19,.F.);
#3585=EDGE_CURVE('',#2894,#2895,#25,.T.);
#3586=EDGE_CURVE('',#2891,#2896,#1114,.T.);
#3587=EDGE_CURVE('',#2897,#2896,#1115,.T.);
#3588=EDGE_CURVE('',#2897,#2895,#1116,.T.);
#3589=EDGE_CURVE('',#2898,#2899,#20,.T.);
#3590=EDGE_CURVE('',#2899,#2900,#26,.T.);
#3591=EDGE_CURVE('',#2900,#2898,#32,.T.);
#3592=EDGE_CURVE('',#2901,#2898,#27,.T.);
#3593=EDGE_CURVE('',#2900,#2902,#1117,.T.);
#3594=EDGE_CURVE('',#2902,#2903,#33,.T.);
#3595=EDGE_CURVE('',#2903,#2901,#1118,.T.);
#3596=EDGE_CURVE('',#2904,#2905,#21,.T.);
#3597=EDGE_CURVE('',#2905,#2903,#28,.T.);
#3598=EDGE_CURVE('',#2902,#2904,#29,.T.);
#3599=EDGE_CURVE('',#2906,#2907,#34,.F.);
#3600=EDGE_CURVE('',#2907,#2908,#1119,.T.);
#3601=EDGE_CURVE('',#2909,#2908,#35,.T.);
#3602=EDGE_CURVE('',#2909,#2906,#1120,.T.);
#3603=EDGE_CURVE('',#2892,#2906,#1121,.T.);
#3604=EDGE_CURVE('',#2909,#2901,#1122,.T.);
#3605=EDGE_CURVE('',#2889,#2903,#1123,.T.);
#3606=EDGE_CURVE('',#2905,#2890,#1124,.T.);
#3607=EDGE_CURVE('',#2910,#2836,#1125,.T.);
#3608=EDGE_CURVE('',#2911,#2910,#1126,.T.);
#3609=EDGE_CURVE('',#2837,#2911,#1127,.T.);
#3610=EDGE_CURVE('',#2912,#2913,#1128,.T.);
#3611=EDGE_CURVE('',#2914,#2912,#1129,.T.);
#3612=EDGE_CURVE('',#2915,#2914,#1130,.T.);
#3613=EDGE_CURVE('',#2913,#2915,#1131,.T.);
#3614=EDGE_CURVE('',#2916,#2904,#1132,.T.);
#3615=EDGE_CURVE('',#2896,#2916,#1133,.T.);
#3616=EDGE_CURVE('',#2917,#2907,#1134,.T.);
#3617=EDGE_CURVE('',#2918,#2917,#1135,.T.);
#3618=EDGE_CURVE('',#2919,#2918,#1136,.T.);
#3619=EDGE_CURVE('',#2920,#2919,#1137,.T.);
#3620=EDGE_CURVE('',#2908,#2920,#1138,.T.);
#3621=EDGE_CURVE('',#2913,#2921,#1139,.T.);
#3622=EDGE_CURVE('',#2921,#2922,#1140,.T.);
#3623=EDGE_CURVE('',#2922,#2912,#1141,.T.);
#3624=EDGE_CURVE('',#2915,#2923,#1142,.T.);
#3625=EDGE_CURVE('',#2923,#2921,#1143,.T.);
#3626=EDGE_CURVE('',#2914,#2924,#1144,.T.);
#3627=EDGE_CURVE('',#2924,#2923,#1145,.T.);
#3628=EDGE_CURVE('',#2922,#2924,#1146,.T.);
#3629=EDGE_CURVE('',#2922,#2925,#1147,.F.);
#3630=EDGE_CURVE('',#2925,#2926,#1148,.T.);
#3631=EDGE_CURVE('',#2926,#2924,#1149,.T.);
#3632=EDGE_CURVE('',#2927,#2921,#1150,.F.);
#3633=EDGE_CURVE('',#2927,#2928,#1151,.F.);
#3634=EDGE_CURVE('',#2928,#2929,#1152,.T.);
#3635=EDGE_CURVE('',#2929,#2925,#1153,.T.);
#3636=EDGE_CURVE('',#2916,#2930,#1154,.T.);
#3637=EDGE_CURVE('',#2930,#2897,#1155,.T.);
#3638=EDGE_CURVE('',#2899,#2930,#1156,.T.);
#3639=EDGE_CURVE('',#2931,#2897,#1157,.T.);
#3640=EDGE_CURVE('',#2931,#2917,#1158,.T.);
#3641=EDGE_CURVE('',#2932,#2930,#1159,.F.);
#3642=EDGE_CURVE('',#2932,#2933,#1160,.T.);
#3643=EDGE_CURVE('',#2933,#2934,#1161,.T.);
#3644=EDGE_CURVE('',#2934,#2931,#1162,.F.);
#3645=EDGE_CURVE('',#2935,#2936,#1163,.T.);
#3646=EDGE_CURVE('',#2935,#2937,#1164,.F.);
#3647=EDGE_CURVE('',#2938,#2937,#1165,.T.);
#3648=EDGE_CURVE('',#2938,#2798,#1166,.T.);
#3649=EDGE_CURVE('',#2911,#2939,#1167,.T.);
#3650=EDGE_CURVE('',#2939,#2936,#1168,.T.);
#3651=EDGE_CURVE('',#2940,#2941,#1169,.T.);
#3652=EDGE_CURVE('',#2942,#2940,#1170,.T.);
#3653=EDGE_CURVE('',#2943,#2942,#1171,.T.);
#3654=EDGE_CURVE('',#2943,#2939,#1172,.T.);
#3655=EDGE_CURVE('',#2910,#2944,#1173,.T.);
#3656=EDGE_CURVE('',#2944,#2945,#1174,.T.);
#3657=EDGE_CURVE('',#2945,#2946,#1175,.F.);
#3658=EDGE_CURVE('',#2946,#2947,#1176,.F.);
#3659=EDGE_CURVE('',#2948,#2947,#1177,.T.);
#3660=EDGE_CURVE('',#2948,#2949,#1178,.T.);
#3661=EDGE_CURVE('',#2950,#2949,#1179,.T.);
#3662=EDGE_CURVE('',#2950,#2951,#1180,.F.);
#3663=EDGE_CURVE('',#2952,#2951,#1181,.T.);
#3664=EDGE_CURVE('',#2952,#2953,#1182,.T.);
#3665=EDGE_CURVE('',#2954,#2953,#1183,.T.);
#3666=EDGE_CURVE('',#2954,#2955,#1184,.F.);
#3667=EDGE_CURVE('',#2956,#2955,#1185,.T.);
#3668=EDGE_CURVE('',#2956,#2957,#1186,.T.);
#3669=EDGE_CURVE('',#2958,#2957,#1187,.T.);
#3670=EDGE_CURVE('',#2958,#2959,#1188,.F.);
#3671=EDGE_CURVE('',#2960,#2959,#1189,.T.);
#3672=EDGE_CURVE('',#2960,#2941,#1190,.T.);
#3673=EDGE_CURVE('',#2777,#2944,#1191,.T.);
#3674=EDGE_CURVE('',#2961,#2776,#1192,.T.);
#3675=EDGE_CURVE('',#2962,#2961,#1193,.T.);
#3676=EDGE_CURVE('',#2963,#2962,#1194,.T.);
#3677=EDGE_CURVE('',#2963,#2944,#1195,.T.);
#3678=EDGE_CURVE('',#2964,#2965,#1196,.T.);
#3679=EDGE_CURVE('',#2965,#2966,#1197,.T.);
#3680=EDGE_CURVE('',#2966,#2967,#1198,.T.);
#3681=EDGE_CURVE('',#2967,#2964,#1199,.T.);
#3682=EDGE_CURVE('',#2968,#2969,#1200,.T.);
#3683=EDGE_CURVE('',#2969,#2970,#1201,.T.);
#3684=EDGE_CURVE('',#2970,#2971,#1202,.T.);
#3685=EDGE_CURVE('',#2971,#2968,#1203,.T.);
#3686=EDGE_CURVE('',#2972,#2973,#1204,.T.);
#3687=EDGE_CURVE('',#2973,#2974,#1205,.T.);
#3688=EDGE_CURVE('',#2974,#2975,#1206,.T.);
#3689=EDGE_CURVE('',#2975,#2972,#1207,.T.);
#3690=EDGE_CURVE('',#2976,#2977,#1208,.T.);
#3691=EDGE_CURVE('',#2977,#2978,#1209,.T.);
#3692=EDGE_CURVE('',#2978,#2979,#1210,.T.);
#3693=EDGE_CURVE('',#2979,#2976,#1211,.T.);
#3694=EDGE_CURVE('',#2980,#2981,#1212,.T.);
#3695=EDGE_CURVE('',#2981,#2982,#1213,.T.);
#3696=EDGE_CURVE('',#2982,#2983,#1214,.T.);
#3697=EDGE_CURVE('',#2983,#2980,#1215,.T.);
#3698=EDGE_CURVE('',#2984,#2985,#1216,.T.);
#3699=EDGE_CURVE('',#2985,#2986,#1217,.T.);
#3700=EDGE_CURVE('',#2986,#2987,#1218,.T.);
#3701=EDGE_CURVE('',#2987,#2984,#1219,.T.);
#3702=EDGE_CURVE('',#2988,#2989,#1220,.T.);
#3703=EDGE_CURVE('',#2989,#2990,#1221,.T.);
#3704=EDGE_CURVE('',#2990,#2991,#1222,.T.);
#3705=EDGE_CURVE('',#2991,#2988,#1223,.T.);
#3706=EDGE_CURVE('',#2992,#2941,#1224,.T.);
#3707=EDGE_CURVE('',#2992,#2993,#1225,.T.);
#3708=EDGE_CURVE('',#2994,#2993,#1226,.T.);
#3709=EDGE_CURVE('',#2940,#2994,#1227,.F.);
#3710=EDGE_CURVE('',#2995,#2992,#1228,.T.);
#3711=EDGE_CURVE('',#2995,#2996,#1229,.T.);
#3712=EDGE_CURVE('',#2993,#2996,#1230,.T.);
#3713=EDGE_CURVE('',#2997,#2994,#1231,.T.);
#3714=EDGE_CURVE('',#2942,#2997,#1232,.F.);
#3715=EDGE_CURVE('',#2996,#2997,#1233,.T.);
#3716=EDGE_CURVE('',#2943,#2995,#1234,.T.);
#3717=EDGE_CURVE('',#2998,#2999,#1235,.T.);
#3718=EDGE_CURVE('',#2998,#3000,#1236,.T.);
#3719=EDGE_CURVE('',#3001,#3000,#1237,.T.);
#3720=EDGE_CURVE('',#2999,#3001,#1238,.T.);
#3721=EDGE_CURVE('',#3002,#2998,#1239,.T.);
#3722=EDGE_CURVE('',#3002,#3003,#1240,.T.);
#3723=EDGE_CURVE('',#3000,#3003,#1241,.T.);
#3724=EDGE_CURVE('',#2999,#3004,#1242,.T.);
#3725=EDGE_CURVE('',#3005,#3001,#1243,.T.);
#3726=EDGE_CURVE('',#3004,#3005,#1244,.T.);
#3727=EDGE_CURVE('',#3004,#3002,#1245,.T.);
#3728=EDGE_CURVE('',#3003,#3005,#1246,.T.);
#3729=EDGE_CURVE('',#3006,#3007,#1247,.T.);
#3730=EDGE_CURVE('',#3006,#3008,#1248,.T.);
#3731=EDGE_CURVE('',#3009,#3008,#1249,.T.);
#3732=EDGE_CURVE('',#3007,#3009,#1250,.T.);
#3733=EDGE_CURVE('',#3010,#3006,#1251,.T.);
#3734=EDGE_CURVE('',#3010,#3011,#1252,.T.);
#3735=EDGE_CURVE('',#3008,#3011,#1253,.T.);
#3736=EDGE_CURVE('',#3007,#3012,#1254,.T.);
#3737=EDGE_CURVE('',#3013,#3009,#1255,.T.);
#3738=EDGE_CURVE('',#3012,#3013,#1256,.T.);
#3739=EDGE_CURVE('',#3012,#3010,#1257,.T.);
#3740=EDGE_CURVE('',#3011,#3013,#1258,.T.);
#3741=EDGE_CURVE('',#3014,#3015,#1259,.T.);
#3742=EDGE_CURVE('',#3014,#3016,#1260,.T.);
#3743=EDGE_CURVE('',#3017,#3016,#1261,.T.);
#3744=EDGE_CURVE('',#3015,#3017,#1262,.T.);
#3745=EDGE_CURVE('',#3018,#3014,#1263,.T.);
#3746=EDGE_CURVE('',#3018,#3019,#1264,.T.);
#3747=EDGE_CURVE('',#3016,#3019,#1265,.T.);
#3748=EDGE_CURVE('',#3015,#3020,#1266,.T.);
#3749=EDGE_CURVE('',#3021,#3017,#1267,.T.);
#3750=EDGE_CURVE('',#3020,#3021,#1268,.T.);
#3751=EDGE_CURVE('',#3020,#3018,#1269,.T.);
#3752=EDGE_CURVE('',#3019,#3021,#1270,.T.);
#3753=EDGE_CURVE('',#3022,#3023,#1271,.T.);
#3754=EDGE_CURVE('',#3022,#3024,#1272,.T.);
#3755=EDGE_CURVE('',#3025,#3024,#1273,.T.);
#3756=EDGE_CURVE('',#3023,#3025,#1274,.T.);
#3757=EDGE_CURVE('',#3026,#3022,#1275,.T.);
#3758=EDGE_CURVE('',#3026,#3027,#1276,.T.);
#3759=EDGE_CURVE('',#3024,#3027,#1277,.T.);
#3760=EDGE_CURVE('',#3023,#3028,#1278,.T.);
#3761=EDGE_CURVE('',#3029,#3025,#1279,.T.);
#3762=EDGE_CURVE('',#3028,#3029,#1280,.T.);
#3763=EDGE_CURVE('',#3028,#3026,#1281,.T.);
#3764=EDGE_CURVE('',#3027,#3029,#1282,.T.);
#3765=EDGE_CURVE('',#3030,#3031,#1283,.T.);
#3766=EDGE_CURVE('',#3030,#3032,#1284,.T.);
#3767=EDGE_CURVE('',#3033,#3032,#1285,.T.);
#3768=EDGE_CURVE('',#3031,#3033,#1286,.T.);
#3769=EDGE_CURVE('',#3034,#3030,#1287,.T.);
#3770=EDGE_CURVE('',#3034,#3035,#1288,.T.);
#3771=EDGE_CURVE('',#3032,#3035,#1289,.T.);
#3772=EDGE_CURVE('',#3031,#3036,#1290,.T.);
#3773=EDGE_CURVE('',#3037,#3033,#1291,.T.);
#3774=EDGE_CURVE('',#3036,#3037,#1292,.T.);
#3775=EDGE_CURVE('',#3036,#3034,#1293,.T.);
#3776=EDGE_CURVE('',#3035,#3037,#1294,.T.);
#3777=EDGE_CURVE('',#3038,#3039,#1295,.T.);
#3778=EDGE_CURVE('',#3038,#3040,#1296,.T.);
#3779=EDGE_CURVE('',#3041,#3040,#1297,.T.);
#3780=EDGE_CURVE('',#3039,#3041,#1298,.T.);
#3781=EDGE_CURVE('',#3042,#3038,#1299,.T.);
#3782=EDGE_CURVE('',#3042,#3043,#1300,.T.);
#3783=EDGE_CURVE('',#3040,#3043,#1301,.T.);
#3784=EDGE_CURVE('',#3039,#3044,#1302,.T.);
#3785=EDGE_CURVE('',#3045,#3041,#1303,.T.);
#3786=EDGE_CURVE('',#3044,#3045,#1304,.T.);
#3787=EDGE_CURVE('',#3044,#3042,#1305,.T.);
#3788=EDGE_CURVE('',#3043,#3045,#1306,.T.);
#3789=EDGE_CURVE('',#2989,#3046,#1307,.T.);
#3790=EDGE_CURVE('',#3047,#3046,#1308,.T.);
#3791=EDGE_CURVE('',#2990,#3047,#1309,.T.);
#3792=EDGE_CURVE('',#2988,#3048,#1310,.T.);
#3793=EDGE_CURVE('',#3046,#3048,#1311,.T.);
#3794=EDGE_CURVE('',#3049,#3047,#1312,.T.);
#3795=EDGE_CURVE('',#2991,#3049,#1313,.T.);
#3796=EDGE_CURVE('',#3048,#3049,#1314,.T.);
#3797=EDGE_CURVE('',#3050,#2936,#1315,.T.);
#3798=EDGE_CURVE('',#3050,#3051,#1316,.T.);
#3799=EDGE_CURVE('',#3052,#3051,#1317,.T.);
#3800=EDGE_CURVE('',#3052,#2935,#1318,.T.);
#3801=EDGE_CURVE('',#3053,#3050,#1319,.T.);
#3802=EDGE_CURVE('',#3053,#3054,#1320,.T.);
#3803=EDGE_CURVE('',#3051,#3054,#1321,.T.);
#3804=EDGE_CURVE('',#3055,#3052,#1322,.T.);
#3805=EDGE_CURVE('',#2937,#3055,#1323,.F.);
#3806=EDGE_CURVE('',#3054,#3055,#1324,.T.);
#3807=EDGE_CURVE('',#2938,#3053,#1325,.T.);
#3808=EDGE_CURVE('',#3056,#3057,#1326,.T.);
#3809=EDGE_CURVE('',#3056,#3058,#1327,.T.);
#3810=EDGE_CURVE('',#3059,#3058,#1328,.T.);
#3811=EDGE_CURVE('',#3057,#3059,#1329,.T.);
#3812=EDGE_CURVE('',#3060,#3056,#1330,.T.);
#3813=EDGE_CURVE('',#3060,#3061,#1331,.T.);
#3814=EDGE_CURVE('',#3058,#3061,#1332,.T.);
#3815=EDGE_CURVE('',#3057,#3062,#1333,.T.);
#3816=EDGE_CURVE('',#3063,#3059,#1334,.T.);
#3817=EDGE_CURVE('',#3062,#3063,#1335,.T.);
#3818=EDGE_CURVE('',#3062,#3060,#1336,.T.);
#3819=EDGE_CURVE('',#3061,#3063,#1337,.T.);
#3820=EDGE_CURVE('',#3064,#3065,#1338,.T.);
#3821=EDGE_CURVE('',#3064,#3066,#1339,.T.);
#3822=EDGE_CURVE('',#3067,#3066,#1340,.T.);
#3823=EDGE_CURVE('',#3065,#3067,#1341,.T.);
#3824=EDGE_CURVE('',#3068,#3064,#1342,.T.);
#3825=EDGE_CURVE('',#3068,#3069,#1343,.T.);
#3826=EDGE_CURVE('',#3066,#3069,#1344,.T.);
#3827=EDGE_CURVE('',#3065,#3070,#1345,.T.);
#3828=EDGE_CURVE('',#3071,#3067,#1346,.T.);
#3829=EDGE_CURVE('',#3070,#3071,#1347,.T.);
#3830=EDGE_CURVE('',#3070,#3068,#1348,.T.);
#3831=EDGE_CURVE('',#3069,#3071,#1349,.T.);
#3832=EDGE_CURVE('',#3072,#3073,#1350,.T.);
#3833=EDGE_CURVE('',#3072,#3074,#1351,.T.);
#3834=EDGE_CURVE('',#3075,#3074,#1352,.T.);
#3835=EDGE_CURVE('',#3073,#3075,#1353,.T.);
#3836=EDGE_CURVE('',#3076,#3072,#1354,.T.);
#3837=EDGE_CURVE('',#3076,#3077,#1355,.T.);
#3838=EDGE_CURVE('',#3074,#3077,#1356,.T.);
#3839=EDGE_CURVE('',#3073,#3078,#1357,.T.);
#3840=EDGE_CURVE('',#3079,#3075,#1358,.T.);
#3841=EDGE_CURVE('',#3078,#3079,#1359,.T.);
#3842=EDGE_CURVE('',#3078,#3076,#1360,.T.);
#3843=EDGE_CURVE('',#3077,#3079,#1361,.T.);
#3844=EDGE_CURVE('',#3080,#3081,#1362,.T.);
#3845=EDGE_CURVE('',#3080,#3082,#1363,.T.);
#3846=EDGE_CURVE('',#3083,#3082,#1364,.T.);
#3847=EDGE_CURVE('',#3081,#3083,#1365,.T.);
#3848=EDGE_CURVE('',#3084,#3080,#1366,.T.);
#3849=EDGE_CURVE('',#3084,#3085,#1367,.T.);
#3850=EDGE_CURVE('',#3082,#3085,#1368,.T.);
#3851=EDGE_CURVE('',#3081,#3086,#1369,.T.);
#3852=EDGE_CURVE('',#3087,#3083,#1370,.T.);
#3853=EDGE_CURVE('',#3086,#3087,#1371,.T.);
#3854=EDGE_CURVE('',#3086,#3084,#1372,.T.);
#3855=EDGE_CURVE('',#3085,#3087,#1373,.T.);
#3856=EDGE_CURVE('',#3088,#3089,#1374,.T.);
#3857=EDGE_CURVE('',#3088,#3090,#1375,.T.);
#3858=EDGE_CURVE('',#3091,#3090,#1376,.T.);
#3859=EDGE_CURVE('',#3089,#3091,#1377,.T.);
#3860=EDGE_CURVE('',#3092,#3088,#1378,.T.);
#3861=EDGE_CURVE('',#3092,#3093,#1379,.T.);
#3862=EDGE_CURVE('',#3090,#3093,#1380,.T.);
#3863=EDGE_CURVE('',#3089,#3094,#1381,.T.);
#3864=EDGE_CURVE('',#3095,#3091,#1382,.T.);
#3865=EDGE_CURVE('',#3094,#3095,#1383,.T.);
#3866=EDGE_CURVE('',#3094,#3092,#1384,.T.);
#3867=EDGE_CURVE('',#3093,#3095,#1385,.T.);
#3868=EDGE_CURVE('',#3096,#2957,#1386,.T.);
#3869=EDGE_CURVE('',#3096,#3097,#1387,.T.);
#3870=EDGE_CURVE('',#3098,#3097,#1388,.T.);
#3871=EDGE_CURVE('',#3098,#2958,#1389,.T.);
#3872=EDGE_CURVE('',#3099,#3096,#1390,.T.);
#3873=EDGE_CURVE('',#3099,#3100,#1391,.T.);
#3874=EDGE_CURVE('',#3097,#3100,#1392,.T.);
#3875=EDGE_CURVE('',#3101,#3098,#1393,.T.);
#3876=EDGE_CURVE('',#2959,#3101,#1394,.F.);
#3877=EDGE_CURVE('',#3100,#3101,#1395,.T.);
#3878=EDGE_CURVE('',#2960,#3099,#1396,.T.);
#3879=EDGE_CURVE('',#3102,#3103,#1397,.T.);
#3880=EDGE_CURVE('',#3102,#3104,#1398,.T.);
#3881=EDGE_CURVE('',#3105,#3104,#1399,.T.);
#3882=EDGE_CURVE('',#3103,#3105,#1400,.T.);
#3883=EDGE_CURVE('',#3106,#3102,#1401,.T.);
#3884=EDGE_CURVE('',#3106,#3107,#1402,.T.);
#3885=EDGE_CURVE('',#3104,#3107,#1403,.T.);
#3886=EDGE_CURVE('',#3103,#3108,#1404,.T.);
#3887=EDGE_CURVE('',#3109,#3105,#1405,.T.);
#3888=EDGE_CURVE('',#3108,#3109,#1406,.T.);
#3889=EDGE_CURVE('',#3108,#3106,#1407,.T.);
#3890=EDGE_CURVE('',#3107,#3109,#1408,.T.);
#3891=EDGE_CURVE('',#3110,#3111,#1409,.T.);
#3892=EDGE_CURVE('',#3110,#3112,#1410,.T.);
#3893=EDGE_CURVE('',#3113,#3112,#1411,.T.);
#3894=EDGE_CURVE('',#3111,#3113,#1412,.T.);
#3895=EDGE_CURVE('',#3114,#3110,#1413,.T.);
#3896=EDGE_CURVE('',#3114,#3115,#1414,.T.);
#3897=EDGE_CURVE('',#3112,#3115,#1415,.T.);
#3898=EDGE_CURVE('',#3111,#3116,#1416,.T.);
#3899=EDGE_CURVE('',#3117,#3113,#1417,.T.);
#3900=EDGE_CURVE('',#3116,#3117,#1418,.T.);
#3901=EDGE_CURVE('',#3116,#3114,#1419,.T.);
#3902=EDGE_CURVE('',#3115,#3117,#1420,.T.);
#3903=EDGE_CURVE('',#3118,#3119,#1421,.T.);
#3904=EDGE_CURVE('',#3118,#3120,#1422,.T.);
#3905=EDGE_CURVE('',#3121,#3120,#1423,.T.);
#3906=EDGE_CURVE('',#3119,#3121,#1424,.T.);
#3907=EDGE_CURVE('',#3122,#3118,#1425,.T.);
#3908=EDGE_CURVE('',#3122,#3123,#1426,.T.);
#3909=EDGE_CURVE('',#3120,#3123,#1427,.T.);
#3910=EDGE_CURVE('',#3119,#3124,#1428,.T.);
#3911=EDGE_CURVE('',#3125,#3121,#1429,.T.);
#3912=EDGE_CURVE('',#3124,#3125,#1430,.T.);
#3913=EDGE_CURVE('',#3124,#3122,#1431,.T.);
#3914=EDGE_CURVE('',#3123,#3125,#1432,.T.);
#3915=EDGE_CURVE('',#3126,#3127,#1433,.T.);
#3916=EDGE_CURVE('',#3126,#3128,#1434,.T.);
#3917=EDGE_CURVE('',#3129,#3128,#1435,.T.);
#3918=EDGE_CURVE('',#3127,#3129,#1436,.T.);
#3919=EDGE_CURVE('',#3130,#3126,#1437,.T.);
#3920=EDGE_CURVE('',#3130,#3131,#1438,.T.);
#3921=EDGE_CURVE('',#3128,#3131,#1439,.T.);
#3922=EDGE_CURVE('',#3127,#3132,#1440,.T.);
#3923=EDGE_CURVE('',#3133,#3129,#1441,.T.);
#3924=EDGE_CURVE('',#3132,#3133,#1442,.T.);
#3925=EDGE_CURVE('',#3132,#3130,#1443,.T.);
#3926=EDGE_CURVE('',#3131,#3133,#1444,.T.);
#3927=EDGE_CURVE('',#3134,#2953,#1445,.T.);
#3928=EDGE_CURVE('',#3134,#3135,#1446,.T.);
#3929=EDGE_CURVE('',#3136,#3135,#1447,.T.);
#3930=EDGE_CURVE('',#3136,#2954,#1448,.T.);
#3931=EDGE_CURVE('',#3137,#3134,#1449,.T.);
#3932=EDGE_CURVE('',#3137,#3138,#1450,.T.);
#3933=EDGE_CURVE('',#3135,#3138,#1451,.T.);
#3934=EDGE_CURVE('',#3139,#3136,#1452,.T.);
#3935=EDGE_CURVE('',#2955,#3139,#1453,.F.);
#3936=EDGE_CURVE('',#3138,#3139,#1454,.T.);
#3937=EDGE_CURVE('',#2956,#3137,#1455,.T.);
#3938=EDGE_CURVE('',#3140,#3141,#1456,.T.);
#3939=EDGE_CURVE('',#3140,#3142,#1457,.T.);
#3940=EDGE_CURVE('',#3143,#3142,#1458,.T.);
#3941=EDGE_CURVE('',#3141,#3143,#1459,.T.);
#3942=EDGE_CURVE('',#3144,#3140,#1460,.T.);
#3943=EDGE_CURVE('',#3144,#3145,#1461,.T.);
#3944=EDGE_CURVE('',#3142,#3145,#1462,.T.);
#3945=EDGE_CURVE('',#3141,#3146,#1463,.T.);
#3946=EDGE_CURVE('',#3147,#3143,#1464,.T.);
#3947=EDGE_CURVE('',#3146,#3147,#1465,.T.);
#3948=EDGE_CURVE('',#3146,#3144,#1466,.T.);
#3949=EDGE_CURVE('',#3145,#3147,#1467,.T.);
#3950=EDGE_CURVE('',#3148,#3149,#1468,.T.);
#3951=EDGE_CURVE('',#3148,#3150,#1469,.T.);
#3952=EDGE_CURVE('',#3151,#3150,#1470,.T.);
#3953=EDGE_CURVE('',#3149,#3151,#1471,.T.);
#3954=EDGE_CURVE('',#3152,#3148,#1472,.T.);
#3955=EDGE_CURVE('',#3152,#3153,#1473,.T.);
#3956=EDGE_CURVE('',#3150,#3153,#1474,.T.);
#3957=EDGE_CURVE('',#3149,#3154,#1475,.T.);
#3958=EDGE_CURVE('',#3155,#3151,#1476,.T.);
#3959=EDGE_CURVE('',#3154,#3155,#1477,.T.);
#3960=EDGE_CURVE('',#3154,#3152,#1478,.T.);
#3961=EDGE_CURVE('',#3153,#3155,#1479,.T.);
#3962=EDGE_CURVE('',#3156,#3157,#1480,.T.);
#3963=EDGE_CURVE('',#3156,#3158,#1481,.T.);
#3964=EDGE_CURVE('',#3159,#3158,#1482,.T.);
#3965=EDGE_CURVE('',#3157,#3159,#1483,.T.);
#3966=EDGE_CURVE('',#3160,#3156,#1484,.T.);
#3967=EDGE_CURVE('',#3160,#3161,#1485,.T.);
#3968=EDGE_CURVE('',#3158,#3161,#1486,.T.);
#3969=EDGE_CURVE('',#3157,#3162,#1487,.T.);
#3970=EDGE_CURVE('',#3163,#3159,#1488,.T.);
#3971=EDGE_CURVE('',#3162,#3163,#1489,.T.);
#3972=EDGE_CURVE('',#3162,#3160,#1490,.T.);
#3973=EDGE_CURVE('',#3161,#3163,#1491,.T.);
#3974=EDGE_CURVE('',#3164,#2949,#1492,.T.);
#3975=EDGE_CURVE('',#3164,#3165,#1493,.T.);
#3976=EDGE_CURVE('',#3166,#3165,#1494,.T.);
#3977=EDGE_CURVE('',#3166,#2950,#1495,.T.);
#3978=EDGE_CURVE('',#3167,#3164,#1496,.T.);
#3979=EDGE_CURVE('',#3167,#3168,#1497,.T.);
#3980=EDGE_CURVE('',#3165,#3168,#1498,.T.);
#3981=EDGE_CURVE('',#3169,#3166,#1499,.T.);
#3982=EDGE_CURVE('',#2951,#3169,#1500,.F.);
#3983=EDGE_CURVE('',#3168,#3169,#1501,.T.);
#3984=EDGE_CURVE('',#2952,#3167,#1502,.T.);
#3985=EDGE_CURVE('',#3170,#3171,#1503,.T.);
#3986=EDGE_CURVE('',#3170,#3172,#1504,.T.);
#3987=EDGE_CURVE('',#3173,#3172,#1505,.T.);
#3988=EDGE_CURVE('',#3171,#3173,#1506,.T.);
#3989=EDGE_CURVE('',#3174,#3170,#1507,.T.);
#3990=EDGE_CURVE('',#3174,#3175,#1508,.T.);
#3991=EDGE_CURVE('',#3172,#3175,#1509,.T.);
#3992=EDGE_CURVE('',#3171,#3176,#1510,.T.);
#3993=EDGE_CURVE('',#3177,#3173,#1511,.T.);
#3994=EDGE_CURVE('',#3176,#3177,#1512,.T.);
#3995=EDGE_CURVE('',#3176,#3174,#1513,.T.);
#3996=EDGE_CURVE('',#3175,#3177,#1514,.T.);
#3997=EDGE_CURVE('',#3178,#3179,#1515,.T.);
#3998=EDGE_CURVE('',#3178,#3180,#1516,.T.);
#3999=EDGE_CURVE('',#3181,#3180,#1517,.T.);
#4000=EDGE_CURVE('',#3179,#3181,#1518,.T.);
#4001=EDGE_CURVE('',#3182,#3178,#1519,.T.);
#4002=EDGE_CURVE('',#3182,#3183,#1520,.T.);
#4003=EDGE_CURVE('',#3180,#3183,#1521,.T.);
#4004=EDGE_CURVE('',#3179,#3184,#1522,.T.);
#4005=EDGE_CURVE('',#3185,#3181,#1523,.T.);
#4006=EDGE_CURVE('',#3184,#3185,#1524,.T.);
#4007=EDGE_CURVE('',#3184,#3182,#1525,.T.);
#4008=EDGE_CURVE('',#3183,#3185,#1526,.T.);
#4009=EDGE_CURVE('',#3186,#3187,#1527,.T.);
#4010=EDGE_CURVE('',#3186,#3188,#1528,.T.);
#4011=EDGE_CURVE('',#3189,#3188,#1529,.T.);
#4012=EDGE_CURVE('',#3187,#3189,#1530,.T.);
#4013=EDGE_CURVE('',#3190,#3186,#1531,.T.);
#4014=EDGE_CURVE('',#3190,#3191,#1532,.T.);
#4015=EDGE_CURVE('',#3188,#3191,#1533,.T.);
#4016=EDGE_CURVE('',#3187,#3192,#1534,.T.);
#4017=EDGE_CURVE('',#3193,#3189,#1535,.T.);
#4018=EDGE_CURVE('',#3192,#3193,#1536,.T.);
#4019=EDGE_CURVE('',#3192,#3190,#1537,.T.);
#4020=EDGE_CURVE('',#3191,#3193,#1538,.T.);
#4021=EDGE_CURVE('',#3194,#3195,#1539,.T.);
#4022=EDGE_CURVE('',#3194,#3196,#1540,.T.);
#4023=EDGE_CURVE('',#3197,#3196,#1541,.T.);
#4024=EDGE_CURVE('',#3195,#3197,#1542,.T.);
#4025=EDGE_CURVE('',#3198,#3194,#1543,.T.);
#4026=EDGE_CURVE('',#3198,#3199,#1544,.T.);
#4027=EDGE_CURVE('',#3196,#3199,#1545,.T.);
#4028=EDGE_CURVE('',#3195,#3200,#1546,.T.);
#4029=EDGE_CURVE('',#3201,#3197,#1547,.T.);
#4030=EDGE_CURVE('',#3200,#3201,#1548,.T.);
#4031=EDGE_CURVE('',#3200,#3198,#1549,.T.);
#4032=EDGE_CURVE('',#3199,#3201,#1550,.T.);
#4033=EDGE_CURVE('',#3202,#2780,#1551,.T.);
#4034=EDGE_CURVE('',#3203,#3202,#1552,.T.);
#4035=EDGE_CURVE('',#3203,#2834,#1553,.T.);
#4036=EDGE_CURVE('',#3204,#2779,#1554,.T.);
#4037=EDGE_CURVE('',#3202,#3204,#1555,.T.);
#4038=EDGE_CURVE('',#3205,#2835,#1556,.T.);
#4039=EDGE_CURVE('',#3204,#3205,#1557,.T.);
#4040=EDGE_CURVE('',#3205,#3203,#1558,.T.);
#4041=EDGE_CURVE('',#3206,#2945,#1559,.T.);
#4042=EDGE_CURVE('',#3206,#3207,#1560,.T.);
#4043=EDGE_CURVE('',#3208,#3207,#1561,.T.);
#4044=EDGE_CURVE('',#3208,#2946,#1562,.T.);
#4045=EDGE_CURVE('',#3209,#3206,#1563,.T.);
#4046=EDGE_CURVE('',#3209,#3210,#1564,.T.);
#4047=EDGE_CURVE('',#3207,#3210,#1565,.T.);
#4048=EDGE_CURVE('',#3211,#3208,#1566,.T.);
#4049=EDGE_CURVE('',#2947,#3211,#1567,.F.);
#4050=EDGE_CURVE('',#3210,#3211,#1568,.T.);
#4051=EDGE_CURVE('',#2948,#3209,#1569,.T.);
#4052=EDGE_CURVE('',#3212,#3213,#1570,.T.);
#4053=EDGE_CURVE('',#3212,#3214,#1571,.T.);
#4054=EDGE_CURVE('',#3215,#3214,#1572,.T.);
#4055=EDGE_CURVE('',#3213,#3215,#1573,.T.);
#4056=EDGE_CURVE('',#3216,#3212,#1574,.T.);
#4057=EDGE_CURVE('',#3216,#3217,#1575,.T.);
#4058=EDGE_CURVE('',#3214,#3217,#1576,.T.);
#4059=EDGE_CURVE('',#3213,#3218,#1577,.T.);
#4060=EDGE_CURVE('',#3219,#3215,#1578,.T.);
#4061=EDGE_CURVE('',#3218,#3219,#1579,.T.);
#4062=EDGE_CURVE('',#3218,#3216,#1580,.T.);
#4063=EDGE_CURVE('',#3217,#3219,#1581,.T.);
#4064=EDGE_CURVE('',#3220,#3221,#1582,.T.);
#4065=EDGE_CURVE('',#3220,#3222,#1583,.T.);
#4066=EDGE_CURVE('',#3223,#3222,#1584,.T.);
#4067=EDGE_CURVE('',#3221,#3223,#1585,.T.);
#4068=EDGE_CURVE('',#3224,#3220,#1586,.T.);
#4069=EDGE_CURVE('',#3224,#3225,#1587,.T.);
#4070=EDGE_CURVE('',#3222,#3225,#1588,.T.);
#4071=EDGE_CURVE('',#3221,#3226,#1589,.T.);
#4072=EDGE_CURVE('',#3227,#3223,#1590,.T.);
#4073=EDGE_CURVE('',#3226,#3227,#1591,.T.);
#4074=EDGE_CURVE('',#3226,#3224,#1592,.T.);
#4075=EDGE_CURVE('',#3225,#3227,#1593,.T.);
#4076=EDGE_CURVE('',#2985,#3228,#1594,.T.);
#4077=EDGE_CURVE('',#3229,#3228,#1595,.T.);
#4078=EDGE_CURVE('',#2986,#3229,#1596,.T.);
#4079=EDGE_CURVE('',#2984,#3230,#1597,.T.);
#4080=EDGE_CURVE('',#3228,#3230,#1598,.T.);
#4081=EDGE_CURVE('',#3231,#3229,#1599,.T.);
#4082=EDGE_CURVE('',#2987,#3231,#1600,.T.);
#4083=EDGE_CURVE('',#3230,#3231,#1601,.T.);
#4084=EDGE_CURVE('',#2981,#3232,#1602,.T.);
#4085=EDGE_CURVE('',#3233,#3232,#1603,.T.);
#4086=EDGE_CURVE('',#2982,#3233,#1604,.T.);
#4087=EDGE_CURVE('',#2980,#3234,#1605,.T.);
#4088=EDGE_CURVE('',#3232,#3234,#1606,.T.);
#4089=EDGE_CURVE('',#3235,#3233,#1607,.T.);
#4090=EDGE_CURVE('',#2983,#3235,#1608,.T.);
#4091=EDGE_CURVE('',#3234,#3235,#1609,.T.);
#4092=EDGE_CURVE('',#2977,#3236,#1610,.T.);
#4093=EDGE_CURVE('',#3237,#3236,#1611,.T.);
#4094=EDGE_CURVE('',#2978,#3237,#1612,.T.);
#4095=EDGE_CURVE('',#2976,#3238,#1613,.T.);
#4096=EDGE_CURVE('',#3236,#3238,#1614,.T.);
#4097=EDGE_CURVE('',#3239,#3237,#1615,.T.);
#4098=EDGE_CURVE('',#2979,#3239,#1616,.T.);
#4099=EDGE_CURVE('',#3238,#3239,#1617,.T.);
#4100=EDGE_CURVE('',#3240,#3241,#1618,.T.);
#4101=EDGE_CURVE('',#3240,#3242,#1619,.T.);
#4102=EDGE_CURVE('',#3243,#3242,#1620,.T.);
#4103=EDGE_CURVE('',#3241,#3243,#1621,.T.);
#4104=EDGE_CURVE('',#3244,#3240,#1622,.T.);
#4105=EDGE_CURVE('',#3244,#3245,#1623,.T.);
#4106=EDGE_CURVE('',#3242,#3245,#1624,.T.);
#4107=EDGE_CURVE('',#3241,#3246,#1625,.T.);
#4108=EDGE_CURVE('',#3247,#3243,#1626,.T.);
#4109=EDGE_CURVE('',#3246,#3247,#1627,.T.);
#4110=EDGE_CURVE('',#3246,#3244,#1628,.T.);
#4111=EDGE_CURVE('',#3245,#3247,#1629,.T.);
#4112=EDGE_CURVE('',#2975,#3248,#1630,.T.);
#4113=EDGE_CURVE('',#3249,#3248,#1631,.T.);
#4114=EDGE_CURVE('',#2972,#3249,#1632,.T.);
#4115=EDGE_CURVE('',#3250,#3249,#1633,.T.);
#4116=EDGE_CURVE('',#2973,#3250,#1634,.T.);
#4117=EDGE_CURVE('',#3248,#3251,#1635,.T.);
#4118=EDGE_CURVE('',#3251,#3250,#1636,.T.);
#4119=EDGE_CURVE('',#2974,#3251,#1637,.T.);
#4120=EDGE_CURVE('',#2969,#3252,#1638,.T.);
#4121=EDGE_CURVE('',#3253,#3252,#1639,.T.);
#4122=EDGE_CURVE('',#2970,#3253,#1640,.T.);
#4123=EDGE_CURVE('',#2968,#3254,#1641,.T.);
#4124=EDGE_CURVE('',#3252,#3254,#1642,.T.);
#4125=EDGE_CURVE('',#3255,#3253,#1643,.T.);
#4126=EDGE_CURVE('',#2971,#3255,#1644,.T.);
#4127=EDGE_CURVE('',#3254,#3255,#1645,.T.);
#4128=EDGE_CURVE('',#2965,#3256,#1646,.T.);
#4129=EDGE_CURVE('',#3257,#3256,#1647,.T.);
#4130=EDGE_CURVE('',#2966,#3257,#1648,.T.);
#4131=EDGE_CURVE('',#2964,#3258,#1649,.T.);
#4132=EDGE_CURVE('',#3256,#3258,#1650,.T.);
#4133=EDGE_CURVE('',#3259,#3257,#1651,.T.);
#4134=EDGE_CURVE('',#2967,#3259,#1652,.T.);
#4135=EDGE_CURVE('',#3258,#3259,#1653,.T.);
#4136=EDGE_CURVE('',#3260,#3261,#1654,.T.);
#4137=EDGE_CURVE('',#3260,#3262,#1655,.T.);
#4138=EDGE_CURVE('',#3263,#3262,#1656,.T.);
#4139=EDGE_CURVE('',#3261,#3263,#1657,.T.);
#4140=EDGE_CURVE('',#3261,#3264,#1658,.T.);
#4141=EDGE_CURVE('',#3265,#3263,#1659,.T.);
#4142=EDGE_CURVE('',#3264,#3265,#1660,.T.);
#4143=EDGE_CURVE('',#3264,#3266,#1661,.T.);
#4144=EDGE_CURVE('',#3267,#3265,#1662,.T.);
#4145=EDGE_CURVE('',#3266,#3267,#1663,.T.);
#4146=EDGE_CURVE('',#3266,#3260,#1664,.T.);
#4147=EDGE_CURVE('',#3262,#3267,#1665,.T.);
#4148=EDGE_CURVE('',#3268,#3269,#1666,.T.);
#4149=EDGE_CURVE('',#3268,#3270,#1667,.T.);
#4150=EDGE_CURVE('',#3271,#3270,#1668,.T.);
#4151=EDGE_CURVE('',#3269,#3271,#1669,.T.);
#4152=EDGE_CURVE('',#3269,#3272,#1670,.T.);
#4153=EDGE_CURVE('',#3273,#3271,#1671,.T.);
#4154=EDGE_CURVE('',#3272,#3273,#1672,.T.);
#4155=EDGE_CURVE('',#3272,#3274,#1673,.T.);
#4156=EDGE_CURVE('',#3275,#3273,#1674,.T.);
#4157=EDGE_CURVE('',#3274,#3275,#1675,.T.);
#4158=EDGE_CURVE('',#3274,#3268,#1676,.T.);
#4159=EDGE_CURVE('',#3270,#3275,#1677,.T.);
#4160=EDGE_CURVE('',#3276,#3277,#1678,.T.);
#4161=EDGE_CURVE('',#3276,#3278,#1679,.T.);
#4162=EDGE_CURVE('',#3279,#3278,#1680,.T.);
#4163=EDGE_CURVE('',#3277,#3279,#1681,.T.);
#4164=EDGE_CURVE('',#3277,#3280,#1682,.T.);
#4165=EDGE_CURVE('',#3281,#3279,#1683,.T.);
#4166=EDGE_CURVE('',#3280,#3281,#1684,.T.);
#4167=EDGE_CURVE('',#3280,#3282,#1685,.T.);
#4168=EDGE_CURVE('',#3283,#3281,#1686,.T.);
#4169=EDGE_CURVE('',#3282,#3283,#1687,.T.);
#4170=EDGE_CURVE('',#3282,#3276,#1688,.T.);
#4171=EDGE_CURVE('',#3278,#3283,#1689,.T.);
#4172=EDGE_CURVE('',#3284,#3285,#1690,.T.);
#4173=EDGE_CURVE('',#3284,#3286,#1691,.T.);
#4174=EDGE_CURVE('',#3287,#3286,#1692,.T.);
#4175=EDGE_CURVE('',#3285,#3287,#1693,.T.);
#4176=EDGE_CURVE('',#3285,#3288,#1694,.T.);
#4177=EDGE_CURVE('',#3289,#3287,#1695,.T.);
#4178=EDGE_CURVE('',#3288,#3289,#1696,.T.);
#4179=EDGE_CURVE('',#3288,#3290,#1697,.T.);
#4180=EDGE_CURVE('',#3291,#3289,#1698,.T.);
#4181=EDGE_CURVE('',#3290,#3291,#1699,.T.);
#4182=EDGE_CURVE('',#3290,#3284,#1700,.T.);
#4183=EDGE_CURVE('',#3286,#3291,#1701,.T.);
#4184=EDGE_CURVE('',#3292,#3293,#1702,.T.);
#4185=EDGE_CURVE('',#3292,#3294,#1703,.T.);
#4186=EDGE_CURVE('',#3295,#3294,#1704,.T.);
#4187=EDGE_CURVE('',#3293,#3295,#1705,.T.);
#4188=EDGE_CURVE('',#3293,#3296,#1706,.T.);
#4189=EDGE_CURVE('',#3297,#3295,#1707,.T.);
#4190=EDGE_CURVE('',#3296,#3297,#1708,.T.);
#4191=EDGE_CURVE('',#3296,#3298,#1709,.T.);
#4192=EDGE_CURVE('',#3299,#3297,#1710,.T.);
#4193=EDGE_CURVE('',#3298,#3299,#1711,.T.);
#4194=EDGE_CURVE('',#3298,#3292,#1712,.T.);
#4195=EDGE_CURVE('',#3294,#3299,#1713,.T.);
#4196=EDGE_CURVE('',#3300,#3301,#1714,.T.);
#4197=EDGE_CURVE('',#3300,#3302,#1715,.T.);
#4198=EDGE_CURVE('',#3303,#3302,#1716,.T.);
#4199=EDGE_CURVE('',#3301,#3303,#1717,.T.);
#4200=EDGE_CURVE('',#3301,#3304,#1718,.T.);
#4201=EDGE_CURVE('',#3305,#3303,#1719,.T.);
#4202=EDGE_CURVE('',#3304,#3305,#1720,.T.);
#4203=EDGE_CURVE('',#3304,#3306,#1721,.T.);
#4204=EDGE_CURVE('',#3307,#3305,#1722,.T.);
#4205=EDGE_CURVE('',#3306,#3307,#1723,.T.);
#4206=EDGE_CURVE('',#3306,#3300,#1724,.T.);
#4207=EDGE_CURVE('',#3302,#3307,#1725,.T.);
#4208=EDGE_CURVE('',#3308,#3309,#1726,.T.);
#4209=EDGE_CURVE('',#3308,#3310,#1727,.T.);
#4210=EDGE_CURVE('',#3311,#3310,#1728,.T.);
#4211=EDGE_CURVE('',#3309,#3311,#1729,.T.);
#4212=EDGE_CURVE('',#3309,#3312,#1730,.T.);
#4213=EDGE_CURVE('',#3313,#3311,#1731,.T.);
#4214=EDGE_CURVE('',#3312,#3313,#1732,.T.);
#4215=EDGE_CURVE('',#3312,#3314,#1733,.T.);
#4216=EDGE_CURVE('',#3315,#3313,#1734,.T.);
#4217=EDGE_CURVE('',#3314,#3315,#1735,.T.);
#4218=EDGE_CURVE('',#3314,#3308,#1736,.T.);
#4219=EDGE_CURVE('',#3310,#3315,#1737,.T.);
#4220=EDGE_CURVE('',#3316,#3317,#1738,.T.);
#4221=EDGE_CURVE('',#3316,#3318,#1739,.T.);
#4222=EDGE_CURVE('',#3319,#3318,#1740,.T.);
#4223=EDGE_CURVE('',#3317,#3319,#1741,.T.);
#4224=EDGE_CURVE('',#3317,#3320,#1742,.T.);
#4225=EDGE_CURVE('',#3321,#3319,#1743,.T.);
#4226=EDGE_CURVE('',#3320,#3321,#1744,.T.);
#4227=EDGE_CURVE('',#3320,#3322,#1745,.T.);
#4228=EDGE_CURVE('',#3323,#3321,#1746,.T.);
#4229=EDGE_CURVE('',#3322,#3323,#1747,.T.);
#4230=EDGE_CURVE('',#3322,#3316,#1748,.T.);
#4231=EDGE_CURVE('',#3318,#3323,#1749,.T.);
#4232=EDGE_CURVE('',#3324,#3325,#1750,.T.);
#4233=EDGE_CURVE('',#3324,#3326,#1751,.T.);
#4234=EDGE_CURVE('',#3327,#3326,#1752,.T.);
#4235=EDGE_CURVE('',#3325,#3327,#1753,.T.);
#4236=EDGE_CURVE('',#3325,#3328,#1754,.T.);
#4237=EDGE_CURVE('',#3329,#3327,#1755,.T.);
#4238=EDGE_CURVE('',#3328,#3329,#1756,.T.);
#4239=EDGE_CURVE('',#3328,#3330,#1757,.T.);
#4240=EDGE_CURVE('',#3331,#3329,#1758,.T.);
#4241=EDGE_CURVE('',#3330,#3331,#1759,.T.);
#4242=EDGE_CURVE('',#3330,#3324,#1760,.T.);
#4243=EDGE_CURVE('',#3326,#3331,#1761,.T.);
#4244=EDGE_CURVE('',#3332,#3333,#1762,.T.);
#4245=EDGE_CURVE('',#3332,#3334,#1763,.T.);
#4246=EDGE_CURVE('',#3335,#3334,#1764,.T.);
#4247=EDGE_CURVE('',#3333,#3335,#1765,.T.);
#4248=EDGE_CURVE('',#3333,#3336,#1766,.T.);
#4249=EDGE_CURVE('',#3337,#3335,#1767,.T.);
#4250=EDGE_CURVE('',#3336,#3337,#1768,.T.);
#4251=EDGE_CURVE('',#3336,#3338,#1769,.T.);
#4252=EDGE_CURVE('',#3339,#3337,#1770,.T.);
#4253=EDGE_CURVE('',#3338,#3339,#1771,.T.);
#4254=EDGE_CURVE('',#3338,#3332,#1772,.T.);
#4255=EDGE_CURVE('',#3334,#3339,#1773,.T.);
#4256=EDGE_CURVE('',#3340,#2963,#1774,.T.);
#4257=EDGE_CURVE('',#2939,#3340,#1775,.T.);
#4258=EDGE_CURVE('',#3341,#3342,#1776,.T.);
#4259=EDGE_CURVE('',#3343,#3341,#1777,.T.);
#4260=EDGE_CURVE('',#3344,#3343,#1778,.T.);
#4261=EDGE_CURVE('',#3342,#3344,#1779,.T.);
#4262=EDGE_CURVE('',#3345,#2961,#1780,.T.);
#4263=EDGE_CURVE('',#3346,#3345,#1781,.T.);
#4264=EDGE_CURVE('',#2962,#3346,#1782,.T.);
#4265=EDGE_CURVE('',#3347,#3344,#1783,.T.);
#4266=EDGE_CURVE('',#3347,#3348,#1784,.T.);
#4267=EDGE_CURVE('',#3342,#3348,#1785,.T.);
#4268=EDGE_CURVE('',#3349,#3343,#1786,.T.);
#4269=EDGE_CURVE('',#3349,#3347,#1787,.T.);
#4270=EDGE_CURVE('',#3350,#3351,#1788,.T.);
#4271=EDGE_CURVE('',#3352,#3350,#1789,.T.);
#4272=EDGE_CURVE('',#3353,#3352,#1790,.T.);
#4273=EDGE_CURVE('',#3351,#3353,#1791,.T.);
#4274=EDGE_CURVE('',#3354,#3351,#1792,.T.);
#4275=EDGE_CURVE('',#3355,#3354,#1793,.T.);
#4276=EDGE_CURVE('',#3355,#3350,#1794,.T.);
#4277=EDGE_CURVE('',#3356,#2926,#1795,.T.);
#4278=EDGE_CURVE('',#3357,#3356,#1796,.T.);
#4279=EDGE_CURVE('',#3358,#3357,#1797,.T.);
#4280=EDGE_CURVE('',#2923,#3358,#1798,.T.);
#4281=EDGE_CURVE('',#2920,#2932,#1799,.T.);
#4282=EDGE_CURVE('',#2933,#2919,#1800,.T.);
#4283=EDGE_CURVE('',#2918,#2934,#1801,.T.);
#4284=EDGE_CURVE('',#3348,#3359,#1802,.T.);
#4285=EDGE_CURVE('',#3359,#3349,#1803,.T.);
#4286=EDGE_CURVE('',#3352,#3360,#1804,.T.);
#4287=EDGE_CURVE('',#3360,#3361,#1805,.F.);
#4288=EDGE_CURVE('',#3353,#3361,#1806,.T.);
#4289=EDGE_CURVE('',#3360,#3355,#1807,.T.);
#4290=EDGE_CURVE('',#3362,#3363,#1808,.T.);
#4291=EDGE_CURVE('',#3364,#3362,#1809,.T.);
#4292=EDGE_CURVE('',#3365,#3364,#1810,.T.);
#4293=EDGE_CURVE('',#3363,#3365,#1811,.T.);
#4294=EDGE_CURVE('',#3366,#3365,#1812,.T.);
#4295=EDGE_CURVE('',#3367,#3366,#1813,.T.);
#4296=EDGE_CURVE('',#3363,#3367,#1814,.T.);
#4297=EDGE_CURVE('',#2799,#3345,#1815,.T.);
#4298=EDGE_CURVE('',#3361,#3354,#1816,.T.);
#4299=EDGE_CURVE('',#3341,#3359,#1817,.T.);
#4300=EDGE_CURVE('',#3362,#3368,#1818,.T.);
#4301=EDGE_CURVE('',#3368,#3369,#1819,.T.);
#4302=EDGE_CURVE('',#3369,#3364,#1820,.T.);
#4303=EDGE_CURVE('',#3366,#3369,#1821,.F.);
#4304=EDGE_CURVE('',#3356,#2929,#1822,.T.);
#4305=EDGE_CURVE('',#3358,#2927,#1823,.T.);
#4306=EDGE_CURVE('',#2928,#3357,#1824,.T.);
#4307=EDGE_CURVE('',#3346,#3340,#1825,.T.);
#4308=EDGE_CURVE('',#3367,#3368,#1826,.F.);
#4309=ORIENTED_EDGE('',*,*,#3370,.F.);
#4310=ORIENTED_EDGE('',*,*,#3371,.T.);
#4311=ORIENTED_EDGE('',*,*,#3372,.F.);
#4312=ORIENTED_EDGE('',*,*,#3373,.F.);
#4313=ORIENTED_EDGE('',*,*,#3374,.F.);
#4314=ORIENTED_EDGE('',*,*,#3375,.T.);
#4315=ORIENTED_EDGE('',*,*,#3376,.F.);
#4316=ORIENTED_EDGE('',*,*,#3371,.F.);
#4317=ORIENTED_EDGE('',*,*,#3377,.F.);
#4318=ORIENTED_EDGE('',*,*,#3373,.T.);
#4319=ORIENTED_EDGE('',*,*,#3378,.F.);
#4320=ORIENTED_EDGE('',*,*,#3379,.F.);
#4321=ORIENTED_EDGE('',*,*,#3380,.F.);
#4322=ORIENTED_EDGE('',*,*,#3379,.T.);
#4323=ORIENTED_EDGE('',*,*,#3381,.F.);
#4324=ORIENTED_EDGE('',*,*,#3375,.F.);
#4325=ORIENTED_EDGE('',*,*,#3381,.T.);
#4326=ORIENTED_EDGE('',*,*,#3378,.T.);
#4327=ORIENTED_EDGE('',*,*,#3372,.T.);
#4328=ORIENTED_EDGE('',*,*,#3376,.T.);
#4329=ORIENTED_EDGE('',*,*,#3382,.F.);
#4330=ORIENTED_EDGE('',*,*,#3383,.T.);
#4331=ORIENTED_EDGE('',*,*,#3384,.T.);
#4332=ORIENTED_EDGE('',*,*,#3385,.T.);
#4333=ORIENTED_EDGE('',*,*,#3386,.F.);
#4334=ORIENTED_EDGE('',*,*,#3387,.F.);
#4335=ORIENTED_EDGE('',*,*,#3388,.F.);
#4336=ORIENTED_EDGE('',*,*,#3383,.F.);
#4337=ORIENTED_EDGE('',*,*,#3389,.F.);
#4338=ORIENTED_EDGE('',*,*,#3390,.F.);
#4339=ORIENTED_EDGE('',*,*,#3384,.F.);
#4340=ORIENTED_EDGE('',*,*,#3388,.T.);
#4341=ORIENTED_EDGE('',*,*,#3391,.F.);
#4342=ORIENTED_EDGE('',*,*,#3385,.F.);
#4343=ORIENTED_EDGE('',*,*,#3390,.T.);
#4344=ORIENTED_EDGE('',*,*,#3392,.F.);
#4345=ORIENTED_EDGE('',*,*,#3392,.T.);
#4346=ORIENTED_EDGE('',*,*,#3389,.T.);
#4347=ORIENTED_EDGE('',*,*,#3387,.T.);
#4348=ORIENTED_EDGE('',*,*,#3393,.F.);
#4349=ORIENTED_EDGE('',*,*,#3394,.T.);
#4350=ORIENTED_EDGE('',*,*,#3395,.T.);
#4351=ORIENTED_EDGE('',*,*,#3396,.T.);
#4352=ORIENTED_EDGE('',*,*,#3397,.F.);
#4353=ORIENTED_EDGE('',*,*,#3398,.T.);
#4354=ORIENTED_EDGE('',*,*,#3399,.T.);
#4355=ORIENTED_EDGE('',*,*,#3400,.T.);
#4356=ORIENTED_EDGE('',*,*,#3401,.F.);
#4357=ORIENTED_EDGE('',*,*,#3402,.T.);
#4358=ORIENTED_EDGE('',*,*,#3403,.T.);
#4359=ORIENTED_EDGE('',*,*,#3404,.T.);
#4360=ORIENTED_EDGE('',*,*,#3405,.F.);
#4361=ORIENTED_EDGE('',*,*,#3406,.T.);
#4362=ORIENTED_EDGE('',*,*,#3407,.F.);
#4363=ORIENTED_EDGE('',*,*,#3408,.T.);
#4364=ORIENTED_EDGE('',*,*,#3409,.T.);
#4365=ORIENTED_EDGE('',*,*,#3410,.T.);
#4366=ORIENTED_EDGE('',*,*,#3411,.F.);
#4367=ORIENTED_EDGE('',*,*,#3412,.T.);
#4368=ORIENTED_EDGE('',*,*,#3413,.T.);
#4369=ORIENTED_EDGE('',*,*,#3414,.T.);
#4370=ORIENTED_EDGE('',*,*,#3415,.F.);
#4371=ORIENTED_EDGE('',*,*,#3416,.T.);
#4372=ORIENTED_EDGE('',*,*,#3417,.T.);
#4373=ORIENTED_EDGE('',*,*,#3418,.T.);
#4374=ORIENTED_EDGE('',*,*,#3419,.F.);
#4375=ORIENTED_EDGE('',*,*,#3420,.T.);
#4376=ORIENTED_EDGE('',*,*,#3421,.T.);
#4377=ORIENTED_EDGE('',*,*,#3422,.T.);
#4378=ORIENTED_EDGE('',*,*,#3423,.F.);
#4379=ORIENTED_EDGE('',*,*,#3424,.T.);
#4380=ORIENTED_EDGE('',*,*,#3425,.T.);
#4381=ORIENTED_EDGE('',*,*,#3426,.T.);
#4382=ORIENTED_EDGE('',*,*,#3427,.F.);
#4383=ORIENTED_EDGE('',*,*,#3428,.F.);
#4384=ORIENTED_EDGE('',*,*,#3429,.F.);
#4385=ORIENTED_EDGE('',*,*,#3430,.T.);
#4386=ORIENTED_EDGE('',*,*,#3431,.T.);
#4387=ORIENTED_EDGE('',*,*,#3432,.T.);
#4388=ORIENTED_EDGE('',*,*,#3433,.F.);
#4389=ORIENTED_EDGE('',*,*,#3434,.T.);
#4390=ORIENTED_EDGE('',*,*,#3435,.T.);
#4391=ORIENTED_EDGE('',*,*,#3436,.T.);
#4392=ORIENTED_EDGE('',*,*,#3437,.T.);
#4393=ORIENTED_EDGE('',*,*,#3438,.T.);
#4394=ORIENTED_EDGE('',*,*,#3439,.T.);
#4395=ORIENTED_EDGE('',*,*,#3440,.T.);
#4396=ORIENTED_EDGE('',*,*,#3441,.T.);
#4397=ORIENTED_EDGE('',*,*,#3442,.T.);
#4398=ORIENTED_EDGE('',*,*,#3443,.T.);
#4399=ORIENTED_EDGE('',*,*,#3444,.T.);
#4400=ORIENTED_EDGE('',*,*,#3445,.T.);
#4401=ORIENTED_EDGE('',*,*,#3446,.T.);
#4402=ORIENTED_EDGE('',*,*,#3447,.T.);
#4403=ORIENTED_EDGE('',*,*,#3448,.T.);
#4404=ORIENTED_EDGE('',*,*,#3449,.T.);
#4405=ORIENTED_EDGE('',*,*,#3450,.T.);
#4406=ORIENTED_EDGE('',*,*,#3451,.T.);
#4407=ORIENTED_EDGE('',*,*,#3452,.T.);
#4408=ORIENTED_EDGE('',*,*,#3453,.T.);
#4409=ORIENTED_EDGE('',*,*,#3451,.F.);
#4410=ORIENTED_EDGE('',*,*,#3454,.F.);
#4411=ORIENTED_EDGE('',*,*,#3455,.F.);
#4412=ORIENTED_EDGE('',*,*,#3456,.T.);
#4413=ORIENTED_EDGE('',*,*,#3450,.F.);
#4414=ORIENTED_EDGE('',*,*,#3457,.F.);
#4415=ORIENTED_EDGE('',*,*,#3458,.F.);
#4416=ORIENTED_EDGE('',*,*,#3454,.T.);
#4417=ORIENTED_EDGE('',*,*,#3453,.F.);
#4418=ORIENTED_EDGE('',*,*,#3459,.F.);
#4419=ORIENTED_EDGE('',*,*,#3460,.F.);
#4420=ORIENTED_EDGE('',*,*,#3457,.T.);
#4421=ORIENTED_EDGE('',*,*,#3452,.F.);
#4422=ORIENTED_EDGE('',*,*,#3456,.F.);
#4423=ORIENTED_EDGE('',*,*,#3461,.F.);
#4424=ORIENTED_EDGE('',*,*,#3459,.T.);
#4425=ORIENTED_EDGE('',*,*,#3455,.T.);
#4426=ORIENTED_EDGE('',*,*,#3458,.T.);
#4427=ORIENTED_EDGE('',*,*,#3460,.T.);
#4428=ORIENTED_EDGE('',*,*,#3461,.T.);
#4429=ORIENTED_EDGE('',*,*,#3462,.F.);
#4430=ORIENTED_EDGE('',*,*,#3414,.F.);
#4431=ORIENTED_EDGE('',*,*,#3463,.F.);
#4432=ORIENTED_EDGE('',*,*,#3464,.F.);
#4433=ORIENTED_EDGE('',*,*,#3465,.T.);
#4434=ORIENTED_EDGE('',*,*,#3413,.F.);
#4435=ORIENTED_EDGE('',*,*,#3466,.F.);
#4436=ORIENTED_EDGE('',*,*,#3467,.F.);
#4437=ORIENTED_EDGE('',*,*,#3463,.T.);
#4438=ORIENTED_EDGE('',*,*,#3468,.F.);
#4439=ORIENTED_EDGE('',*,*,#3469,.F.);
#4440=ORIENTED_EDGE('',*,*,#3470,.F.);
#4441=ORIENTED_EDGE('',*,*,#3466,.T.);
#4442=ORIENTED_EDGE('',*,*,#3412,.F.);
#4443=ORIENTED_EDGE('',*,*,#3471,.F.);
#4444=ORIENTED_EDGE('',*,*,#3465,.F.);
#4445=ORIENTED_EDGE('',*,*,#3472,.F.);
#4446=ORIENTED_EDGE('',*,*,#3469,.T.);
#4447=ORIENTED_EDGE('',*,*,#3464,.T.);
#4448=ORIENTED_EDGE('',*,*,#3467,.T.);
#4449=ORIENTED_EDGE('',*,*,#3470,.T.);
#4450=ORIENTED_EDGE('',*,*,#3472,.T.);
#4451=ORIENTED_EDGE('',*,*,#3462,.T.);
#4452=ORIENTED_EDGE('',*,*,#3471,.T.);
#4453=ORIENTED_EDGE('',*,*,#3468,.T.);
#4454=ORIENTED_EDGE('',*,*,#3411,.T.);
#4455=ORIENTED_EDGE('',*,*,#3473,.F.);
#4456=ORIENTED_EDGE('',*,*,#3474,.T.);
#4457=ORIENTED_EDGE('',*,*,#3475,.F.);
#4458=ORIENTED_EDGE('',*,*,#3407,.T.);
#4459=ORIENTED_EDGE('',*,*,#3476,.F.);
#4460=ORIENTED_EDGE('',*,*,#3477,.T.);
#4461=ORIENTED_EDGE('',*,*,#3478,.T.);
#4462=ORIENTED_EDGE('',*,*,#3427,.T.);
#4463=ORIENTED_EDGE('',*,*,#3479,.T.);
#4464=ORIENTED_EDGE('',*,*,#3480,.T.);
#4465=ORIENTED_EDGE('',*,*,#3481,.T.);
#4466=ORIENTED_EDGE('',*,*,#3423,.T.);
#4467=ORIENTED_EDGE('',*,*,#3482,.T.);
#4468=ORIENTED_EDGE('',*,*,#3483,.T.);
#4469=ORIENTED_EDGE('',*,*,#3484,.T.);
#4470=ORIENTED_EDGE('',*,*,#3419,.T.);
#4471=ORIENTED_EDGE('',*,*,#3485,.T.);
#4472=ORIENTED_EDGE('',*,*,#3486,.T.);
#4473=ORIENTED_EDGE('',*,*,#3487,.T.);
#4474=ORIENTED_EDGE('',*,*,#3415,.T.);
#4475=ORIENTED_EDGE('',*,*,#3488,.F.);
#4476=ORIENTED_EDGE('',*,*,#3489,.T.);
#4477=ORIENTED_EDGE('',*,*,#3490,.T.);
#4478=ORIENTED_EDGE('',*,*,#3491,.T.);
#4479=ORIENTED_EDGE('',*,*,#3492,.F.);
#4480=ORIENTED_EDGE('',*,*,#3432,.F.);
#4481=ORIENTED_EDGE('',*,*,#3493,.F.);
#4482=ORIENTED_EDGE('',*,*,#3489,.F.);
#4483=ORIENTED_EDGE('',*,*,#3431,.F.);
#4484=ORIENTED_EDGE('',*,*,#3494,.F.);
#4485=ORIENTED_EDGE('',*,*,#3490,.F.);
#4486=ORIENTED_EDGE('',*,*,#3493,.T.);
#4487=ORIENTED_EDGE('',*,*,#3495,.F.);
#4488=ORIENTED_EDGE('',*,*,#3491,.F.);
#4489=ORIENTED_EDGE('',*,*,#3494,.T.);
#4490=ORIENTED_EDGE('',*,*,#3430,.F.);
#4491=ORIENTED_EDGE('',*,*,#3479,.F.);
#4492=ORIENTED_EDGE('',*,*,#3426,.F.);
#4493=ORIENTED_EDGE('',*,*,#3496,.F.);
#4494=ORIENTED_EDGE('',*,*,#3497,.F.);
#4495=ORIENTED_EDGE('',*,*,#3498,.T.);
#4496=ORIENTED_EDGE('',*,*,#3425,.F.);
#4497=ORIENTED_EDGE('',*,*,#3499,.F.);
#4498=ORIENTED_EDGE('',*,*,#3500,.F.);
#4499=ORIENTED_EDGE('',*,*,#3496,.T.);
#4500=ORIENTED_EDGE('',*,*,#3481,.F.);
#4501=ORIENTED_EDGE('',*,*,#3501,.F.);
#4502=ORIENTED_EDGE('',*,*,#3502,.F.);
#4503=ORIENTED_EDGE('',*,*,#3499,.T.);
#4504=ORIENTED_EDGE('',*,*,#3424,.F.);
#4505=ORIENTED_EDGE('',*,*,#3480,.F.);
#4506=ORIENTED_EDGE('',*,*,#3498,.F.);
#4507=ORIENTED_EDGE('',*,*,#3503,.F.);
#4508=ORIENTED_EDGE('',*,*,#3501,.T.);
#4509=ORIENTED_EDGE('',*,*,#3497,.T.);
#4510=ORIENTED_EDGE('',*,*,#3500,.T.);
#4511=ORIENTED_EDGE('',*,*,#3502,.T.);
#4512=ORIENTED_EDGE('',*,*,#3503,.T.);
#4513=ORIENTED_EDGE('',*,*,#3435,.F.);
#4514=ORIENTED_EDGE('',*,*,#3504,.F.);
#4515=ORIENTED_EDGE('',*,*,#3505,.F.);
#4516=ORIENTED_EDGE('',*,*,#3506,.T.);
#4517=ORIENTED_EDGE('',*,*,#3434,.F.);
#4518=ORIENTED_EDGE('',*,*,#3507,.F.);
#4519=ORIENTED_EDGE('',*,*,#3508,.F.);
#4520=ORIENTED_EDGE('',*,*,#3504,.T.);
#4521=ORIENTED_EDGE('',*,*,#3437,.F.);
#4522=ORIENTED_EDGE('',*,*,#3509,.F.);
#4523=ORIENTED_EDGE('',*,*,#3510,.F.);
#4524=ORIENTED_EDGE('',*,*,#3507,.T.);
#4525=ORIENTED_EDGE('',*,*,#3436,.F.);
#4526=ORIENTED_EDGE('',*,*,#3506,.F.);
#4527=ORIENTED_EDGE('',*,*,#3511,.F.);
#4528=ORIENTED_EDGE('',*,*,#3509,.T.);
#4529=ORIENTED_EDGE('',*,*,#3505,.T.);
#4530=ORIENTED_EDGE('',*,*,#3508,.T.);
#4531=ORIENTED_EDGE('',*,*,#3510,.T.);
#4532=ORIENTED_EDGE('',*,*,#3511,.T.);
#4533=ORIENTED_EDGE('',*,*,#3512,.F.);
#4534=ORIENTED_EDGE('',*,*,#3513,.T.);
#4535=ORIENTED_EDGE('',*,*,#3514,.T.);
#4536=ORIENTED_EDGE('',*,*,#3515,.T.);
#4537=ORIENTED_EDGE('',*,*,#3516,.F.);
#4538=ORIENTED_EDGE('',*,*,#3404,.F.);
#4539=ORIENTED_EDGE('',*,*,#3517,.F.);
#4540=ORIENTED_EDGE('',*,*,#3513,.F.);
#4541=ORIENTED_EDGE('',*,*,#3403,.F.);
#4542=ORIENTED_EDGE('',*,*,#3518,.F.);
#4543=ORIENTED_EDGE('',*,*,#3514,.F.);
#4544=ORIENTED_EDGE('',*,*,#3517,.T.);
#4545=ORIENTED_EDGE('',*,*,#3519,.F.);
#4546=ORIENTED_EDGE('',*,*,#3515,.F.);
#4547=ORIENTED_EDGE('',*,*,#3518,.T.);
#4548=ORIENTED_EDGE('',*,*,#3402,.F.);
#4549=ORIENTED_EDGE('',*,*,#3447,.F.);
#4550=ORIENTED_EDGE('',*,*,#3520,.F.);
#4551=ORIENTED_EDGE('',*,*,#3521,.F.);
#4552=ORIENTED_EDGE('',*,*,#3522,.T.);
#4553=ORIENTED_EDGE('',*,*,#3446,.F.);
#4554=ORIENTED_EDGE('',*,*,#3523,.F.);
#4555=ORIENTED_EDGE('',*,*,#3524,.F.);
#4556=ORIENTED_EDGE('',*,*,#3520,.T.);
#4557=ORIENTED_EDGE('',*,*,#3449,.F.);
#4558=ORIENTED_EDGE('',*,*,#3525,.F.);
#4559=ORIENTED_EDGE('',*,*,#3526,.F.);
#4560=ORIENTED_EDGE('',*,*,#3523,.T.);
#4561=ORIENTED_EDGE('',*,*,#3448,.F.);
#4562=ORIENTED_EDGE('',*,*,#3522,.F.);
#4563=ORIENTED_EDGE('',*,*,#3527,.F.);
#4564=ORIENTED_EDGE('',*,*,#3525,.T.);
#4565=ORIENTED_EDGE('',*,*,#3521,.T.);
#4566=ORIENTED_EDGE('',*,*,#3524,.T.);
#4567=ORIENTED_EDGE('',*,*,#3526,.T.);
#4568=ORIENTED_EDGE('',*,*,#3527,.T.);
#4569=ORIENTED_EDGE('',*,*,#3443,.F.);
#4570=ORIENTED_EDGE('',*,*,#3528,.F.);
#4571=ORIENTED_EDGE('',*,*,#3529,.F.);
#4572=ORIENTED_EDGE('',*,*,#3530,.T.);
#4573=ORIENTED_EDGE('',*,*,#3442,.F.);
#4574=ORIENTED_EDGE('',*,*,#3531,.F.);
#4575=ORIENTED_EDGE('',*,*,#3532,.F.);
#4576=ORIENTED_EDGE('',*,*,#3528,.T.);
#4577=ORIENTED_EDGE('',*,*,#3445,.F.);
#4578=ORIENTED_EDGE('',*,*,#3533,.F.);
#4579=ORIENTED_EDGE('',*,*,#3534,.F.);
#4580=ORIENTED_EDGE('',*,*,#3531,.T.);
#4581=ORIENTED_EDGE('',*,*,#3444,.F.);
#4582=ORIENTED_EDGE('',*,*,#3530,.F.);
#4583=ORIENTED_EDGE('',*,*,#3535,.F.);
#4584=ORIENTED_EDGE('',*,*,#3533,.T.);
#4585=ORIENTED_EDGE('',*,*,#3529,.T.);
#4586=ORIENTED_EDGE('',*,*,#3532,.T.);
#4587=ORIENTED_EDGE('',*,*,#3534,.T.);
#4588=ORIENTED_EDGE('',*,*,#3535,.T.);
#4589=ORIENTED_EDGE('',*,*,#3536,.F.);
#4590=ORIENTED_EDGE('',*,*,#3537,.T.);
#4591=ORIENTED_EDGE('',*,*,#3538,.T.);
#4592=ORIENTED_EDGE('',*,*,#3539,.T.);
#4593=ORIENTED_EDGE('',*,*,#3540,.F.);
#4594=ORIENTED_EDGE('',*,*,#3396,.F.);
#4595=ORIENTED_EDGE('',*,*,#3541,.F.);
#4596=ORIENTED_EDGE('',*,*,#3537,.F.);
#4597=ORIENTED_EDGE('',*,*,#3395,.F.);
#4598=ORIENTED_EDGE('',*,*,#3542,.F.);
#4599=ORIENTED_EDGE('',*,*,#3538,.F.);
#4600=ORIENTED_EDGE('',*,*,#3541,.T.);
#4601=ORIENTED_EDGE('',*,*,#3543,.F.);
#4602=ORIENTED_EDGE('',*,*,#3539,.F.);
#4603=ORIENTED_EDGE('',*,*,#3542,.T.);
#4604=ORIENTED_EDGE('',*,*,#3394,.F.);
#4605=ORIENTED_EDGE('',*,*,#3544,.F.);
#4606=ORIENTED_EDGE('',*,*,#3545,.T.);
#4607=ORIENTED_EDGE('',*,*,#3546,.T.);
#4608=ORIENTED_EDGE('',*,*,#3547,.T.);
#4609=ORIENTED_EDGE('',*,*,#3548,.F.);
#4610=ORIENTED_EDGE('',*,*,#3400,.F.);
#4611=ORIENTED_EDGE('',*,*,#3549,.F.);
#4612=ORIENTED_EDGE('',*,*,#3545,.F.);
#4613=ORIENTED_EDGE('',*,*,#3399,.F.);
#4614=ORIENTED_EDGE('',*,*,#3550,.F.);
#4615=ORIENTED_EDGE('',*,*,#3546,.F.);
#4616=ORIENTED_EDGE('',*,*,#3549,.T.);
#4617=ORIENTED_EDGE('',*,*,#3551,.F.);
#4618=ORIENTED_EDGE('',*,*,#3547,.F.);
#4619=ORIENTED_EDGE('',*,*,#3550,.T.);
#4620=ORIENTED_EDGE('',*,*,#3398,.F.);
#4621=ORIENTED_EDGE('',*,*,#3421,.F.);
#4622=ORIENTED_EDGE('',*,*,#3552,.F.);
#4623=ORIENTED_EDGE('',*,*,#3553,.F.);
#4624=ORIENTED_EDGE('',*,*,#3554,.T.);
#4625=ORIENTED_EDGE('',*,*,#3420,.F.);
#4626=ORIENTED_EDGE('',*,*,#3484,.F.);
#4627=ORIENTED_EDGE('',*,*,#3555,.F.);
#4628=ORIENTED_EDGE('',*,*,#3556,.F.);
#4629=ORIENTED_EDGE('',*,*,#3552,.T.);
#4630=ORIENTED_EDGE('',*,*,#3483,.F.);
#4631=ORIENTED_EDGE('',*,*,#3557,.F.);
#4632=ORIENTED_EDGE('',*,*,#3558,.F.);
#4633=ORIENTED_EDGE('',*,*,#3555,.T.);
#4634=ORIENTED_EDGE('',*,*,#3422,.F.);
#4635=ORIENTED_EDGE('',*,*,#3554,.F.);
#4636=ORIENTED_EDGE('',*,*,#3559,.F.);
#4637=ORIENTED_EDGE('',*,*,#3557,.T.);
#4638=ORIENTED_EDGE('',*,*,#3482,.F.);
#4639=ORIENTED_EDGE('',*,*,#3559,.T.);
#4640=ORIENTED_EDGE('',*,*,#3553,.T.);
#4641=ORIENTED_EDGE('',*,*,#3556,.T.);
#4642=ORIENTED_EDGE('',*,*,#3558,.T.);
#4643=ORIENTED_EDGE('',*,*,#3417,.F.);
#4644=ORIENTED_EDGE('',*,*,#3560,.F.);
#4645=ORIENTED_EDGE('',*,*,#3561,.F.);
#4646=ORIENTED_EDGE('',*,*,#3562,.T.);
#4647=ORIENTED_EDGE('',*,*,#3416,.F.);
#4648=ORIENTED_EDGE('',*,*,#3487,.F.);
#4649=ORIENTED_EDGE('',*,*,#3563,.F.);
#4650=ORIENTED_EDGE('',*,*,#3564,.F.);
#4651=ORIENTED_EDGE('',*,*,#3560,.T.);
#4652=ORIENTED_EDGE('',*,*,#3486,.F.);
#4653=ORIENTED_EDGE('',*,*,#3565,.F.);
#4654=ORIENTED_EDGE('',*,*,#3566,.F.);
#4655=ORIENTED_EDGE('',*,*,#3563,.T.);
#4656=ORIENTED_EDGE('',*,*,#3418,.F.);
#4657=ORIENTED_EDGE('',*,*,#3562,.F.);
#4658=ORIENTED_EDGE('',*,*,#3567,.F.);
#4659=ORIENTED_EDGE('',*,*,#3565,.T.);
#4660=ORIENTED_EDGE('',*,*,#3485,.F.);
#4661=ORIENTED_EDGE('',*,*,#3567,.T.);
#4662=ORIENTED_EDGE('',*,*,#3561,.T.);
#4663=ORIENTED_EDGE('',*,*,#3564,.T.);
#4664=ORIENTED_EDGE('',*,*,#3566,.T.);
#4665=ORIENTED_EDGE('',*,*,#3439,.F.);
#4666=ORIENTED_EDGE('',*,*,#3568,.F.);
#4667=ORIENTED_EDGE('',*,*,#3569,.F.);
#4668=ORIENTED_EDGE('',*,*,#3570,.T.);
#4669=ORIENTED_EDGE('',*,*,#3438,.F.);
#4670=ORIENTED_EDGE('',*,*,#3571,.F.);
#4671=ORIENTED_EDGE('',*,*,#3572,.F.);
#4672=ORIENTED_EDGE('',*,*,#3568,.T.);
#4673=ORIENTED_EDGE('',*,*,#3441,.F.);
#4674=ORIENTED_EDGE('',*,*,#3573,.F.);
#4675=ORIENTED_EDGE('',*,*,#3574,.F.);
#4676=ORIENTED_EDGE('',*,*,#3571,.T.);
#4677=ORIENTED_EDGE('',*,*,#3440,.F.);
#4678=ORIENTED_EDGE('',*,*,#3570,.F.);
#4679=ORIENTED_EDGE('',*,*,#3575,.F.);
#4680=ORIENTED_EDGE('',*,*,#3573,.T.);
#4681=ORIENTED_EDGE('',*,*,#3569,.T.);
#4682=ORIENTED_EDGE('',*,*,#3572,.T.);
#4683=ORIENTED_EDGE('',*,*,#3574,.T.);
#4684=ORIENTED_EDGE('',*,*,#3575,.T.);
#4685=ORIENTED_EDGE('',*,*,#3576,.T.);
#4686=ORIENTED_EDGE('',*,*,#3577,.T.);
#4687=ORIENTED_EDGE('',*,*,#3578,.T.);
#4688=ORIENTED_EDGE('',*,*,#3579,.T.);
#4689=ORIENTED_EDGE('',*,*,#3580,.F.);
#4690=ORIENTED_EDGE('',*,*,#3581,.T.);
#4691=ORIENTED_EDGE('',*,*,#3576,.F.);
#4692=ORIENTED_EDGE('',*,*,#3582,.T.);
#4693=ORIENTED_EDGE('',*,*,#3583,.T.);
#4694=ORIENTED_EDGE('',*,*,#3584,.F.);
#4695=ORIENTED_EDGE('',*,*,#3583,.F.);
#4696=ORIENTED_EDGE('',*,*,#3585,.T.);
#4697=ORIENTED_EDGE('',*,*,#3585,.F.);
#4698=ORIENTED_EDGE('',*,*,#3582,.F.);
#4699=ORIENTED_EDGE('',*,*,#3579,.F.);
#4700=ORIENTED_EDGE('',*,*,#3586,.T.);
#4701=ORIENTED_EDGE('',*,*,#3587,.F.);
#4702=ORIENTED_EDGE('',*,*,#3588,.T.);
#4703=ORIENTED_EDGE('',*,*,#3589,.T.);
#4704=ORIENTED_EDGE('',*,*,#3590,.T.);
#4705=ORIENTED_EDGE('',*,*,#3591,.T.);
#4706=ORIENTED_EDGE('',*,*,#3592,.T.);
#4707=ORIENTED_EDGE('',*,*,#3591,.F.);
#4708=ORIENTED_EDGE('',*,*,#3593,.T.);
#4709=ORIENTED_EDGE('',*,*,#3594,.T.);
#4710=ORIENTED_EDGE('',*,*,#3595,.T.);
#4711=ORIENTED_EDGE('',*,*,#3596,.T.);
#4712=ORIENTED_EDGE('',*,*,#3597,.T.);
#4713=ORIENTED_EDGE('',*,*,#3594,.F.);
#4714=ORIENTED_EDGE('',*,*,#3598,.T.);
#4715=ORIENTED_EDGE('',*,*,#3599,.T.);
#4716=ORIENTED_EDGE('',*,*,#3600,.T.);
#4717=ORIENTED_EDGE('',*,*,#3601,.F.);
#4718=ORIENTED_EDGE('',*,*,#3602,.T.);
#4719=ORIENTED_EDGE('',*,*,#3603,.T.);
#4720=ORIENTED_EDGE('',*,*,#3602,.F.);
#4721=ORIENTED_EDGE('',*,*,#3604,.T.);
#4722=ORIENTED_EDGE('',*,*,#3595,.F.);
#4723=ORIENTED_EDGE('',*,*,#3605,.F.);
#4724=ORIENTED_EDGE('',*,*,#3581,.F.);
#4725=ORIENTED_EDGE('',*,*,#3577,.F.);
#4726=ORIENTED_EDGE('',*,*,#3605,.T.);
#4727=ORIENTED_EDGE('',*,*,#3597,.F.);
#4728=ORIENTED_EDGE('',*,*,#3606,.T.);
#4729=ORIENTED_EDGE('',*,*,#3477,.F.);
#4730=ORIENTED_EDGE('',*,*,#3607,.F.);
#4731=ORIENTED_EDGE('',*,*,#3608,.F.);
#4732=ORIENTED_EDGE('',*,*,#3609,.F.);
#4733=ORIENTED_EDGE('',*,*,#3610,.F.);
#4734=ORIENTED_EDGE('',*,*,#3611,.F.);
#4735=ORIENTED_EDGE('',*,*,#3612,.F.);
#4736=ORIENTED_EDGE('',*,*,#3613,.F.);
#4737=ORIENTED_EDGE('',*,*,#3578,.F.);
#4738=ORIENTED_EDGE('',*,*,#3606,.F.);
#4739=ORIENTED_EDGE('',*,*,#3596,.F.);
#4740=ORIENTED_EDGE('',*,*,#3614,.F.);
#4741=ORIENTED_EDGE('',*,*,#3615,.F.);
#4742=ORIENTED_EDGE('',*,*,#3586,.F.);
#4743=ORIENTED_EDGE('',*,*,#3600,.F.);
#4744=ORIENTED_EDGE('',*,*,#3616,.F.);
#4745=ORIENTED_EDGE('',*,*,#3617,.F.);
#4746=ORIENTED_EDGE('',*,*,#3618,.F.);
#4747=ORIENTED_EDGE('',*,*,#3619,.F.);
#4748=ORIENTED_EDGE('',*,*,#3620,.F.);
#4749=ORIENTED_EDGE('',*,*,#3610,.T.);
#4750=ORIENTED_EDGE('',*,*,#3621,.T.);
#4751=ORIENTED_EDGE('',*,*,#3622,.T.);
#4752=ORIENTED_EDGE('',*,*,#3623,.T.);
#4753=ORIENTED_EDGE('',*,*,#3613,.T.);
#4754=ORIENTED_EDGE('',*,*,#3624,.T.);
#4755=ORIENTED_EDGE('',*,*,#3625,.T.);
#4756=ORIENTED_EDGE('',*,*,#3621,.F.);
#4757=ORIENTED_EDGE('',*,*,#3612,.T.);
#4758=ORIENTED_EDGE('',*,*,#3626,.T.);
#4759=ORIENTED_EDGE('',*,*,#3627,.T.);
#4760=ORIENTED_EDGE('',*,*,#3624,.F.);
#4761=ORIENTED_EDGE('',*,*,#3628,.T.);
#4762=ORIENTED_EDGE('',*,*,#3626,.F.);
#4763=ORIENTED_EDGE('',*,*,#3611,.T.);
#4764=ORIENTED_EDGE('',*,*,#3623,.F.);
#4765=ORIENTED_EDGE('',*,*,#3628,.F.);
#4766=ORIENTED_EDGE('',*,*,#3629,.T.);
#4767=ORIENTED_EDGE('',*,*,#3630,.T.);
#4768=ORIENTED_EDGE('',*,*,#3631,.T.);
#4769=ORIENTED_EDGE('',*,*,#3622,.F.);
#4770=ORIENTED_EDGE('',*,*,#3632,.F.);
#4771=ORIENTED_EDGE('',*,*,#3633,.T.);
#4772=ORIENTED_EDGE('',*,*,#3634,.T.);
#4773=ORIENTED_EDGE('',*,*,#3635,.T.);
#4774=ORIENTED_EDGE('',*,*,#3629,.F.);
#4775=ORIENTED_EDGE('',*,*,#3615,.T.);
#4776=ORIENTED_EDGE('',*,*,#3636,.T.);
#4777=ORIENTED_EDGE('',*,*,#3637,.T.);
#4778=ORIENTED_EDGE('',*,*,#3587,.T.);
#4779=ORIENTED_EDGE('',*,*,#3590,.F.);
#4780=ORIENTED_EDGE('',*,*,#3638,.T.);
#4781=ORIENTED_EDGE('',*,*,#3636,.F.);
#4782=ORIENTED_EDGE('',*,*,#3614,.T.);
#4783=ORIENTED_EDGE('',*,*,#3598,.F.);
#4784=ORIENTED_EDGE('',*,*,#3593,.F.);
#4785=ORIENTED_EDGE('',*,*,#3588,.F.);
#4786=ORIENTED_EDGE('',*,*,#3639,.F.);
#4787=ORIENTED_EDGE('',*,*,#3640,.T.);
#4788=ORIENTED_EDGE('',*,*,#3616,.T.);
#4789=ORIENTED_EDGE('',*,*,#3599,.F.);
#4790=ORIENTED_EDGE('',*,*,#3603,.F.);
#4791=ORIENTED_EDGE('',*,*,#3580,.T.);
#4792=ORIENTED_EDGE('',*,*,#3584,.T.);
#4793=ORIENTED_EDGE('',*,*,#3637,.F.);
#4794=ORIENTED_EDGE('',*,*,#3641,.F.);
#4795=ORIENTED_EDGE('',*,*,#3642,.T.);
#4796=ORIENTED_EDGE('',*,*,#3643,.T.);
#4797=ORIENTED_EDGE('',*,*,#3644,.T.);
#4798=ORIENTED_EDGE('',*,*,#3639,.T.);
#4799=ORIENTED_EDGE('',*,*,#3645,.F.);
#4800=ORIENTED_EDGE('',*,*,#3646,.T.);
#4801=ORIENTED_EDGE('',*,*,#3647,.F.);
#4802=ORIENTED_EDGE('',*,*,#3648,.T.);
#4803=ORIENTED_EDGE('',*,*,#3478,.F.);
#4804=ORIENTED_EDGE('',*,*,#3609,.T.);
#4805=ORIENTED_EDGE('',*,*,#3649,.T.);
#4806=ORIENTED_EDGE('',*,*,#3650,.T.);
#4807=ORIENTED_EDGE('',*,*,#3651,.F.);
#4808=ORIENTED_EDGE('',*,*,#3652,.F.);
#4809=ORIENTED_EDGE('',*,*,#3653,.F.);
#4810=ORIENTED_EDGE('',*,*,#3654,.T.);
#4811=ORIENTED_EDGE('',*,*,#3649,.F.);
#4812=ORIENTED_EDGE('',*,*,#3608,.T.);
#4813=ORIENTED_EDGE('',*,*,#3655,.T.);
#4814=ORIENTED_EDGE('',*,*,#3656,.T.);
#4815=ORIENTED_EDGE('',*,*,#3657,.T.);
#4816=ORIENTED_EDGE('',*,*,#3658,.T.);
#4817=ORIENTED_EDGE('',*,*,#3659,.F.);
#4818=ORIENTED_EDGE('',*,*,#3660,.T.);
#4819=ORIENTED_EDGE('',*,*,#3661,.F.);
#4820=ORIENTED_EDGE('',*,*,#3662,.T.);
#4821=ORIENTED_EDGE('',*,*,#3663,.F.);
#4822=ORIENTED_EDGE('',*,*,#3664,.T.);
#4823=ORIENTED_EDGE('',*,*,#3665,.F.);
#4824=ORIENTED_EDGE('',*,*,#3666,.T.);
#4825=ORIENTED_EDGE('',*,*,#3667,.F.);
#4826=ORIENTED_EDGE('',*,*,#3668,.T.);
#4827=ORIENTED_EDGE('',*,*,#3669,.F.);
#4828=ORIENTED_EDGE('',*,*,#3670,.T.);
#4829=ORIENTED_EDGE('',*,*,#3671,.F.);
#4830=ORIENTED_EDGE('',*,*,#3672,.T.);
#4831=ORIENTED_EDGE('',*,*,#3673,.T.);
#4832=ORIENTED_EDGE('',*,*,#3655,.F.);
#4833=ORIENTED_EDGE('',*,*,#3607,.T.);
#4834=ORIENTED_EDGE('',*,*,#3476,.T.);
#4835=ORIENTED_EDGE('',*,*,#3673,.F.);
#4836=ORIENTED_EDGE('',*,*,#3406,.F.);
#4837=ORIENTED_EDGE('',*,*,#3674,.F.);
#4838=ORIENTED_EDGE('',*,*,#3675,.F.);
#4839=ORIENTED_EDGE('',*,*,#3676,.F.);
#4840=ORIENTED_EDGE('',*,*,#3677,.T.);
#4841=ORIENTED_EDGE('',*,*,#3678,.T.);
#4842=ORIENTED_EDGE('',*,*,#3679,.T.);
#4843=ORIENTED_EDGE('',*,*,#3680,.T.);
#4844=ORIENTED_EDGE('',*,*,#3681,.T.);
#4845=ORIENTED_EDGE('',*,*,#3682,.T.);
#4846=ORIENTED_EDGE('',*,*,#3683,.T.);
#4847=ORIENTED_EDGE('',*,*,#3684,.T.);
#4848=ORIENTED_EDGE('',*,*,#3685,.T.);
#4849=ORIENTED_EDGE('',*,*,#3686,.T.);
#4850=ORIENTED_EDGE('',*,*,#3687,.T.);
#4851=ORIENTED_EDGE('',*,*,#3688,.T.);
#4852=ORIENTED_EDGE('',*,*,#3689,.T.);
#4853=ORIENTED_EDGE('',*,*,#3690,.T.);
#4854=ORIENTED_EDGE('',*,*,#3691,.T.);
#4855=ORIENTED_EDGE('',*,*,#3692,.T.);
#4856=ORIENTED_EDGE('',*,*,#3693,.T.);
#4857=ORIENTED_EDGE('',*,*,#3694,.T.);
#4858=ORIENTED_EDGE('',*,*,#3695,.T.);
#4859=ORIENTED_EDGE('',*,*,#3696,.T.);
#4860=ORIENTED_EDGE('',*,*,#3697,.T.);
#4861=ORIENTED_EDGE('',*,*,#3698,.T.);
#4862=ORIENTED_EDGE('',*,*,#3699,.T.);
#4863=ORIENTED_EDGE('',*,*,#3700,.T.);
#4864=ORIENTED_EDGE('',*,*,#3701,.T.);
#4865=ORIENTED_EDGE('',*,*,#3702,.T.);
#4866=ORIENTED_EDGE('',*,*,#3703,.T.);
#4867=ORIENTED_EDGE('',*,*,#3704,.T.);
#4868=ORIENTED_EDGE('',*,*,#3705,.T.);
#4869=ORIENTED_EDGE('',*,*,#3706,.F.);
#4870=ORIENTED_EDGE('',*,*,#3707,.T.);
#4871=ORIENTED_EDGE('',*,*,#3708,.F.);
#4872=ORIENTED_EDGE('',*,*,#3709,.F.);
#4873=ORIENTED_EDGE('',*,*,#3651,.T.);
#4874=ORIENTED_EDGE('',*,*,#3710,.F.);
#4875=ORIENTED_EDGE('',*,*,#3711,.T.);
#4876=ORIENTED_EDGE('',*,*,#3712,.F.);
#4877=ORIENTED_EDGE('',*,*,#3707,.F.);
#4878=ORIENTED_EDGE('',*,*,#3709,.T.);
#4879=ORIENTED_EDGE('',*,*,#3713,.F.);
#4880=ORIENTED_EDGE('',*,*,#3714,.F.);
#4881=ORIENTED_EDGE('',*,*,#3652,.T.);
#4882=ORIENTED_EDGE('',*,*,#3714,.T.);
#4883=ORIENTED_EDGE('',*,*,#3715,.F.);
#4884=ORIENTED_EDGE('',*,*,#3711,.F.);
#4885=ORIENTED_EDGE('',*,*,#3716,.F.);
#4886=ORIENTED_EDGE('',*,*,#3653,.T.);
#4887=ORIENTED_EDGE('',*,*,#3715,.T.);
#4888=ORIENTED_EDGE('',*,*,#3713,.T.);
#4889=ORIENTED_EDGE('',*,*,#3708,.T.);
#4890=ORIENTED_EDGE('',*,*,#3712,.T.);
#4891=ORIENTED_EDGE('',*,*,#3717,.F.);
#4892=ORIENTED_EDGE('',*,*,#3718,.T.);
#4893=ORIENTED_EDGE('',*,*,#3719,.F.);
#4894=ORIENTED_EDGE('',*,*,#3720,.F.);
#4895=ORIENTED_EDGE('',*,*,#3721,.F.);
#4896=ORIENTED_EDGE('',*,*,#3722,.T.);
#4897=ORIENTED_EDGE('',*,*,#3723,.F.);
#4898=ORIENTED_EDGE('',*,*,#3718,.F.);
#4899=ORIENTED_EDGE('',*,*,#3724,.F.);
#4900=ORIENTED_EDGE('',*,*,#3720,.T.);
#4901=ORIENTED_EDGE('',*,*,#3725,.F.);
#4902=ORIENTED_EDGE('',*,*,#3726,.F.);
#4903=ORIENTED_EDGE('',*,*,#3727,.F.);
#4904=ORIENTED_EDGE('',*,*,#3726,.T.);
#4905=ORIENTED_EDGE('',*,*,#3728,.F.);
#4906=ORIENTED_EDGE('',*,*,#3722,.F.);
#4907=ORIENTED_EDGE('',*,*,#3728,.T.);
#4908=ORIENTED_EDGE('',*,*,#3725,.T.);
#4909=ORIENTED_EDGE('',*,*,#3719,.T.);
#4910=ORIENTED_EDGE('',*,*,#3723,.T.);
#4911=ORIENTED_EDGE('',*,*,#3729,.F.);
#4912=ORIENTED_EDGE('',*,*,#3730,.T.);
#4913=ORIENTED_EDGE('',*,*,#3731,.F.);
#4914=ORIENTED_EDGE('',*,*,#3732,.F.);
#4915=ORIENTED_EDGE('',*,*,#3733,.F.);
#4916=ORIENTED_EDGE('',*,*,#3734,.T.);
#4917=ORIENTED_EDGE('',*,*,#3735,.F.);
#4918=ORIENTED_EDGE('',*,*,#3730,.F.);
#4919=ORIENTED_EDGE('',*,*,#3736,.F.);
#4920=ORIENTED_EDGE('',*,*,#3732,.T.);
#4921=ORIENTED_EDGE('',*,*,#3737,.F.);
#4922=ORIENTED_EDGE('',*,*,#3738,.F.);
#4923=ORIENTED_EDGE('',*,*,#3739,.F.);
#4924=ORIENTED_EDGE('',*,*,#3738,.T.);
#4925=ORIENTED_EDGE('',*,*,#3740,.F.);
#4926=ORIENTED_EDGE('',*,*,#3734,.F.);
#4927=ORIENTED_EDGE('',*,*,#3740,.T.);
#4928=ORIENTED_EDGE('',*,*,#3737,.T.);
#4929=ORIENTED_EDGE('',*,*,#3731,.T.);
#4930=ORIENTED_EDGE('',*,*,#3735,.T.);
#4931=ORIENTED_EDGE('',*,*,#3741,.F.);
#4932=ORIENTED_EDGE('',*,*,#3742,.T.);
#4933=ORIENTED_EDGE('',*,*,#3743,.F.);
#4934=ORIENTED_EDGE('',*,*,#3744,.F.);
#4935=ORIENTED_EDGE('',*,*,#3745,.F.);
#4936=ORIENTED_EDGE('',*,*,#3746,.T.);
#4937=ORIENTED_EDGE('',*,*,#3747,.F.);
#4938=ORIENTED_EDGE('',*,*,#3742,.F.);
#4939=ORIENTED_EDGE('',*,*,#3748,.F.);
#4940=ORIENTED_EDGE('',*,*,#3744,.T.);
#4941=ORIENTED_EDGE('',*,*,#3749,.F.);
#4942=ORIENTED_EDGE('',*,*,#3750,.F.);
#4943=ORIENTED_EDGE('',*,*,#3751,.F.);
#4944=ORIENTED_EDGE('',*,*,#3750,.T.);
#4945=ORIENTED_EDGE('',*,*,#3752,.F.);
#4946=ORIENTED_EDGE('',*,*,#3746,.F.);
#4947=ORIENTED_EDGE('',*,*,#3752,.T.);
#4948=ORIENTED_EDGE('',*,*,#3749,.T.);
#4949=ORIENTED_EDGE('',*,*,#3743,.T.);
#4950=ORIENTED_EDGE('',*,*,#3747,.T.);
#4951=ORIENTED_EDGE('',*,*,#3753,.F.);
#4952=ORIENTED_EDGE('',*,*,#3754,.T.);
#4953=ORIENTED_EDGE('',*,*,#3755,.F.);
#4954=ORIENTED_EDGE('',*,*,#3756,.F.);
#4955=ORIENTED_EDGE('',*,*,#3757,.F.);
#4956=ORIENTED_EDGE('',*,*,#3758,.T.);
#4957=ORIENTED_EDGE('',*,*,#3759,.F.);
#4958=ORIENTED_EDGE('',*,*,#3754,.F.);
#4959=ORIENTED_EDGE('',*,*,#3760,.F.);
#4960=ORIENTED_EDGE('',*,*,#3756,.T.);
#4961=ORIENTED_EDGE('',*,*,#3761,.F.);
#4962=ORIENTED_EDGE('',*,*,#3762,.F.);
#4963=ORIENTED_EDGE('',*,*,#3763,.F.);
#4964=ORIENTED_EDGE('',*,*,#3762,.T.);
#4965=ORIENTED_EDGE('',*,*,#3764,.F.);
#4966=ORIENTED_EDGE('',*,*,#3758,.F.);
#4967=ORIENTED_EDGE('',*,*,#3764,.T.);
#4968=ORIENTED_EDGE('',*,*,#3761,.T.);
#4969=ORIENTED_EDGE('',*,*,#3755,.T.);
#4970=ORIENTED_EDGE('',*,*,#3759,.T.);
#4971=ORIENTED_EDGE('',*,*,#3765,.F.);
#4972=ORIENTED_EDGE('',*,*,#3766,.T.);
#4973=ORIENTED_EDGE('',*,*,#3767,.F.);
#4974=ORIENTED_EDGE('',*,*,#3768,.F.);
#4975=ORIENTED_EDGE('',*,*,#3769,.F.);
#4976=ORIENTED_EDGE('',*,*,#3770,.T.);
#4977=ORIENTED_EDGE('',*,*,#3771,.F.);
#4978=ORIENTED_EDGE('',*,*,#3766,.F.);
#4979=ORIENTED_EDGE('',*,*,#3772,.F.);
#4980=ORIENTED_EDGE('',*,*,#3768,.T.);
#4981=ORIENTED_EDGE('',*,*,#3773,.F.);
#4982=ORIENTED_EDGE('',*,*,#3774,.F.);
#4983=ORIENTED_EDGE('',*,*,#3775,.F.);
#4984=ORIENTED_EDGE('',*,*,#3774,.T.);
#4985=ORIENTED_EDGE('',*,*,#3776,.F.);
#4986=ORIENTED_EDGE('',*,*,#3770,.F.);
#4987=ORIENTED_EDGE('',*,*,#3776,.T.);
#4988=ORIENTED_EDGE('',*,*,#3773,.T.);
#4989=ORIENTED_EDGE('',*,*,#3767,.T.);
#4990=ORIENTED_EDGE('',*,*,#3771,.T.);
#4991=ORIENTED_EDGE('',*,*,#3777,.F.);
#4992=ORIENTED_EDGE('',*,*,#3778,.T.);
#4993=ORIENTED_EDGE('',*,*,#3779,.F.);
#4994=ORIENTED_EDGE('',*,*,#3780,.F.);
#4995=ORIENTED_EDGE('',*,*,#3781,.F.);
#4996=ORIENTED_EDGE('',*,*,#3782,.T.);
#4997=ORIENTED_EDGE('',*,*,#3783,.F.);
#4998=ORIENTED_EDGE('',*,*,#3778,.F.);
#4999=ORIENTED_EDGE('',*,*,#3784,.F.);
#5000=ORIENTED_EDGE('',*,*,#3780,.T.);
#5001=ORIENTED_EDGE('',*,*,#3785,.F.);
#5002=ORIENTED_EDGE('',*,*,#3786,.F.);
#5003=ORIENTED_EDGE('',*,*,#3787,.F.);
#5004=ORIENTED_EDGE('',*,*,#3786,.T.);
#5005=ORIENTED_EDGE('',*,*,#3788,.F.);
#5006=ORIENTED_EDGE('',*,*,#3782,.F.);
#5007=ORIENTED_EDGE('',*,*,#3788,.T.);
#5008=ORIENTED_EDGE('',*,*,#3785,.T.);
#5009=ORIENTED_EDGE('',*,*,#3779,.T.);
#5010=ORIENTED_EDGE('',*,*,#3783,.T.);
#5011=ORIENTED_EDGE('',*,*,#3703,.F.);
#5012=ORIENTED_EDGE('',*,*,#3789,.T.);
#5013=ORIENTED_EDGE('',*,*,#3790,.F.);
#5014=ORIENTED_EDGE('',*,*,#3791,.F.);
#5015=ORIENTED_EDGE('',*,*,#3702,.F.);
#5016=ORIENTED_EDGE('',*,*,#3792,.T.);
#5017=ORIENTED_EDGE('',*,*,#3793,.F.);
#5018=ORIENTED_EDGE('',*,*,#3789,.F.);
#5019=ORIENTED_EDGE('',*,*,#3704,.F.);
#5020=ORIENTED_EDGE('',*,*,#3791,.T.);
#5021=ORIENTED_EDGE('',*,*,#3794,.F.);
#5022=ORIENTED_EDGE('',*,*,#3795,.F.);
#5023=ORIENTED_EDGE('',*,*,#3705,.F.);
#5024=ORIENTED_EDGE('',*,*,#3795,.T.);
#5025=ORIENTED_EDGE('',*,*,#3796,.F.);
#5026=ORIENTED_EDGE('',*,*,#3792,.F.);
#5027=ORIENTED_EDGE('',*,*,#3796,.T.);
#5028=ORIENTED_EDGE('',*,*,#3794,.T.);
#5029=ORIENTED_EDGE('',*,*,#3790,.T.);
#5030=ORIENTED_EDGE('',*,*,#3793,.T.);
#5031=ORIENTED_EDGE('',*,*,#3797,.F.);
#5032=ORIENTED_EDGE('',*,*,#3798,.T.);
#5033=ORIENTED_EDGE('',*,*,#3799,.F.);
#5034=ORIENTED_EDGE('',*,*,#3800,.T.);
#5035=ORIENTED_EDGE('',*,*,#3645,.T.);
#5036=ORIENTED_EDGE('',*,*,#3801,.F.);
#5037=ORIENTED_EDGE('',*,*,#3802,.T.);
#5038=ORIENTED_EDGE('',*,*,#3803,.F.);
#5039=ORIENTED_EDGE('',*,*,#3798,.F.);
#5040=ORIENTED_EDGE('',*,*,#3800,.F.);
#5041=ORIENTED_EDGE('',*,*,#3804,.F.);
#5042=ORIENTED_EDGE('',*,*,#3805,.F.);
#5043=ORIENTED_EDGE('',*,*,#3646,.F.);
#5044=ORIENTED_EDGE('',*,*,#3805,.T.);
#5045=ORIENTED_EDGE('',*,*,#3806,.F.);
#5046=ORIENTED_EDGE('',*,*,#3802,.F.);
#5047=ORIENTED_EDGE('',*,*,#3807,.F.);
#5048=ORIENTED_EDGE('',*,*,#3647,.T.);
#5049=ORIENTED_EDGE('',*,*,#3806,.T.);
#5050=ORIENTED_EDGE('',*,*,#3804,.T.);
#5051=ORIENTED_EDGE('',*,*,#3799,.T.);
#5052=ORIENTED_EDGE('',*,*,#3803,.T.);
#5053=ORIENTED_EDGE('',*,*,#3808,.F.);
#5054=ORIENTED_EDGE('',*,*,#3809,.T.);
#5055=ORIENTED_EDGE('',*,*,#3810,.F.);
#5056=ORIENTED_EDGE('',*,*,#3811,.F.);
#5057=ORIENTED_EDGE('',*,*,#3812,.F.);
#5058=ORIENTED_EDGE('',*,*,#3813,.T.);
#5059=ORIENTED_EDGE('',*,*,#3814,.F.);
#5060=ORIENTED_EDGE('',*,*,#3809,.F.);
#5061=ORIENTED_EDGE('',*,*,#3815,.F.);
#5062=ORIENTED_EDGE('',*,*,#3811,.T.);
#5063=ORIENTED_EDGE('',*,*,#3816,.F.);
#5064=ORIENTED_EDGE('',*,*,#3817,.F.);
#5065=ORIENTED_EDGE('',*,*,#3818,.F.);
#5066=ORIENTED_EDGE('',*,*,#3817,.T.);
#5067=ORIENTED_EDGE('',*,*,#3819,.F.);
#5068=ORIENTED_EDGE('',*,*,#3813,.F.);
#5069=ORIENTED_EDGE('',*,*,#3819,.T.);
#5070=ORIENTED_EDGE('',*,*,#3816,.T.);
#5071=ORIENTED_EDGE('',*,*,#3810,.T.);
#5072=ORIENTED_EDGE('',*,*,#3814,.T.);
#5073=ORIENTED_EDGE('',*,*,#3820,.F.);
#5074=ORIENTED_EDGE('',*,*,#3821,.T.);
#5075=ORIENTED_EDGE('',*,*,#3822,.F.);
#5076=ORIENTED_EDGE('',*,*,#3823,.F.);
#5077=ORIENTED_EDGE('',*,*,#3824,.F.);
#5078=ORIENTED_EDGE('',*,*,#3825,.T.);
#5079=ORIENTED_EDGE('',*,*,#3826,.F.);
#5080=ORIENTED_EDGE('',*,*,#3821,.F.);
#5081=ORIENTED_EDGE('',*,*,#3827,.F.);
#5082=ORIENTED_EDGE('',*,*,#3823,.T.);
#5083=ORIENTED_EDGE('',*,*,#3828,.F.);
#5084=ORIENTED_EDGE('',*,*,#3829,.F.);
#5085=ORIENTED_EDGE('',*,*,#3830,.F.);
#5086=ORIENTED_EDGE('',*,*,#3829,.T.);
#5087=ORIENTED_EDGE('',*,*,#3831,.F.);
#5088=ORIENTED_EDGE('',*,*,#3825,.F.);
#5089=ORIENTED_EDGE('',*,*,#3831,.T.);
#5090=ORIENTED_EDGE('',*,*,#3828,.T.);
#5091=ORIENTED_EDGE('',*,*,#3822,.T.);
#5092=ORIENTED_EDGE('',*,*,#3826,.T.);
#5093=ORIENTED_EDGE('',*,*,#3832,.F.);
#5094=ORIENTED_EDGE('',*,*,#3833,.T.);
#5095=ORIENTED_EDGE('',*,*,#3834,.F.);
#5096=ORIENTED_EDGE('',*,*,#3835,.F.);
#5097=ORIENTED_EDGE('',*,*,#3836,.F.);
#5098=ORIENTED_EDGE('',*,*,#3837,.T.);
#5099=ORIENTED_EDGE('',*,*,#3838,.F.);
#5100=ORIENTED_EDGE('',*,*,#3833,.F.);
#5101=ORIENTED_EDGE('',*,*,#3839,.F.);
#5102=ORIENTED_EDGE('',*,*,#3835,.T.);
#5103=ORIENTED_EDGE('',*,*,#3840,.F.);
#5104=ORIENTED_EDGE('',*,*,#3841,.F.);
#5105=ORIENTED_EDGE('',*,*,#3842,.F.);
#5106=ORIENTED_EDGE('',*,*,#3841,.T.);
#5107=ORIENTED_EDGE('',*,*,#3843,.F.);
#5108=ORIENTED_EDGE('',*,*,#3837,.F.);
#5109=ORIENTED_EDGE('',*,*,#3843,.T.);
#5110=ORIENTED_EDGE('',*,*,#3840,.T.);
#5111=ORIENTED_EDGE('',*,*,#3834,.T.);
#5112=ORIENTED_EDGE('',*,*,#3838,.T.);
#5113=ORIENTED_EDGE('',*,*,#3844,.F.);
#5114=ORIENTED_EDGE('',*,*,#3845,.T.);
#5115=ORIENTED_EDGE('',*,*,#3846,.F.);
#5116=ORIENTED_EDGE('',*,*,#3847,.F.);
#5117=ORIENTED_EDGE('',*,*,#3848,.F.);
#5118=ORIENTED_EDGE('',*,*,#3849,.T.);
#5119=ORIENTED_EDGE('',*,*,#3850,.F.);
#5120=ORIENTED_EDGE('',*,*,#3845,.F.);
#5121=ORIENTED_EDGE('',*,*,#3851,.F.);
#5122=ORIENTED_EDGE('',*,*,#3847,.T.);
#5123=ORIENTED_EDGE('',*,*,#3852,.F.);
#5124=ORIENTED_EDGE('',*,*,#3853,.F.);
#5125=ORIENTED_EDGE('',*,*,#3854,.F.);
#5126=ORIENTED_EDGE('',*,*,#3853,.T.);
#5127=ORIENTED_EDGE('',*,*,#3855,.F.);
#5128=ORIENTED_EDGE('',*,*,#3849,.F.);
#5129=ORIENTED_EDGE('',*,*,#3855,.T.);
#5130=ORIENTED_EDGE('',*,*,#3852,.T.);
#5131=ORIENTED_EDGE('',*,*,#3846,.T.);
#5132=ORIENTED_EDGE('',*,*,#3850,.T.);
#5133=ORIENTED_EDGE('',*,*,#3856,.F.);
#5134=ORIENTED_EDGE('',*,*,#3857,.T.);
#5135=ORIENTED_EDGE('',*,*,#3858,.F.);
#5136=ORIENTED_EDGE('',*,*,#3859,.F.);
#5137=ORIENTED_EDGE('',*,*,#3860,.F.);
#5138=ORIENTED_EDGE('',*,*,#3861,.T.);
#5139=ORIENTED_EDGE('',*,*,#3862,.F.);
#5140=ORIENTED_EDGE('',*,*,#3857,.F.);
#5141=ORIENTED_EDGE('',*,*,#3863,.F.);
#5142=ORIENTED_EDGE('',*,*,#3859,.T.);
#5143=ORIENTED_EDGE('',*,*,#3864,.F.);
#5144=ORIENTED_EDGE('',*,*,#3865,.F.);
#5145=ORIENTED_EDGE('',*,*,#3866,.F.);
#5146=ORIENTED_EDGE('',*,*,#3865,.T.);
#5147=ORIENTED_EDGE('',*,*,#3867,.F.);
#5148=ORIENTED_EDGE('',*,*,#3861,.F.);
#5149=ORIENTED_EDGE('',*,*,#3867,.T.);
#5150=ORIENTED_EDGE('',*,*,#3864,.T.);
#5151=ORIENTED_EDGE('',*,*,#3858,.T.);
#5152=ORIENTED_EDGE('',*,*,#3862,.T.);
#5153=ORIENTED_EDGE('',*,*,#3868,.F.);
#5154=ORIENTED_EDGE('',*,*,#3869,.T.);
#5155=ORIENTED_EDGE('',*,*,#3870,.F.);
#5156=ORIENTED_EDGE('',*,*,#3871,.T.);
#5157=ORIENTED_EDGE('',*,*,#3669,.T.);
#5158=ORIENTED_EDGE('',*,*,#3872,.F.);
#5159=ORIENTED_EDGE('',*,*,#3873,.T.);
#5160=ORIENTED_EDGE('',*,*,#3874,.F.);
#5161=ORIENTED_EDGE('',*,*,#3869,.F.);
#5162=ORIENTED_EDGE('',*,*,#3871,.F.);
#5163=ORIENTED_EDGE('',*,*,#3875,.F.);
#5164=ORIENTED_EDGE('',*,*,#3876,.F.);
#5165=ORIENTED_EDGE('',*,*,#3670,.F.);
#5166=ORIENTED_EDGE('',*,*,#3876,.T.);
#5167=ORIENTED_EDGE('',*,*,#3877,.F.);
#5168=ORIENTED_EDGE('',*,*,#3873,.F.);
#5169=ORIENTED_EDGE('',*,*,#3878,.F.);
#5170=ORIENTED_EDGE('',*,*,#3671,.T.);
#5171=ORIENTED_EDGE('',*,*,#3877,.T.);
#5172=ORIENTED_EDGE('',*,*,#3875,.T.);
#5173=ORIENTED_EDGE('',*,*,#3870,.T.);
#5174=ORIENTED_EDGE('',*,*,#3874,.T.);
#5175=ORIENTED_EDGE('',*,*,#3879,.F.);
#5176=ORIENTED_EDGE('',*,*,#3880,.T.);
#5177=ORIENTED_EDGE('',*,*,#3881,.F.);
#5178=ORIENTED_EDGE('',*,*,#3882,.F.);
#5179=ORIENTED_EDGE('',*,*,#3883,.F.);
#5180=ORIENTED_EDGE('',*,*,#3884,.T.);
#5181=ORIENTED_EDGE('',*,*,#3885,.F.);
#5182=ORIENTED_EDGE('',*,*,#3880,.F.);
#5183=ORIENTED_EDGE('',*,*,#3886,.F.);
#5184=ORIENTED_EDGE('',*,*,#3882,.T.);
#5185=ORIENTED_EDGE('',*,*,#3887,.F.);
#5186=ORIENTED_EDGE('',*,*,#3888,.F.);
#5187=ORIENTED_EDGE('',*,*,#3889,.F.);
#5188=ORIENTED_EDGE('',*,*,#3888,.T.);
#5189=ORIENTED_EDGE('',*,*,#3890,.F.);
#5190=ORIENTED_EDGE('',*,*,#3884,.F.);
#5191=ORIENTED_EDGE('',*,*,#3890,.T.);
#5192=ORIENTED_EDGE('',*,*,#3887,.T.);
#5193=ORIENTED_EDGE('',*,*,#3881,.T.);
#5194=ORIENTED_EDGE('',*,*,#3885,.T.);
#5195=ORIENTED_EDGE('',*,*,#3891,.F.);
#5196=ORIENTED_EDGE('',*,*,#3892,.T.);
#5197=ORIENTED_EDGE('',*,*,#3893,.F.);
#5198=ORIENTED_EDGE('',*,*,#3894,.F.);
#5199=ORIENTED_EDGE('',*,*,#3895,.F.);
#5200=ORIENTED_EDGE('',*,*,#3896,.T.);
#5201=ORIENTED_EDGE('',*,*,#3897,.F.);
#5202=ORIENTED_EDGE('',*,*,#3892,.F.);
#5203=ORIENTED_EDGE('',*,*,#3898,.F.);
#5204=ORIENTED_EDGE('',*,*,#3894,.T.);
#5205=ORIENTED_EDGE('',*,*,#3899,.F.);
#5206=ORIENTED_EDGE('',*,*,#3900,.F.);
#5207=ORIENTED_EDGE('',*,*,#3901,.F.);
#5208=ORIENTED_EDGE('',*,*,#3900,.T.);
#5209=ORIENTED_EDGE('',*,*,#3902,.F.);
#5210=ORIENTED_EDGE('',*,*,#3896,.F.);
#5211=ORIENTED_EDGE('',*,*,#3902,.T.);
#5212=ORIENTED_EDGE('',*,*,#3899,.T.);
#5213=ORIENTED_EDGE('',*,*,#3893,.T.);
#5214=ORIENTED_EDGE('',*,*,#3897,.T.);
#5215=ORIENTED_EDGE('',*,*,#3903,.F.);
#5216=ORIENTED_EDGE('',*,*,#3904,.T.);
#5217=ORIENTED_EDGE('',*,*,#3905,.F.);
#5218=ORIENTED_EDGE('',*,*,#3906,.F.);
#5219=ORIENTED_EDGE('',*,*,#3907,.F.);
#5220=ORIENTED_EDGE('',*,*,#3908,.T.);
#5221=ORIENTED_EDGE('',*,*,#3909,.F.);
#5222=ORIENTED_EDGE('',*,*,#3904,.F.);
#5223=ORIENTED_EDGE('',*,*,#3910,.F.);
#5224=ORIENTED_EDGE('',*,*,#3906,.T.);
#5225=ORIENTED_EDGE('',*,*,#3911,.F.);
#5226=ORIENTED_EDGE('',*,*,#3912,.F.);
#5227=ORIENTED_EDGE('',*,*,#3913,.F.);
#5228=ORIENTED_EDGE('',*,*,#3912,.T.);
#5229=ORIENTED_EDGE('',*,*,#3914,.F.);
#5230=ORIENTED_EDGE('',*,*,#3908,.F.);
#5231=ORIENTED_EDGE('',*,*,#3914,.T.);
#5232=ORIENTED_EDGE('',*,*,#3911,.T.);
#5233=ORIENTED_EDGE('',*,*,#3905,.T.);
#5234=ORIENTED_EDGE('',*,*,#3909,.T.);
#5235=ORIENTED_EDGE('',*,*,#3915,.F.);
#5236=ORIENTED_EDGE('',*,*,#3916,.T.);
#5237=ORIENTED_EDGE('',*,*,#3917,.F.);
#5238=ORIENTED_EDGE('',*,*,#3918,.F.);
#5239=ORIENTED_EDGE('',*,*,#3919,.F.);
#5240=ORIENTED_EDGE('',*,*,#3920,.T.);
#5241=ORIENTED_EDGE('',*,*,#3921,.F.);
#5242=ORIENTED_EDGE('',*,*,#3916,.F.);
#5243=ORIENTED_EDGE('',*,*,#3922,.F.);
#5244=ORIENTED_EDGE('',*,*,#3918,.T.);
#5245=ORIENTED_EDGE('',*,*,#3923,.F.);
#5246=ORIENTED_EDGE('',*,*,#3924,.F.);
#5247=ORIENTED_EDGE('',*,*,#3925,.F.);
#5248=ORIENTED_EDGE('',*,*,#3924,.T.);
#5249=ORIENTED_EDGE('',*,*,#3926,.F.);
#5250=ORIENTED_EDGE('',*,*,#3920,.F.);
#5251=ORIENTED_EDGE('',*,*,#3926,.T.);
#5252=ORIENTED_EDGE('',*,*,#3923,.T.);
#5253=ORIENTED_EDGE('',*,*,#3917,.T.);
#5254=ORIENTED_EDGE('',*,*,#3921,.T.);
#5255=ORIENTED_EDGE('',*,*,#3927,.F.);
#5256=ORIENTED_EDGE('',*,*,#3928,.T.);
#5257=ORIENTED_EDGE('',*,*,#3929,.F.);
#5258=ORIENTED_EDGE('',*,*,#3930,.T.);
#5259=ORIENTED_EDGE('',*,*,#3665,.T.);
#5260=ORIENTED_EDGE('',*,*,#3931,.F.);
#5261=ORIENTED_EDGE('',*,*,#3932,.T.);
#5262=ORIENTED_EDGE('',*,*,#3933,.F.);
#5263=ORIENTED_EDGE('',*,*,#3928,.F.);
#5264=ORIENTED_EDGE('',*,*,#3930,.F.);
#5265=ORIENTED_EDGE('',*,*,#3934,.F.);
#5266=ORIENTED_EDGE('',*,*,#3935,.F.);
#5267=ORIENTED_EDGE('',*,*,#3666,.F.);
#5268=ORIENTED_EDGE('',*,*,#3935,.T.);
#5269=ORIENTED_EDGE('',*,*,#3936,.F.);
#5270=ORIENTED_EDGE('',*,*,#3932,.F.);
#5271=ORIENTED_EDGE('',*,*,#3937,.F.);
#5272=ORIENTED_EDGE('',*,*,#3667,.T.);
#5273=ORIENTED_EDGE('',*,*,#3936,.T.);
#5274=ORIENTED_EDGE('',*,*,#3934,.T.);
#5275=ORIENTED_EDGE('',*,*,#3929,.T.);
#5276=ORIENTED_EDGE('',*,*,#3933,.T.);
#5277=ORIENTED_EDGE('',*,*,#3938,.F.);
#5278=ORIENTED_EDGE('',*,*,#3939,.T.);
#5279=ORIENTED_EDGE('',*,*,#3940,.F.);
#5280=ORIENTED_EDGE('',*,*,#3941,.F.);
#5281=ORIENTED_EDGE('',*,*,#3942,.F.);
#5282=ORIENTED_EDGE('',*,*,#3943,.T.);
#5283=ORIENTED_EDGE('',*,*,#3944,.F.);
#5284=ORIENTED_EDGE('',*,*,#3939,.F.);
#5285=ORIENTED_EDGE('',*,*,#3945,.F.);
#5286=ORIENTED_EDGE('',*,*,#3941,.T.);
#5287=ORIENTED_EDGE('',*,*,#3946,.F.);
#5288=ORIENTED_EDGE('',*,*,#3947,.F.);
#5289=ORIENTED_EDGE('',*,*,#3948,.F.);
#5290=ORIENTED_EDGE('',*,*,#3947,.T.);
#5291=ORIENTED_EDGE('',*,*,#3949,.F.);
#5292=ORIENTED_EDGE('',*,*,#3943,.F.);
#5293=ORIENTED_EDGE('',*,*,#3949,.T.);
#5294=ORIENTED_EDGE('',*,*,#3946,.T.);
#5295=ORIENTED_EDGE('',*,*,#3940,.T.);
#5296=ORIENTED_EDGE('',*,*,#3944,.T.);
#5297=ORIENTED_EDGE('',*,*,#3950,.F.);
#5298=ORIENTED_EDGE('',*,*,#3951,.T.);
#5299=ORIENTED_EDGE('',*,*,#3952,.F.);
#5300=ORIENTED_EDGE('',*,*,#3953,.F.);
#5301=ORIENTED_EDGE('',*,*,#3954,.F.);
#5302=ORIENTED_EDGE('',*,*,#3955,.T.);
#5303=ORIENTED_EDGE('',*,*,#3956,.F.);
#5304=ORIENTED_EDGE('',*,*,#3951,.F.);
#5305=ORIENTED_EDGE('',*,*,#3957,.F.);
#5306=ORIENTED_EDGE('',*,*,#3953,.T.);
#5307=ORIENTED_EDGE('',*,*,#3958,.F.);
#5308=ORIENTED_EDGE('',*,*,#3959,.F.);
#5309=ORIENTED_EDGE('',*,*,#3960,.F.);
#5310=ORIENTED_EDGE('',*,*,#3959,.T.);
#5311=ORIENTED_EDGE('',*,*,#3961,.F.);
#5312=ORIENTED_EDGE('',*,*,#3955,.F.);
#5313=ORIENTED_EDGE('',*,*,#3961,.T.);
#5314=ORIENTED_EDGE('',*,*,#3958,.T.);
#5315=ORIENTED_EDGE('',*,*,#3952,.T.);
#5316=ORIENTED_EDGE('',*,*,#3956,.T.);
#5317=ORIENTED_EDGE('',*,*,#3962,.F.);
#5318=ORIENTED_EDGE('',*,*,#3963,.T.);
#5319=ORIENTED_EDGE('',*,*,#3964,.F.);
#5320=ORIENTED_EDGE('',*,*,#3965,.F.);
#5321=ORIENTED_EDGE('',*,*,#3966,.F.);
#5322=ORIENTED_EDGE('',*,*,#3967,.T.);
#5323=ORIENTED_EDGE('',*,*,#3968,.F.);
#5324=ORIENTED_EDGE('',*,*,#3963,.F.);
#5325=ORIENTED_EDGE('',*,*,#3969,.F.);
#5326=ORIENTED_EDGE('',*,*,#3965,.T.);
#5327=ORIENTED_EDGE('',*,*,#3970,.F.);
#5328=ORIENTED_EDGE('',*,*,#3971,.F.);
#5329=ORIENTED_EDGE('',*,*,#3972,.F.);
#5330=ORIENTED_EDGE('',*,*,#3971,.T.);
#5331=ORIENTED_EDGE('',*,*,#3973,.F.);
#5332=ORIENTED_EDGE('',*,*,#3967,.F.);
#5333=ORIENTED_EDGE('',*,*,#3973,.T.);
#5334=ORIENTED_EDGE('',*,*,#3970,.T.);
#5335=ORIENTED_EDGE('',*,*,#3964,.T.);
#5336=ORIENTED_EDGE('',*,*,#3968,.T.);
#5337=ORIENTED_EDGE('',*,*,#3974,.F.);
#5338=ORIENTED_EDGE('',*,*,#3975,.T.);
#5339=ORIENTED_EDGE('',*,*,#3976,.F.);
#5340=ORIENTED_EDGE('',*,*,#3977,.T.);
#5341=ORIENTED_EDGE('',*,*,#3661,.T.);
#5342=ORIENTED_EDGE('',*,*,#3978,.F.);
#5343=ORIENTED_EDGE('',*,*,#3979,.T.);
#5344=ORIENTED_EDGE('',*,*,#3980,.F.);
#5345=ORIENTED_EDGE('',*,*,#3975,.F.);
#5346=ORIENTED_EDGE('',*,*,#3977,.F.);
#5347=ORIENTED_EDGE('',*,*,#3981,.F.);
#5348=ORIENTED_EDGE('',*,*,#3982,.F.);
#5349=ORIENTED_EDGE('',*,*,#3662,.F.);
#5350=ORIENTED_EDGE('',*,*,#3982,.T.);
#5351=ORIENTED_EDGE('',*,*,#3983,.F.);
#5352=ORIENTED_EDGE('',*,*,#3979,.F.);
#5353=ORIENTED_EDGE('',*,*,#3984,.F.);
#5354=ORIENTED_EDGE('',*,*,#3663,.T.);
#5355=ORIENTED_EDGE('',*,*,#3983,.T.);
#5356=ORIENTED_EDGE('',*,*,#3981,.T.);
#5357=ORIENTED_EDGE('',*,*,#3976,.T.);
#5358=ORIENTED_EDGE('',*,*,#3980,.T.);
#5359=ORIENTED_EDGE('',*,*,#3985,.F.);
#5360=ORIENTED_EDGE('',*,*,#3986,.T.);
#5361=ORIENTED_EDGE('',*,*,#3987,.F.);
#5362=ORIENTED_EDGE('',*,*,#3988,.F.);
#5363=ORIENTED_EDGE('',*,*,#3989,.F.);
#5364=ORIENTED_EDGE('',*,*,#3990,.T.);
#5365=ORIENTED_EDGE('',*,*,#3991,.F.);
#5366=ORIENTED_EDGE('',*,*,#3986,.F.);
#5367=ORIENTED_EDGE('',*,*,#3992,.F.);
#5368=ORIENTED_EDGE('',*,*,#3988,.T.);
#5369=ORIENTED_EDGE('',*,*,#3993,.F.);
#5370=ORIENTED_EDGE('',*,*,#3994,.F.);
#5371=ORIENTED_EDGE('',*,*,#3995,.F.);
#5372=ORIENTED_EDGE('',*,*,#3994,.T.);
#5373=ORIENTED_EDGE('',*,*,#3996,.F.);
#5374=ORIENTED_EDGE('',*,*,#3990,.F.);
#5375=ORIENTED_EDGE('',*,*,#3996,.T.);
#5376=ORIENTED_EDGE('',*,*,#3993,.T.);
#5377=ORIENTED_EDGE('',*,*,#3987,.T.);
#5378=ORIENTED_EDGE('',*,*,#3991,.T.);
#5379=ORIENTED_EDGE('',*,*,#3997,.F.);
#5380=ORIENTED_EDGE('',*,*,#3998,.T.);
#5381=ORIENTED_EDGE('',*,*,#3999,.F.);
#5382=ORIENTED_EDGE('',*,*,#4000,.F.);
#5383=ORIENTED_EDGE('',*,*,#4001,.F.);
#5384=ORIENTED_EDGE('',*,*,#4002,.T.);
#5385=ORIENTED_EDGE('',*,*,#4003,.F.);
#5386=ORIENTED_EDGE('',*,*,#3998,.F.);
#5387=ORIENTED_EDGE('',*,*,#4004,.F.);
#5388=ORIENTED_EDGE('',*,*,#4000,.T.);
#5389=ORIENTED_EDGE('',*,*,#4005,.F.);
#5390=ORIENTED_EDGE('',*,*,#4006,.F.);
#5391=ORIENTED_EDGE('',*,*,#4007,.F.);
#5392=ORIENTED_EDGE('',*,*,#4006,.T.);
#5393=ORIENTED_EDGE('',*,*,#4008,.F.);
#5394=ORIENTED_EDGE('',*,*,#4002,.F.);
#5395=ORIENTED_EDGE('',*,*,#4008,.T.);
#5396=ORIENTED_EDGE('',*,*,#4005,.T.);
#5397=ORIENTED_EDGE('',*,*,#3999,.T.);
#5398=ORIENTED_EDGE('',*,*,#4003,.T.);
#5399=ORIENTED_EDGE('',*,*,#4009,.F.);
#5400=ORIENTED_EDGE('',*,*,#4010,.T.);
#5401=ORIENTED_EDGE('',*,*,#4011,.F.);
#5402=ORIENTED_EDGE('',*,*,#4012,.F.);
#5403=ORIENTED_EDGE('',*,*,#4013,.F.);
#5404=ORIENTED_EDGE('',*,*,#4014,.T.);
#5405=ORIENTED_EDGE('',*,*,#4015,.F.);
#5406=ORIENTED_EDGE('',*,*,#4010,.F.);
#5407=ORIENTED_EDGE('',*,*,#4016,.F.);
#5408=ORIENTED_EDGE('',*,*,#4012,.T.);
#5409=ORIENTED_EDGE('',*,*,#4017,.F.);
#5410=ORIENTED_EDGE('',*,*,#4018,.F.);
#5411=ORIENTED_EDGE('',*,*,#4019,.F.);
#5412=ORIENTED_EDGE('',*,*,#4018,.T.);
#5413=ORIENTED_EDGE('',*,*,#4020,.F.);
#5414=ORIENTED_EDGE('',*,*,#4014,.F.);
#5415=ORIENTED_EDGE('',*,*,#4020,.T.);
#5416=ORIENTED_EDGE('',*,*,#4017,.T.);
#5417=ORIENTED_EDGE('',*,*,#4011,.T.);
#5418=ORIENTED_EDGE('',*,*,#4015,.T.);
#5419=ORIENTED_EDGE('',*,*,#4021,.F.);
#5420=ORIENTED_EDGE('',*,*,#4022,.T.);
#5421=ORIENTED_EDGE('',*,*,#4023,.F.);
#5422=ORIENTED_EDGE('',*,*,#4024,.F.);
#5423=ORIENTED_EDGE('',*,*,#4025,.F.);
#5424=ORIENTED_EDGE('',*,*,#4026,.T.);
#5425=ORIENTED_EDGE('',*,*,#4027,.F.);
#5426=ORIENTED_EDGE('',*,*,#4022,.F.);
#5427=ORIENTED_EDGE('',*,*,#4028,.F.);
#5428=ORIENTED_EDGE('',*,*,#4024,.T.);
#5429=ORIENTED_EDGE('',*,*,#4029,.F.);
#5430=ORIENTED_EDGE('',*,*,#4030,.F.);
#5431=ORIENTED_EDGE('',*,*,#4031,.F.);
#5432=ORIENTED_EDGE('',*,*,#4030,.T.);
#5433=ORIENTED_EDGE('',*,*,#4032,.F.);
#5434=ORIENTED_EDGE('',*,*,#4026,.F.);
#5435=ORIENTED_EDGE('',*,*,#4032,.T.);
#5436=ORIENTED_EDGE('',*,*,#4029,.T.);
#5437=ORIENTED_EDGE('',*,*,#4023,.T.);
#5438=ORIENTED_EDGE('',*,*,#4027,.T.);
#5439=ORIENTED_EDGE('',*,*,#3410,.F.);
#5440=ORIENTED_EDGE('',*,*,#4033,.F.);
#5441=ORIENTED_EDGE('',*,*,#4034,.F.);
#5442=ORIENTED_EDGE('',*,*,#4035,.T.);
#5443=ORIENTED_EDGE('',*,*,#3473,.T.);
#5444=ORIENTED_EDGE('',*,*,#3409,.F.);
#5445=ORIENTED_EDGE('',*,*,#4036,.F.);
#5446=ORIENTED_EDGE('',*,*,#4037,.F.);
#5447=ORIENTED_EDGE('',*,*,#4033,.T.);
#5448=ORIENTED_EDGE('',*,*,#4038,.F.);
#5449=ORIENTED_EDGE('',*,*,#4039,.F.);
#5450=ORIENTED_EDGE('',*,*,#4036,.T.);
#5451=ORIENTED_EDGE('',*,*,#3408,.F.);
#5452=ORIENTED_EDGE('',*,*,#3475,.T.);
#5453=ORIENTED_EDGE('',*,*,#4035,.F.);
#5454=ORIENTED_EDGE('',*,*,#4040,.F.);
#5455=ORIENTED_EDGE('',*,*,#4038,.T.);
#5456=ORIENTED_EDGE('',*,*,#3474,.F.);
#5457=ORIENTED_EDGE('',*,*,#4034,.T.);
#5458=ORIENTED_EDGE('',*,*,#4037,.T.);
#5459=ORIENTED_EDGE('',*,*,#4039,.T.);
#5460=ORIENTED_EDGE('',*,*,#4040,.T.);
#5461=ORIENTED_EDGE('',*,*,#4041,.F.);
#5462=ORIENTED_EDGE('',*,*,#4042,.T.);
#5463=ORIENTED_EDGE('',*,*,#4043,.F.);
#5464=ORIENTED_EDGE('',*,*,#4044,.T.);
#5465=ORIENTED_EDGE('',*,*,#3657,.F.);
#5466=ORIENTED_EDGE('',*,*,#4045,.F.);
#5467=ORIENTED_EDGE('',*,*,#4046,.T.);
#5468=ORIENTED_EDGE('',*,*,#4047,.F.);
#5469=ORIENTED_EDGE('',*,*,#4042,.F.);
#5470=ORIENTED_EDGE('',*,*,#4044,.F.);
#5471=ORIENTED_EDGE('',*,*,#4048,.F.);
#5472=ORIENTED_EDGE('',*,*,#4049,.F.);
#5473=ORIENTED_EDGE('',*,*,#3658,.F.);
#5474=ORIENTED_EDGE('',*,*,#4049,.T.);
#5475=ORIENTED_EDGE('',*,*,#4050,.F.);
#5476=ORIENTED_EDGE('',*,*,#4046,.F.);
#5477=ORIENTED_EDGE('',*,*,#4051,.F.);
#5478=ORIENTED_EDGE('',*,*,#3659,.T.);
#5479=ORIENTED_EDGE('',*,*,#4050,.T.);
#5480=ORIENTED_EDGE('',*,*,#4048,.T.);
#5481=ORIENTED_EDGE('',*,*,#4043,.T.);
#5482=ORIENTED_EDGE('',*,*,#4047,.T.);
#5483=ORIENTED_EDGE('',*,*,#4052,.F.);
#5484=ORIENTED_EDGE('',*,*,#4053,.T.);
#5485=ORIENTED_EDGE('',*,*,#4054,.F.);
#5486=ORIENTED_EDGE('',*,*,#4055,.F.);
#5487=ORIENTED_EDGE('',*,*,#4056,.F.);
#5488=ORIENTED_EDGE('',*,*,#4057,.T.);
#5489=ORIENTED_EDGE('',*,*,#4058,.F.);
#5490=ORIENTED_EDGE('',*,*,#4053,.F.);
#5491=ORIENTED_EDGE('',*,*,#4059,.F.);
#5492=ORIENTED_EDGE('',*,*,#4055,.T.);
#5493=ORIENTED_EDGE('',*,*,#4060,.F.);
#5494=ORIENTED_EDGE('',*,*,#4061,.F.);
#5495=ORIENTED_EDGE('',*,*,#4062,.F.);
#5496=ORIENTED_EDGE('',*,*,#4061,.T.);
#5497=ORIENTED_EDGE('',*,*,#4063,.F.);
#5498=ORIENTED_EDGE('',*,*,#4057,.F.);
#5499=ORIENTED_EDGE('',*,*,#4063,.T.);
#5500=ORIENTED_EDGE('',*,*,#4060,.T.);
#5501=ORIENTED_EDGE('',*,*,#4054,.T.);
#5502=ORIENTED_EDGE('',*,*,#4058,.T.);
#5503=ORIENTED_EDGE('',*,*,#4064,.F.);
#5504=ORIENTED_EDGE('',*,*,#4065,.T.);
#5505=ORIENTED_EDGE('',*,*,#4066,.F.);
#5506=ORIENTED_EDGE('',*,*,#4067,.F.);
#5507=ORIENTED_EDGE('',*,*,#4068,.F.);
#5508=ORIENTED_EDGE('',*,*,#4069,.T.);
#5509=ORIENTED_EDGE('',*,*,#4070,.F.);
#5510=ORIENTED_EDGE('',*,*,#4065,.F.);
#5511=ORIENTED_EDGE('',*,*,#4071,.F.);
#5512=ORIENTED_EDGE('',*,*,#4067,.T.);
#5513=ORIENTED_EDGE('',*,*,#4072,.F.);
#5514=ORIENTED_EDGE('',*,*,#4073,.F.);
#5515=ORIENTED_EDGE('',*,*,#4074,.F.);
#5516=ORIENTED_EDGE('',*,*,#4073,.T.);
#5517=ORIENTED_EDGE('',*,*,#4075,.F.);
#5518=ORIENTED_EDGE('',*,*,#4069,.F.);
#5519=ORIENTED_EDGE('',*,*,#4075,.T.);
#5520=ORIENTED_EDGE('',*,*,#4072,.T.);
#5521=ORIENTED_EDGE('',*,*,#4066,.T.);
#5522=ORIENTED_EDGE('',*,*,#4070,.T.);
#5523=ORIENTED_EDGE('',*,*,#3699,.F.);
#5524=ORIENTED_EDGE('',*,*,#4076,.T.);
#5525=ORIENTED_EDGE('',*,*,#4077,.F.);
#5526=ORIENTED_EDGE('',*,*,#4078,.F.);
#5527=ORIENTED_EDGE('',*,*,#3698,.F.);
#5528=ORIENTED_EDGE('',*,*,#4079,.T.);
#5529=ORIENTED_EDGE('',*,*,#4080,.F.);
#5530=ORIENTED_EDGE('',*,*,#4076,.F.);
#5531=ORIENTED_EDGE('',*,*,#3700,.F.);
#5532=ORIENTED_EDGE('',*,*,#4078,.T.);
#5533=ORIENTED_EDGE('',*,*,#4081,.F.);
#5534=ORIENTED_EDGE('',*,*,#4082,.F.);
#5535=ORIENTED_EDGE('',*,*,#3701,.F.);
#5536=ORIENTED_EDGE('',*,*,#4082,.T.);
#5537=ORIENTED_EDGE('',*,*,#4083,.F.);
#5538=ORIENTED_EDGE('',*,*,#4079,.F.);
#5539=ORIENTED_EDGE('',*,*,#4083,.T.);
#5540=ORIENTED_EDGE('',*,*,#4081,.T.);
#5541=ORIENTED_EDGE('',*,*,#4077,.T.);
#5542=ORIENTED_EDGE('',*,*,#4080,.T.);
#5543=ORIENTED_EDGE('',*,*,#3695,.F.);
#5544=ORIENTED_EDGE('',*,*,#4084,.T.);
#5545=ORIENTED_EDGE('',*,*,#4085,.F.);
#5546=ORIENTED_EDGE('',*,*,#4086,.F.);
#5547=ORIENTED_EDGE('',*,*,#3694,.F.);
#5548=ORIENTED_EDGE('',*,*,#4087,.T.);
#5549=ORIENTED_EDGE('',*,*,#4088,.F.);
#5550=ORIENTED_EDGE('',*,*,#4084,.F.);
#5551=ORIENTED_EDGE('',*,*,#3696,.F.);
#5552=ORIENTED_EDGE('',*,*,#4086,.T.);
#5553=ORIENTED_EDGE('',*,*,#4089,.F.);
#5554=ORIENTED_EDGE('',*,*,#4090,.F.);
#5555=ORIENTED_EDGE('',*,*,#3697,.F.);
#5556=ORIENTED_EDGE('',*,*,#4090,.T.);
#5557=ORIENTED_EDGE('',*,*,#4091,.F.);
#5558=ORIENTED_EDGE('',*,*,#4087,.F.);
#5559=ORIENTED_EDGE('',*,*,#4091,.T.);
#5560=ORIENTED_EDGE('',*,*,#4089,.T.);
#5561=ORIENTED_EDGE('',*,*,#4085,.T.);
#5562=ORIENTED_EDGE('',*,*,#4088,.T.);
#5563=ORIENTED_EDGE('',*,*,#3691,.F.);
#5564=ORIENTED_EDGE('',*,*,#4092,.T.);
#5565=ORIENTED_EDGE('',*,*,#4093,.F.);
#5566=ORIENTED_EDGE('',*,*,#4094,.F.);
#5567=ORIENTED_EDGE('',*,*,#3690,.F.);
#5568=ORIENTED_EDGE('',*,*,#4095,.T.);
#5569=ORIENTED_EDGE('',*,*,#4096,.F.);
#5570=ORIENTED_EDGE('',*,*,#4092,.F.);
#5571=ORIENTED_EDGE('',*,*,#3692,.F.);
#5572=ORIENTED_EDGE('',*,*,#4094,.T.);
#5573=ORIENTED_EDGE('',*,*,#4097,.F.);
#5574=ORIENTED_EDGE('',*,*,#4098,.F.);
#5575=ORIENTED_EDGE('',*,*,#3693,.F.);
#5576=ORIENTED_EDGE('',*,*,#4098,.T.);
#5577=ORIENTED_EDGE('',*,*,#4099,.F.);
#5578=ORIENTED_EDGE('',*,*,#4095,.F.);
#5579=ORIENTED_EDGE('',*,*,#4099,.T.);
#5580=ORIENTED_EDGE('',*,*,#4097,.T.);
#5581=ORIENTED_EDGE('',*,*,#4093,.T.);
#5582=ORIENTED_EDGE('',*,*,#4096,.T.);
#5583=ORIENTED_EDGE('',*,*,#4100,.F.);
#5584=ORIENTED_EDGE('',*,*,#4101,.T.);
#5585=ORIENTED_EDGE('',*,*,#4102,.F.);
#5586=ORIENTED_EDGE('',*,*,#4103,.F.);
#5587=ORIENTED_EDGE('',*,*,#4104,.F.);
#5588=ORIENTED_EDGE('',*,*,#4105,.T.);
#5589=ORIENTED_EDGE('',*,*,#4106,.F.);
#5590=ORIENTED_EDGE('',*,*,#4101,.F.);
#5591=ORIENTED_EDGE('',*,*,#4107,.F.);
#5592=ORIENTED_EDGE('',*,*,#4103,.T.);
#5593=ORIENTED_EDGE('',*,*,#4108,.F.);
#5594=ORIENTED_EDGE('',*,*,#4109,.F.);
#5595=ORIENTED_EDGE('',*,*,#4110,.F.);
#5596=ORIENTED_EDGE('',*,*,#4109,.T.);
#5597=ORIENTED_EDGE('',*,*,#4111,.F.);
#5598=ORIENTED_EDGE('',*,*,#4105,.F.);
#5599=ORIENTED_EDGE('',*,*,#4111,.T.);
#5600=ORIENTED_EDGE('',*,*,#4108,.T.);
#5601=ORIENTED_EDGE('',*,*,#4102,.T.);
#5602=ORIENTED_EDGE('',*,*,#4106,.T.);
#5603=ORIENTED_EDGE('',*,*,#3689,.F.);
#5604=ORIENTED_EDGE('',*,*,#4112,.T.);
#5605=ORIENTED_EDGE('',*,*,#4113,.F.);
#5606=ORIENTED_EDGE('',*,*,#4114,.F.);
#5607=ORIENTED_EDGE('',*,*,#4115,.F.);
#5608=ORIENTED_EDGE('',*,*,#4116,.F.);
#5609=ORIENTED_EDGE('',*,*,#3686,.F.);
#5610=ORIENTED_EDGE('',*,*,#4114,.T.);
#5611=ORIENTED_EDGE('',*,*,#4117,.T.);
#5612=ORIENTED_EDGE('',*,*,#4118,.T.);
#5613=ORIENTED_EDGE('',*,*,#4115,.T.);
#5614=ORIENTED_EDGE('',*,*,#4113,.T.);
#5615=ORIENTED_EDGE('',*,*,#3688,.F.);
#5616=ORIENTED_EDGE('',*,*,#4119,.T.);
#5617=ORIENTED_EDGE('',*,*,#4117,.F.);
#5618=ORIENTED_EDGE('',*,*,#4112,.F.);
#5619=ORIENTED_EDGE('',*,*,#3683,.F.);
#5620=ORIENTED_EDGE('',*,*,#4120,.T.);
#5621=ORIENTED_EDGE('',*,*,#4121,.F.);
#5622=ORIENTED_EDGE('',*,*,#4122,.F.);
#5623=ORIENTED_EDGE('',*,*,#3682,.F.);
#5624=ORIENTED_EDGE('',*,*,#4123,.T.);
#5625=ORIENTED_EDGE('',*,*,#4124,.F.);
#5626=ORIENTED_EDGE('',*,*,#4120,.F.);
#5627=ORIENTED_EDGE('',*,*,#3684,.F.);
#5628=ORIENTED_EDGE('',*,*,#4122,.T.);
#5629=ORIENTED_EDGE('',*,*,#4125,.F.);
#5630=ORIENTED_EDGE('',*,*,#4126,.F.);
#5631=ORIENTED_EDGE('',*,*,#3685,.F.);
#5632=ORIENTED_EDGE('',*,*,#4126,.T.);
#5633=ORIENTED_EDGE('',*,*,#4127,.F.);
#5634=ORIENTED_EDGE('',*,*,#4123,.F.);
#5635=ORIENTED_EDGE('',*,*,#4127,.T.);
#5636=ORIENTED_EDGE('',*,*,#4125,.T.);
#5637=ORIENTED_EDGE('',*,*,#4121,.T.);
#5638=ORIENTED_EDGE('',*,*,#4124,.T.);
#5639=ORIENTED_EDGE('',*,*,#3687,.F.);
#5640=ORIENTED_EDGE('',*,*,#4116,.T.);
#5641=ORIENTED_EDGE('',*,*,#4118,.F.);
#5642=ORIENTED_EDGE('',*,*,#4119,.F.);
#5643=ORIENTED_EDGE('',*,*,#3679,.F.);
#5644=ORIENTED_EDGE('',*,*,#4128,.T.);
#5645=ORIENTED_EDGE('',*,*,#4129,.F.);
#5646=ORIENTED_EDGE('',*,*,#4130,.F.);
#5647=ORIENTED_EDGE('',*,*,#3678,.F.);
#5648=ORIENTED_EDGE('',*,*,#4131,.T.);
#5649=ORIENTED_EDGE('',*,*,#4132,.F.);
#5650=ORIENTED_EDGE('',*,*,#4128,.F.);
#5651=ORIENTED_EDGE('',*,*,#3680,.F.);
#5652=ORIENTED_EDGE('',*,*,#4130,.T.);
#5653=ORIENTED_EDGE('',*,*,#4133,.F.);
#5654=ORIENTED_EDGE('',*,*,#4134,.F.);
#5655=ORIENTED_EDGE('',*,*,#3681,.F.);
#5656=ORIENTED_EDGE('',*,*,#4134,.T.);
#5657=ORIENTED_EDGE('',*,*,#4135,.F.);
#5658=ORIENTED_EDGE('',*,*,#4131,.F.);
#5659=ORIENTED_EDGE('',*,*,#4135,.T.);
#5660=ORIENTED_EDGE('',*,*,#4133,.T.);
#5661=ORIENTED_EDGE('',*,*,#4129,.T.);
#5662=ORIENTED_EDGE('',*,*,#4132,.T.);
#5663=ORIENTED_EDGE('',*,*,#4136,.F.);
#5664=ORIENTED_EDGE('',*,*,#4137,.T.);
#5665=ORIENTED_EDGE('',*,*,#4138,.F.);
#5666=ORIENTED_EDGE('',*,*,#4139,.F.);
#5667=ORIENTED_EDGE('',*,*,#4140,.F.);
#5668=ORIENTED_EDGE('',*,*,#4139,.T.);
#5669=ORIENTED_EDGE('',*,*,#4141,.F.);
#5670=ORIENTED_EDGE('',*,*,#4142,.F.);
#5671=ORIENTED_EDGE('',*,*,#4143,.F.);
#5672=ORIENTED_EDGE('',*,*,#4142,.T.);
#5673=ORIENTED_EDGE('',*,*,#4144,.F.);
#5674=ORIENTED_EDGE('',*,*,#4145,.F.);
#5675=ORIENTED_EDGE('',*,*,#4146,.F.);
#5676=ORIENTED_EDGE('',*,*,#4145,.T.);
#5677=ORIENTED_EDGE('',*,*,#4147,.F.);
#5678=ORIENTED_EDGE('',*,*,#4137,.F.);
#5679=ORIENTED_EDGE('',*,*,#4147,.T.);
#5680=ORIENTED_EDGE('',*,*,#4144,.T.);
#5681=ORIENTED_EDGE('',*,*,#4141,.T.);
#5682=ORIENTED_EDGE('',*,*,#4138,.T.);
#5683=ORIENTED_EDGE('',*,*,#4148,.F.);
#5684=ORIENTED_EDGE('',*,*,#4149,.T.);
#5685=ORIENTED_EDGE('',*,*,#4150,.F.);
#5686=ORIENTED_EDGE('',*,*,#4151,.F.);
#5687=ORIENTED_EDGE('',*,*,#4152,.F.);
#5688=ORIENTED_EDGE('',*,*,#4151,.T.);
#5689=ORIENTED_EDGE('',*,*,#4153,.F.);
#5690=ORIENTED_EDGE('',*,*,#4154,.F.);
#5691=ORIENTED_EDGE('',*,*,#4155,.F.);
#5692=ORIENTED_EDGE('',*,*,#4154,.T.);
#5693=ORIENTED_EDGE('',*,*,#4156,.F.);
#5694=ORIENTED_EDGE('',*,*,#4157,.F.);
#5695=ORIENTED_EDGE('',*,*,#4158,.F.);
#5696=ORIENTED_EDGE('',*,*,#4157,.T.);
#5697=ORIENTED_EDGE('',*,*,#4159,.F.);
#5698=ORIENTED_EDGE('',*,*,#4149,.F.);
#5699=ORIENTED_EDGE('',*,*,#4159,.T.);
#5700=ORIENTED_EDGE('',*,*,#4156,.T.);
#5701=ORIENTED_EDGE('',*,*,#4153,.T.);
#5702=ORIENTED_EDGE('',*,*,#4150,.T.);
#5703=ORIENTED_EDGE('',*,*,#4160,.F.);
#5704=ORIENTED_EDGE('',*,*,#4161,.T.);
#5705=ORIENTED_EDGE('',*,*,#4162,.F.);
#5706=ORIENTED_EDGE('',*,*,#4163,.F.);
#5707=ORIENTED_EDGE('',*,*,#4164,.F.);
#5708=ORIENTED_EDGE('',*,*,#4163,.T.);
#5709=ORIENTED_EDGE('',*,*,#4165,.F.);
#5710=ORIENTED_EDGE('',*,*,#4166,.F.);
#5711=ORIENTED_EDGE('',*,*,#4167,.F.);
#5712=ORIENTED_EDGE('',*,*,#4166,.T.);
#5713=ORIENTED_EDGE('',*,*,#4168,.F.);
#5714=ORIENTED_EDGE('',*,*,#4169,.F.);
#5715=ORIENTED_EDGE('',*,*,#4170,.F.);
#5716=ORIENTED_EDGE('',*,*,#4169,.T.);
#5717=ORIENTED_EDGE('',*,*,#4171,.F.);
#5718=ORIENTED_EDGE('',*,*,#4161,.F.);
#5719=ORIENTED_EDGE('',*,*,#4171,.T.);
#5720=ORIENTED_EDGE('',*,*,#4168,.T.);
#5721=ORIENTED_EDGE('',*,*,#4165,.T.);
#5722=ORIENTED_EDGE('',*,*,#4162,.T.);
#5723=ORIENTED_EDGE('',*,*,#4172,.F.);
#5724=ORIENTED_EDGE('',*,*,#4173,.T.);
#5725=ORIENTED_EDGE('',*,*,#4174,.F.);
#5726=ORIENTED_EDGE('',*,*,#4175,.F.);
#5727=ORIENTED_EDGE('',*,*,#4176,.F.);
#5728=ORIENTED_EDGE('',*,*,#4175,.T.);
#5729=ORIENTED_EDGE('',*,*,#4177,.F.);
#5730=ORIENTED_EDGE('',*,*,#4178,.F.);
#5731=ORIENTED_EDGE('',*,*,#4179,.F.);
#5732=ORIENTED_EDGE('',*,*,#4178,.T.);
#5733=ORIENTED_EDGE('',*,*,#4180,.F.);
#5734=ORIENTED_EDGE('',*,*,#4181,.F.);
#5735=ORIENTED_EDGE('',*,*,#4182,.F.);
#5736=ORIENTED_EDGE('',*,*,#4181,.T.);
#5737=ORIENTED_EDGE('',*,*,#4183,.F.);
#5738=ORIENTED_EDGE('',*,*,#4173,.F.);
#5739=ORIENTED_EDGE('',*,*,#4183,.T.);
#5740=ORIENTED_EDGE('',*,*,#4180,.T.);
#5741=ORIENTED_EDGE('',*,*,#4177,.T.);
#5742=ORIENTED_EDGE('',*,*,#4174,.T.);
#5743=ORIENTED_EDGE('',*,*,#4184,.F.);
#5744=ORIENTED_EDGE('',*,*,#4185,.T.);
#5745=ORIENTED_EDGE('',*,*,#4186,.F.);
#5746=ORIENTED_EDGE('',*,*,#4187,.F.);
#5747=ORIENTED_EDGE('',*,*,#4188,.F.);
#5748=ORIENTED_EDGE('',*,*,#4187,.T.);
#5749=ORIENTED_EDGE('',*,*,#4189,.F.);
#5750=ORIENTED_EDGE('',*,*,#4190,.F.);
#5751=ORIENTED_EDGE('',*,*,#4191,.F.);
#5752=ORIENTED_EDGE('',*,*,#4190,.T.);
#5753=ORIENTED_EDGE('',*,*,#4192,.F.);
#5754=ORIENTED_EDGE('',*,*,#4193,.F.);
#5755=ORIENTED_EDGE('',*,*,#4194,.F.);
#5756=ORIENTED_EDGE('',*,*,#4193,.T.);
#5757=ORIENTED_EDGE('',*,*,#4195,.F.);
#5758=ORIENTED_EDGE('',*,*,#4185,.F.);
#5759=ORIENTED_EDGE('',*,*,#4195,.T.);
#5760=ORIENTED_EDGE('',*,*,#4192,.T.);
#5761=ORIENTED_EDGE('',*,*,#4189,.T.);
#5762=ORIENTED_EDGE('',*,*,#4186,.T.);
#5763=ORIENTED_EDGE('',*,*,#4196,.F.);
#5764=ORIENTED_EDGE('',*,*,#4197,.T.);
#5765=ORIENTED_EDGE('',*,*,#4198,.F.);
#5766=ORIENTED_EDGE('',*,*,#4199,.F.);
#5767=ORIENTED_EDGE('',*,*,#4200,.F.);
#5768=ORIENTED_EDGE('',*,*,#4199,.T.);
#5769=ORIENTED_EDGE('',*,*,#4201,.F.);
#5770=ORIENTED_EDGE('',*,*,#4202,.F.);
#5771=ORIENTED_EDGE('',*,*,#4203,.F.);
#5772=ORIENTED_EDGE('',*,*,#4202,.T.);
#5773=ORIENTED_EDGE('',*,*,#4204,.F.);
#5774=ORIENTED_EDGE('',*,*,#4205,.F.);
#5775=ORIENTED_EDGE('',*,*,#4206,.F.);
#5776=ORIENTED_EDGE('',*,*,#4205,.T.);
#5777=ORIENTED_EDGE('',*,*,#4207,.F.);
#5778=ORIENTED_EDGE('',*,*,#4197,.F.);
#5779=ORIENTED_EDGE('',*,*,#4207,.T.);
#5780=ORIENTED_EDGE('',*,*,#4204,.T.);
#5781=ORIENTED_EDGE('',*,*,#4201,.T.);
#5782=ORIENTED_EDGE('',*,*,#4198,.T.);
#5783=ORIENTED_EDGE('',*,*,#4208,.F.);
#5784=ORIENTED_EDGE('',*,*,#4209,.T.);
#5785=ORIENTED_EDGE('',*,*,#4210,.F.);
#5786=ORIENTED_EDGE('',*,*,#4211,.F.);
#5787=ORIENTED_EDGE('',*,*,#4212,.F.);
#5788=ORIENTED_EDGE('',*,*,#4211,.T.);
#5789=ORIENTED_EDGE('',*,*,#4213,.F.);
#5790=ORIENTED_EDGE('',*,*,#4214,.F.);
#5791=ORIENTED_EDGE('',*,*,#4215,.F.);
#5792=ORIENTED_EDGE('',*,*,#4214,.T.);
#5793=ORIENTED_EDGE('',*,*,#4216,.F.);
#5794=ORIENTED_EDGE('',*,*,#4217,.F.);
#5795=ORIENTED_EDGE('',*,*,#4218,.F.);
#5796=ORIENTED_EDGE('',*,*,#4217,.T.);
#5797=ORIENTED_EDGE('',*,*,#4219,.F.);
#5798=ORIENTED_EDGE('',*,*,#4209,.F.);
#5799=ORIENTED_EDGE('',*,*,#4219,.T.);
#5800=ORIENTED_EDGE('',*,*,#4216,.T.);
#5801=ORIENTED_EDGE('',*,*,#4213,.T.);
#5802=ORIENTED_EDGE('',*,*,#4210,.T.);
#5803=ORIENTED_EDGE('',*,*,#4220,.F.);
#5804=ORIENTED_EDGE('',*,*,#4221,.T.);
#5805=ORIENTED_EDGE('',*,*,#4222,.F.);
#5806=ORIENTED_EDGE('',*,*,#4223,.F.);
#5807=ORIENTED_EDGE('',*,*,#4224,.F.);
#5808=ORIENTED_EDGE('',*,*,#4223,.T.);
#5809=ORIENTED_EDGE('',*,*,#4225,.F.);
#5810=ORIENTED_EDGE('',*,*,#4226,.F.);
#5811=ORIENTED_EDGE('',*,*,#4227,.F.);
#5812=ORIENTED_EDGE('',*,*,#4226,.T.);
#5813=ORIENTED_EDGE('',*,*,#4228,.F.);
#5814=ORIENTED_EDGE('',*,*,#4229,.F.);
#5815=ORIENTED_EDGE('',*,*,#4230,.F.);
#5816=ORIENTED_EDGE('',*,*,#4229,.T.);
#5817=ORIENTED_EDGE('',*,*,#4231,.F.);
#5818=ORIENTED_EDGE('',*,*,#4221,.F.);
#5819=ORIENTED_EDGE('',*,*,#4231,.T.);
#5820=ORIENTED_EDGE('',*,*,#4228,.T.);
#5821=ORIENTED_EDGE('',*,*,#4225,.T.);
#5822=ORIENTED_EDGE('',*,*,#4222,.T.);
#5823=ORIENTED_EDGE('',*,*,#4232,.F.);
#5824=ORIENTED_EDGE('',*,*,#4233,.T.);
#5825=ORIENTED_EDGE('',*,*,#4234,.F.);
#5826=ORIENTED_EDGE('',*,*,#4235,.F.);
#5827=ORIENTED_EDGE('',*,*,#4236,.F.);
#5828=ORIENTED_EDGE('',*,*,#4235,.T.);
#5829=ORIENTED_EDGE('',*,*,#4237,.F.);
#5830=ORIENTED_EDGE('',*,*,#4238,.F.);
#5831=ORIENTED_EDGE('',*,*,#4239,.F.);
#5832=ORIENTED_EDGE('',*,*,#4238,.T.);
#5833=ORIENTED_EDGE('',*,*,#4240,.F.);
#5834=ORIENTED_EDGE('',*,*,#4241,.F.);
#5835=ORIENTED_EDGE('',*,*,#4242,.F.);
#5836=ORIENTED_EDGE('',*,*,#4241,.T.);
#5837=ORIENTED_EDGE('',*,*,#4243,.F.);
#5838=ORIENTED_EDGE('',*,*,#4233,.F.);
#5839=ORIENTED_EDGE('',*,*,#4243,.T.);
#5840=ORIENTED_EDGE('',*,*,#4240,.T.);
#5841=ORIENTED_EDGE('',*,*,#4237,.T.);
#5842=ORIENTED_EDGE('',*,*,#4234,.T.);
#5843=ORIENTED_EDGE('',*,*,#4244,.F.);
#5844=ORIENTED_EDGE('',*,*,#4245,.T.);
#5845=ORIENTED_EDGE('',*,*,#4246,.F.);
#5846=ORIENTED_EDGE('',*,*,#4247,.F.);
#5847=ORIENTED_EDGE('',*,*,#4248,.F.);
#5848=ORIENTED_EDGE('',*,*,#4247,.T.);
#5849=ORIENTED_EDGE('',*,*,#4249,.F.);
#5850=ORIENTED_EDGE('',*,*,#4250,.F.);
#5851=ORIENTED_EDGE('',*,*,#4251,.F.);
#5852=ORIENTED_EDGE('',*,*,#4250,.T.);
#5853=ORIENTED_EDGE('',*,*,#4252,.F.);
#5854=ORIENTED_EDGE('',*,*,#4253,.F.);
#5855=ORIENTED_EDGE('',*,*,#4254,.F.);
#5856=ORIENTED_EDGE('',*,*,#4253,.T.);
#5857=ORIENTED_EDGE('',*,*,#4255,.F.);
#5858=ORIENTED_EDGE('',*,*,#4245,.F.);
#5859=ORIENTED_EDGE('',*,*,#4255,.T.);
#5860=ORIENTED_EDGE('',*,*,#4252,.T.);
#5861=ORIENTED_EDGE('',*,*,#4249,.T.);
#5862=ORIENTED_EDGE('',*,*,#4246,.T.);
#5863=ORIENTED_EDGE('',*,*,#3668,.F.);
#5864=ORIENTED_EDGE('',*,*,#3937,.T.);
#5865=ORIENTED_EDGE('',*,*,#3931,.T.);
#5866=ORIENTED_EDGE('',*,*,#3927,.T.);
#5867=ORIENTED_EDGE('',*,*,#3664,.F.);
#5868=ORIENTED_EDGE('',*,*,#3984,.T.);
#5869=ORIENTED_EDGE('',*,*,#3978,.T.);
#5870=ORIENTED_EDGE('',*,*,#3974,.T.);
#5871=ORIENTED_EDGE('',*,*,#3660,.F.);
#5872=ORIENTED_EDGE('',*,*,#4051,.T.);
#5873=ORIENTED_EDGE('',*,*,#4045,.T.);
#5874=ORIENTED_EDGE('',*,*,#4041,.T.);
#5875=ORIENTED_EDGE('',*,*,#3656,.F.);
#5876=ORIENTED_EDGE('',*,*,#3677,.F.);
#5877=ORIENTED_EDGE('',*,*,#4256,.F.);
#5878=ORIENTED_EDGE('',*,*,#4257,.F.);
#5879=ORIENTED_EDGE('',*,*,#3654,.F.);
#5880=ORIENTED_EDGE('',*,*,#3716,.T.);
#5881=ORIENTED_EDGE('',*,*,#3710,.T.);
#5882=ORIENTED_EDGE('',*,*,#3706,.T.);
#5883=ORIENTED_EDGE('',*,*,#3672,.F.);
#5884=ORIENTED_EDGE('',*,*,#3878,.T.);
#5885=ORIENTED_EDGE('',*,*,#3872,.T.);
#5886=ORIENTED_EDGE('',*,*,#3868,.T.);
#5887=ORIENTED_EDGE('',*,*,#3824,.T.);
#5888=ORIENTED_EDGE('',*,*,#3820,.T.);
#5889=ORIENTED_EDGE('',*,*,#3827,.T.);
#5890=ORIENTED_EDGE('',*,*,#3830,.T.);
#5891=ORIENTED_EDGE('',*,*,#3848,.T.);
#5892=ORIENTED_EDGE('',*,*,#3844,.T.);
#5893=ORIENTED_EDGE('',*,*,#3851,.T.);
#5894=ORIENTED_EDGE('',*,*,#3854,.T.);
#5895=ORIENTED_EDGE('',*,*,#3895,.T.);
#5896=ORIENTED_EDGE('',*,*,#3891,.T.);
#5897=ORIENTED_EDGE('',*,*,#3898,.T.);
#5898=ORIENTED_EDGE('',*,*,#3901,.T.);
#5899=ORIENTED_EDGE('',*,*,#3919,.T.);
#5900=ORIENTED_EDGE('',*,*,#3915,.T.);
#5901=ORIENTED_EDGE('',*,*,#3922,.T.);
#5902=ORIENTED_EDGE('',*,*,#3925,.T.);
#5903=ORIENTED_EDGE('',*,*,#3942,.T.);
#5904=ORIENTED_EDGE('',*,*,#3938,.T.);
#5905=ORIENTED_EDGE('',*,*,#3945,.T.);
#5906=ORIENTED_EDGE('',*,*,#3948,.T.);
#5907=ORIENTED_EDGE('',*,*,#3966,.T.);
#5908=ORIENTED_EDGE('',*,*,#3962,.T.);
#5909=ORIENTED_EDGE('',*,*,#3969,.T.);
#5910=ORIENTED_EDGE('',*,*,#3972,.T.);
#5911=ORIENTED_EDGE('',*,*,#3989,.T.);
#5912=ORIENTED_EDGE('',*,*,#3985,.T.);
#5913=ORIENTED_EDGE('',*,*,#3992,.T.);
#5914=ORIENTED_EDGE('',*,*,#3995,.T.);
#5915=ORIENTED_EDGE('',*,*,#4001,.T.);
#5916=ORIENTED_EDGE('',*,*,#3997,.T.);
#5917=ORIENTED_EDGE('',*,*,#4004,.T.);
#5918=ORIENTED_EDGE('',*,*,#4007,.T.);
#5919=ORIENTED_EDGE('',*,*,#4013,.T.);
#5920=ORIENTED_EDGE('',*,*,#4009,.T.);
#5921=ORIENTED_EDGE('',*,*,#4016,.T.);
#5922=ORIENTED_EDGE('',*,*,#4019,.T.);
#5923=ORIENTED_EDGE('',*,*,#4025,.T.);
#5924=ORIENTED_EDGE('',*,*,#4021,.T.);
#5925=ORIENTED_EDGE('',*,*,#4028,.T.);
#5926=ORIENTED_EDGE('',*,*,#4031,.T.);
#5927=ORIENTED_EDGE('',*,*,#4056,.T.);
#5928=ORIENTED_EDGE('',*,*,#4052,.T.);
#5929=ORIENTED_EDGE('',*,*,#4059,.T.);
#5930=ORIENTED_EDGE('',*,*,#4062,.T.);
#5931=ORIENTED_EDGE('',*,*,#4068,.T.);
#5932=ORIENTED_EDGE('',*,*,#4064,.T.);
#5933=ORIENTED_EDGE('',*,*,#4071,.T.);
#5934=ORIENTED_EDGE('',*,*,#4074,.T.);
#5935=ORIENTED_EDGE('',*,*,#4104,.T.);
#5936=ORIENTED_EDGE('',*,*,#4100,.T.);
#5937=ORIENTED_EDGE('',*,*,#4107,.T.);
#5938=ORIENTED_EDGE('',*,*,#4110,.T.);
#5939=ORIENTED_EDGE('',*,*,#3954,.T.);
#5940=ORIENTED_EDGE('',*,*,#3950,.T.);
#5941=ORIENTED_EDGE('',*,*,#3957,.T.);
#5942=ORIENTED_EDGE('',*,*,#3960,.T.);
#5943=ORIENTED_EDGE('',*,*,#3907,.T.);
#5944=ORIENTED_EDGE('',*,*,#3903,.T.);
#5945=ORIENTED_EDGE('',*,*,#3910,.T.);
#5946=ORIENTED_EDGE('',*,*,#3913,.T.);
#5947=ORIENTED_EDGE('',*,*,#3883,.T.);
#5948=ORIENTED_EDGE('',*,*,#3879,.T.);
#5949=ORIENTED_EDGE('',*,*,#3886,.T.);
#5950=ORIENTED_EDGE('',*,*,#3889,.T.);
#5951=ORIENTED_EDGE('',*,*,#3860,.T.);
#5952=ORIENTED_EDGE('',*,*,#3856,.T.);
#5953=ORIENTED_EDGE('',*,*,#3863,.T.);
#5954=ORIENTED_EDGE('',*,*,#3866,.T.);
#5955=ORIENTED_EDGE('',*,*,#3836,.T.);
#5956=ORIENTED_EDGE('',*,*,#3832,.T.);
#5957=ORIENTED_EDGE('',*,*,#3839,.T.);
#5958=ORIENTED_EDGE('',*,*,#3842,.T.);
#5959=ORIENTED_EDGE('',*,*,#3812,.T.);
#5960=ORIENTED_EDGE('',*,*,#3808,.T.);
#5961=ORIENTED_EDGE('',*,*,#3815,.T.);
#5962=ORIENTED_EDGE('',*,*,#3818,.T.);
#5963=ORIENTED_EDGE('',*,*,#3374,.T.);
#5964=ORIENTED_EDGE('',*,*,#3370,.T.);
#5965=ORIENTED_EDGE('',*,*,#3377,.T.);
#5966=ORIENTED_EDGE('',*,*,#3380,.T.);
#5967=ORIENTED_EDGE('',*,*,#4258,.F.);
#5968=ORIENTED_EDGE('',*,*,#4259,.F.);
#5969=ORIENTED_EDGE('',*,*,#4260,.F.);
#5970=ORIENTED_EDGE('',*,*,#4261,.F.);
#5971=ORIENTED_EDGE('',*,*,#4262,.F.);
#5972=ORIENTED_EDGE('',*,*,#4263,.F.);
#5973=ORIENTED_EDGE('',*,*,#4264,.F.);
#5974=ORIENTED_EDGE('',*,*,#3675,.T.);
#5975=ORIENTED_EDGE('',*,*,#4148,.T.);
#5976=ORIENTED_EDGE('',*,*,#4152,.T.);
#5977=ORIENTED_EDGE('',*,*,#4155,.T.);
#5978=ORIENTED_EDGE('',*,*,#4158,.T.);
#5979=ORIENTED_EDGE('',*,*,#4244,.T.);
#5980=ORIENTED_EDGE('',*,*,#4248,.T.);
#5981=ORIENTED_EDGE('',*,*,#4251,.T.);
#5982=ORIENTED_EDGE('',*,*,#4254,.T.);
#5983=ORIENTED_EDGE('',*,*,#4232,.T.);
#5984=ORIENTED_EDGE('',*,*,#4236,.T.);
#5985=ORIENTED_EDGE('',*,*,#4239,.T.);
#5986=ORIENTED_EDGE('',*,*,#4242,.T.);
#5987=ORIENTED_EDGE('',*,*,#4220,.T.);
#5988=ORIENTED_EDGE('',*,*,#4224,.T.);
#5989=ORIENTED_EDGE('',*,*,#4227,.T.);
#5990=ORIENTED_EDGE('',*,*,#4230,.T.);
#5991=ORIENTED_EDGE('',*,*,#4208,.T.);
#5992=ORIENTED_EDGE('',*,*,#4212,.T.);
#5993=ORIENTED_EDGE('',*,*,#4215,.T.);
#5994=ORIENTED_EDGE('',*,*,#4218,.T.);
#5995=ORIENTED_EDGE('',*,*,#4196,.T.);
#5996=ORIENTED_EDGE('',*,*,#4200,.T.);
#5997=ORIENTED_EDGE('',*,*,#4203,.T.);
#5998=ORIENTED_EDGE('',*,*,#4206,.T.);
#5999=ORIENTED_EDGE('',*,*,#4184,.T.);
#6000=ORIENTED_EDGE('',*,*,#4188,.T.);
#6001=ORIENTED_EDGE('',*,*,#4191,.T.);
#6002=ORIENTED_EDGE('',*,*,#4194,.T.);
#6003=ORIENTED_EDGE('',*,*,#4172,.T.);
#6004=ORIENTED_EDGE('',*,*,#4176,.T.);
#6005=ORIENTED_EDGE('',*,*,#4179,.T.);
#6006=ORIENTED_EDGE('',*,*,#4182,.T.);
#6007=ORIENTED_EDGE('',*,*,#4160,.T.);
#6008=ORIENTED_EDGE('',*,*,#4164,.T.);
#6009=ORIENTED_EDGE('',*,*,#4167,.T.);
#6010=ORIENTED_EDGE('',*,*,#4170,.T.);
#6011=ORIENTED_EDGE('',*,*,#4136,.T.);
#6012=ORIENTED_EDGE('',*,*,#4140,.T.);
#6013=ORIENTED_EDGE('',*,*,#4143,.T.);
#6014=ORIENTED_EDGE('',*,*,#4146,.T.);
#6015=ORIENTED_EDGE('',*,*,#4261,.T.);
#6016=ORIENTED_EDGE('',*,*,#4265,.F.);
#6017=ORIENTED_EDGE('',*,*,#4266,.T.);
#6018=ORIENTED_EDGE('',*,*,#4267,.F.);
#6019=ORIENTED_EDGE('',*,*,#4260,.T.);
#6020=ORIENTED_EDGE('',*,*,#4268,.F.);
#6021=ORIENTED_EDGE('',*,*,#4269,.T.);
#6022=ORIENTED_EDGE('',*,*,#4265,.T.);
#6023=ORIENTED_EDGE('',*,*,#4270,.F.);
#6024=ORIENTED_EDGE('',*,*,#4271,.F.);
#6025=ORIENTED_EDGE('',*,*,#4272,.F.);
#6026=ORIENTED_EDGE('',*,*,#4273,.F.);
#6027=ORIENTED_EDGE('',*,*,#4270,.T.);
#6028=ORIENTED_EDGE('',*,*,#4274,.F.);
#6029=ORIENTED_EDGE('',*,*,#4275,.F.);
#6030=ORIENTED_EDGE('',*,*,#4276,.T.);
#6031=ORIENTED_EDGE('',*,*,#3627,.F.);
#6032=ORIENTED_EDGE('',*,*,#3631,.F.);
#6033=ORIENTED_EDGE('',*,*,#4277,.F.);
#6034=ORIENTED_EDGE('',*,*,#4278,.F.);
#6035=ORIENTED_EDGE('',*,*,#4279,.F.);
#6036=ORIENTED_EDGE('',*,*,#4280,.F.);
#6037=ORIENTED_EDGE('',*,*,#3601,.T.);
#6038=ORIENTED_EDGE('',*,*,#3620,.T.);
#6039=ORIENTED_EDGE('',*,*,#4281,.T.);
#6040=ORIENTED_EDGE('',*,*,#3641,.T.);
#6041=ORIENTED_EDGE('',*,*,#3638,.F.);
#6042=ORIENTED_EDGE('',*,*,#3589,.F.);
#6043=ORIENTED_EDGE('',*,*,#3592,.F.);
#6044=ORIENTED_EDGE('',*,*,#3604,.F.);
#6045=ORIENTED_EDGE('',*,*,#3619,.T.);
#6046=ORIENTED_EDGE('',*,*,#4282,.F.);
#6047=ORIENTED_EDGE('',*,*,#3642,.F.);
#6048=ORIENTED_EDGE('',*,*,#4281,.F.);
#6049=ORIENTED_EDGE('',*,*,#3618,.T.);
#6050=ORIENTED_EDGE('',*,*,#4283,.T.);
#6051=ORIENTED_EDGE('',*,*,#3643,.F.);
#6052=ORIENTED_EDGE('',*,*,#4282,.T.);
#6053=ORIENTED_EDGE('',*,*,#3617,.T.);
#6054=ORIENTED_EDGE('',*,*,#3640,.F.);
#6055=ORIENTED_EDGE('',*,*,#3644,.F.);
#6056=ORIENTED_EDGE('',*,*,#4283,.F.);
#6057=ORIENTED_EDGE('',*,*,#4284,.F.);
#6058=ORIENTED_EDGE('',*,*,#4266,.F.);
#6059=ORIENTED_EDGE('',*,*,#4269,.F.);
#6060=ORIENTED_EDGE('',*,*,#4285,.F.);
#6061=ORIENTED_EDGE('',*,*,#4272,.T.);
#6062=ORIENTED_EDGE('',*,*,#4286,.T.);
#6063=ORIENTED_EDGE('',*,*,#4287,.T.);
#6064=ORIENTED_EDGE('',*,*,#4288,.F.);
#6065=ORIENTED_EDGE('',*,*,#4271,.T.);
#6066=ORIENTED_EDGE('',*,*,#4276,.F.);
#6067=ORIENTED_EDGE('',*,*,#4289,.F.);
#6068=ORIENTED_EDGE('',*,*,#4286,.F.);
#6069=ORIENTED_EDGE('',*,*,#4290,.F.);
#6070=ORIENTED_EDGE('',*,*,#4291,.F.);
#6071=ORIENTED_EDGE('',*,*,#4292,.F.);
#6072=ORIENTED_EDGE('',*,*,#4293,.F.);
#6073=ORIENTED_EDGE('',*,*,#4293,.T.);
#6074=ORIENTED_EDGE('',*,*,#4294,.F.);
#6075=ORIENTED_EDGE('',*,*,#4295,.F.);
#6076=ORIENTED_EDGE('',*,*,#4296,.F.);
#6077=ORIENTED_EDGE('',*,*,#3391,.T.);
#6078=ORIENTED_EDGE('',*,*,#3433,.T.);
#6079=ORIENTED_EDGE('',*,*,#3492,.T.);
#6080=ORIENTED_EDGE('',*,*,#3488,.T.);
#6081=ORIENTED_EDGE('',*,*,#3495,.T.);
#6082=ORIENTED_EDGE('',*,*,#3429,.T.);
#6083=ORIENTED_EDGE('',*,*,#4297,.T.);
#6084=ORIENTED_EDGE('',*,*,#4262,.T.);
#6085=ORIENTED_EDGE('',*,*,#3674,.T.);
#6086=ORIENTED_EDGE('',*,*,#3405,.T.);
#6087=ORIENTED_EDGE('',*,*,#3516,.T.);
#6088=ORIENTED_EDGE('',*,*,#3512,.T.);
#6089=ORIENTED_EDGE('',*,*,#3519,.T.);
#6090=ORIENTED_EDGE('',*,*,#3401,.T.);
#6091=ORIENTED_EDGE('',*,*,#3548,.T.);
#6092=ORIENTED_EDGE('',*,*,#3544,.T.);
#6093=ORIENTED_EDGE('',*,*,#3551,.T.);
#6094=ORIENTED_EDGE('',*,*,#3397,.T.);
#6095=ORIENTED_EDGE('',*,*,#3540,.T.);
#6096=ORIENTED_EDGE('',*,*,#3536,.T.);
#6097=ORIENTED_EDGE('',*,*,#3543,.T.);
#6098=ORIENTED_EDGE('',*,*,#3393,.T.);
#6099=ORIENTED_EDGE('',*,*,#3386,.T.);
#6100=ORIENTED_EDGE('',*,*,#3382,.T.);
#6101=ORIENTED_EDGE('',*,*,#4273,.T.);
#6102=ORIENTED_EDGE('',*,*,#4288,.T.);
#6103=ORIENTED_EDGE('',*,*,#4298,.T.);
#6104=ORIENTED_EDGE('',*,*,#4274,.T.);
#6105=ORIENTED_EDGE('',*,*,#4299,.T.);
#6106=ORIENTED_EDGE('',*,*,#4285,.T.);
#6107=ORIENTED_EDGE('',*,*,#4268,.T.);
#6108=ORIENTED_EDGE('',*,*,#4259,.T.);
#6109=ORIENTED_EDGE('',*,*,#4300,.T.);
#6110=ORIENTED_EDGE('',*,*,#4301,.T.);
#6111=ORIENTED_EDGE('',*,*,#4302,.T.);
#6112=ORIENTED_EDGE('',*,*,#4291,.T.);
#6113=ORIENTED_EDGE('',*,*,#4258,.T.);
#6114=ORIENTED_EDGE('',*,*,#4267,.T.);
#6115=ORIENTED_EDGE('',*,*,#4284,.T.);
#6116=ORIENTED_EDGE('',*,*,#4299,.F.);
#6117=ORIENTED_EDGE('',*,*,#4292,.T.);
#6118=ORIENTED_EDGE('',*,*,#4302,.F.);
#6119=ORIENTED_EDGE('',*,*,#4303,.F.);
#6120=ORIENTED_EDGE('',*,*,#4294,.T.);
#6121=ORIENTED_EDGE('',*,*,#4277,.T.);
#6122=ORIENTED_EDGE('',*,*,#3630,.F.);
#6123=ORIENTED_EDGE('',*,*,#3635,.F.);
#6124=ORIENTED_EDGE('',*,*,#4304,.F.);
#6125=ORIENTED_EDGE('',*,*,#3625,.F.);
#6126=ORIENTED_EDGE('',*,*,#4280,.T.);
#6127=ORIENTED_EDGE('',*,*,#4305,.T.);
#6128=ORIENTED_EDGE('',*,*,#3632,.T.);
#6129=ORIENTED_EDGE('',*,*,#4278,.T.);
#6130=ORIENTED_EDGE('',*,*,#4304,.T.);
#6131=ORIENTED_EDGE('',*,*,#3634,.F.);
#6132=ORIENTED_EDGE('',*,*,#4306,.T.);
#6133=ORIENTED_EDGE('',*,*,#4279,.T.);
#6134=ORIENTED_EDGE('',*,*,#4306,.F.);
#6135=ORIENTED_EDGE('',*,*,#3633,.F.);
#6136=ORIENTED_EDGE('',*,*,#4305,.F.);
#6137=ORIENTED_EDGE('',*,*,#4264,.T.);
#6138=ORIENTED_EDGE('',*,*,#4307,.T.);
#6139=ORIENTED_EDGE('',*,*,#4256,.T.);
#6140=ORIENTED_EDGE('',*,*,#3676,.T.);
#6141=ORIENTED_EDGE('',*,*,#4290,.T.);
#6142=ORIENTED_EDGE('',*,*,#4296,.T.);
#6143=ORIENTED_EDGE('',*,*,#4308,.T.);
#6144=ORIENTED_EDGE('',*,*,#4300,.F.);
#6145=ORIENTED_EDGE('',*,*,#4295,.T.);
#6146=ORIENTED_EDGE('',*,*,#4303,.T.);
#6147=ORIENTED_EDGE('',*,*,#4301,.F.);
#6148=ORIENTED_EDGE('',*,*,#4308,.F.);
#6149=ORIENTED_EDGE('',*,*,#4289,.T.);
#6150=ORIENTED_EDGE('',*,*,#4275,.T.);
#6151=ORIENTED_EDGE('',*,*,#4298,.F.);
#6152=ORIENTED_EDGE('',*,*,#4287,.F.);
#6153=ORIENTED_EDGE('',*,*,#3650,.F.);
#6154=ORIENTED_EDGE('',*,*,#4257,.T.);
#6155=ORIENTED_EDGE('',*,*,#4307,.F.);
#6156=ORIENTED_EDGE('',*,*,#4263,.T.);
#6157=ORIENTED_EDGE('',*,*,#4297,.F.);
#6158=ORIENTED_EDGE('',*,*,#3428,.T.);
#6159=ORIENTED_EDGE('',*,*,#3648,.F.);
#6160=ORIENTED_EDGE('',*,*,#3807,.T.);
#6161=ORIENTED_EDGE('',*,*,#3801,.T.);
#6162=ORIENTED_EDGE('',*,*,#3797,.T.);
#6163=ORIENTED_EDGE('',*,*,#3721,.T.);
#6164=ORIENTED_EDGE('',*,*,#3717,.T.);
#6165=ORIENTED_EDGE('',*,*,#3724,.T.);
#6166=ORIENTED_EDGE('',*,*,#3727,.T.);
#6167=ORIENTED_EDGE('',*,*,#3733,.T.);
#6168=ORIENTED_EDGE('',*,*,#3729,.T.);
#6169=ORIENTED_EDGE('',*,*,#3736,.T.);
#6170=ORIENTED_EDGE('',*,*,#3739,.T.);
#6171=ORIENTED_EDGE('',*,*,#3745,.T.);
#6172=ORIENTED_EDGE('',*,*,#3741,.T.);
#6173=ORIENTED_EDGE('',*,*,#3748,.T.);
#6174=ORIENTED_EDGE('',*,*,#3751,.T.);
#6175=ORIENTED_EDGE('',*,*,#3757,.T.);
#6176=ORIENTED_EDGE('',*,*,#3753,.T.);
#6177=ORIENTED_EDGE('',*,*,#3760,.T.);
#6178=ORIENTED_EDGE('',*,*,#3763,.T.);
#6179=ORIENTED_EDGE('',*,*,#3769,.T.);
#6180=ORIENTED_EDGE('',*,*,#3765,.T.);
#6181=ORIENTED_EDGE('',*,*,#3772,.T.);
#6182=ORIENTED_EDGE('',*,*,#3775,.T.);
#6183=ORIENTED_EDGE('',*,*,#3781,.T.);
#6184=ORIENTED_EDGE('',*,*,#3777,.T.);
#6185=ORIENTED_EDGE('',*,*,#3784,.T.);
#6186=ORIENTED_EDGE('',*,*,#3787,.T.);
#6187=PLANE('',#6937);
#6188=PLANE('',#6938);
#6189=PLANE('',#6939);
#6190=PLANE('',#6940);
#6191=PLANE('',#6941);
#6192=PLANE('',#6942);
#6193=PLANE('',#6943);
#6194=PLANE('',#6944);
#6195=PLANE('',#6945);
#6196=PLANE('',#6946);
#6197=PLANE('',#6947);
#6198=PLANE('',#6948);
#6199=PLANE('',#6949);
#6200=PLANE('',#6950);
#6201=PLANE('',#6951);
#6202=PLANE('',#6952);
#6203=PLANE('',#6953);
#6204=PLANE('',#6954);
#6205=PLANE('',#6955);
#6206=PLANE('',#6956);
#6207=PLANE('',#6957);
#6208=PLANE('',#6958);
#6209=PLANE('',#6959);
#6210=PLANE('',#6960);
#6211=PLANE('',#6961);
#6212=PLANE('',#6962);
#6213=PLANE('',#6963);
#6214=PLANE('',#6964);
#6215=PLANE('',#6965);
#6216=PLANE('',#6966);
#6217=PLANE('',#6967);
#6218=PLANE('',#6968);
#6219=PLANE('',#6969);
#6220=PLANE('',#6970);
#6221=PLANE('',#6971);
#6222=PLANE('',#6972);
#6223=PLANE('',#6973);
#6224=PLANE('',#6974);
#6225=PLANE('',#6975);
#6226=PLANE('',#6976);
#6227=PLANE('',#6977);
#6228=PLANE('',#6978);
#6229=PLANE('',#6979);
#6230=PLANE('',#6980);
#6231=PLANE('',#6981);
#6232=PLANE('',#6982);
#6233=PLANE('',#6983);
#6234=PLANE('',#6984);
#6235=PLANE('',#6985);
#6236=PLANE('',#6986);
#6237=PLANE('',#6987);
#6238=PLANE('',#6988);
#6239=PLANE('',#6989);
#6240=PLANE('',#6990);
#6241=PLANE('',#6991);
#6242=PLANE('',#6992);
#6243=PLANE('',#6993);
#6244=PLANE('',#6994);
#6245=PLANE('',#6995);
#6246=PLANE('',#6996);
#6247=PLANE('',#6997);
#6248=PLANE('',#6998);
#6249=PLANE('',#6999);
#6250=PLANE('',#7000);
#6251=PLANE('',#7001);
#6252=PLANE('',#7002);
#6253=PLANE('',#7003);
#6254=PLANE('',#7004);
#6255=PLANE('',#7005);
#6256=PLANE('',#7006);
#6257=PLANE('',#7007);
#6258=PLANE('',#7008);
#6259=PLANE('',#7016);
#6260=PLANE('',#7027);
#6261=PLANE('',#7029);
#6262=PLANE('',#7030);
#6263=PLANE('',#7031);
#6264=PLANE('',#7032);
#6265=PLANE('',#7033);
#6266=PLANE('',#7034);
#6267=PLANE('',#7035);
#6268=PLANE('',#7036);
#6269=PLANE('',#7037);
#6270=PLANE('',#7038);
#6271=PLANE('',#7039);
#6272=PLANE('',#7040);
#6273=PLANE('',#7041);
#6274=PLANE('',#7042);
#6275=PLANE('',#7043);
#6276=PLANE('',#7044);
#6277=PLANE('',#7045);
#6278=PLANE('',#7046);
#6279=PLANE('',#7047);
#6280=PLANE('',#7048);
#6281=PLANE('',#7049);
#6282=PLANE('',#7050);
#6283=PLANE('',#7051);
#6284=PLANE('',#7052);
#6285=PLANE('',#7053);
#6286=PLANE('',#7054);
#6287=PLANE('',#7055);
#6288=PLANE('',#7056);
#6289=PLANE('',#7057);
#6290=PLANE('',#7058);
#6291=PLANE('',#7059);
#6292=PLANE('',#7060);
#6293=PLANE('',#7061);
#6294=PLANE('',#7062);
#6295=PLANE('',#7063);
#6296=PLANE('',#7064);
#6297=PLANE('',#7065);
#6298=PLANE('',#7066);
#6299=PLANE('',#7067);
#6300=PLANE('',#7068);
#6301=PLANE('',#7069);
#6302=PLANE('',#7070);
#6303=PLANE('',#7071);
#6304=PLANE('',#7072);
#6305=PLANE('',#7073);
#6306=PLANE('',#7074);
#6307=PLANE('',#7075);
#6308=PLANE('',#7076);
#6309=PLANE('',#7077);
#6310=PLANE('',#7078);
#6311=PLANE('',#7079);
#6312=PLANE('',#7080);
#6313=PLANE('',#7081);
#6314=PLANE('',#7082);
#6315=PLANE('',#7083);
#6316=PLANE('',#7084);
#6317=PLANE('',#7085);
#6318=PLANE('',#7086);
#6319=PLANE('',#7087);
#6320=PLANE('',#7088);
#6321=PLANE('',#7089);
#6322=PLANE('',#7090);
#6323=PLANE('',#7091);
#6324=PLANE('',#7092);
#6325=PLANE('',#7093);
#6326=PLANE('',#7094);
#6327=PLANE('',#7095);
#6328=PLANE('',#7096);
#6329=PLANE('',#7097);
#6330=PLANE('',#7098);
#6331=PLANE('',#7099);
#6332=PLANE('',#7100);
#6333=PLANE('',#7101);
#6334=PLANE('',#7102);
#6335=PLANE('',#7103);
#6336=PLANE('',#7104);
#6337=PLANE('',#7105);
#6338=PLANE('',#7106);
#6339=PLANE('',#7107);
#6340=PLANE('',#7108);
#6341=PLANE('',#7109);
#6342=PLANE('',#7110);
#6343=PLANE('',#7111);
#6344=PLANE('',#7112);
#6345=PLANE('',#7113);
#6346=PLANE('',#7114);
#6347=PLANE('',#7115);
#6348=PLANE('',#7116);
#6349=PLANE('',#7117);
#6350=PLANE('',#7118);
#6351=PLANE('',#7119);
#6352=PLANE('',#7120);
#6353=PLANE('',#7121);
#6354=PLANE('',#7122);
#6355=PLANE('',#7123);
#6356=PLANE('',#7124);
#6357=PLANE('',#7125);
#6358=PLANE('',#7126);
#6359=PLANE('',#7127);
#6360=PLANE('',#7128);
#6361=PLANE('',#7129);
#6362=PLANE('',#7130);
#6363=PLANE('',#7131);
#6364=PLANE('',#7132);
#6365=PLANE('',#7133);
#6366=PLANE('',#7134);
#6367=PLANE('',#7135);
#6368=PLANE('',#7136);
#6369=PLANE('',#7137);
#6370=PLANE('',#7138);
#6371=PLANE('',#7139);
#6372=PLANE('',#7140);
#6373=PLANE('',#7141);
#6374=PLANE('',#7142);
#6375=PLANE('',#7143);
#6376=PLANE('',#7144);
#6377=PLANE('',#7145);
#6378=PLANE('',#7146);
#6379=PLANE('',#7147);
#6380=PLANE('',#7148);
#6381=PLANE('',#7149);
#6382=PLANE('',#7150);
#6383=PLANE('',#7151);
#6384=PLANE('',#7152);
#6385=PLANE('',#7153);
#6386=PLANE('',#7154);
#6387=PLANE('',#7155);
#6388=PLANE('',#7156);
#6389=PLANE('',#7157);
#6390=PLANE('',#7158);
#6391=PLANE('',#7159);
#6392=PLANE('',#7160);
#6393=PLANE('',#7161);
#6394=PLANE('',#7162);
#6395=PLANE('',#7163);
#6396=PLANE('',#7164);
#6397=PLANE('',#7165);
#6398=PLANE('',#7166);
#6399=PLANE('',#7167);
#6400=PLANE('',#7168);
#6401=PLANE('',#7169);
#6402=PLANE('',#7170);
#6403=PLANE('',#7171);
#6404=PLANE('',#7172);
#6405=PLANE('',#7173);
#6406=PLANE('',#7174);
#6407=PLANE('',#7175);
#6408=PLANE('',#7176);
#6409=PLANE('',#7177);
#6410=PLANE('',#7178);
#6411=PLANE('',#7179);
#6412=PLANE('',#7180);
#6413=PLANE('',#7181);
#6414=PLANE('',#7182);
#6415=PLANE('',#7183);
#6416=PLANE('',#7184);
#6417=PLANE('',#7185);
#6418=PLANE('',#7186);
#6419=PLANE('',#7187);
#6420=PLANE('',#7188);
#6421=PLANE('',#7189);
#6422=PLANE('',#7190);
#6423=PLANE('',#7191);
#6424=PLANE('',#7192);
#6425=PLANE('',#7193);
#6426=PLANE('',#7194);
#6427=PLANE('',#7195);
#6428=PLANE('',#7196);
#6429=PLANE('',#7197);
#6430=PLANE('',#7198);
#6431=PLANE('',#7199);
#6432=PLANE('',#7200);
#6433=PLANE('',#7201);
#6434=PLANE('',#7202);
#6435=PLANE('',#7203);
#6436=PLANE('',#7204);
#6437=PLANE('',#7205);
#6438=PLANE('',#7206);
#6439=PLANE('',#7207);
#6440=PLANE('',#7208);
#6441=PLANE('',#7209);
#6442=PLANE('',#7210);
#6443=PLANE('',#7211);
#6444=PLANE('',#7212);
#6445=PLANE('',#7213);
#6446=PLANE('',#7214);
#6447=PLANE('',#7215);
#6448=PLANE('',#7216);
#6449=PLANE('',#7217);
#6450=PLANE('',#7218);
#6451=PLANE('',#7219);
#6452=PLANE('',#7220);
#6453=PLANE('',#7221);
#6454=PLANE('',#7222);
#6455=PLANE('',#7223);
#6456=PLANE('',#7224);
#6457=PLANE('',#7225);
#6458=PLANE('',#7226);
#6459=PLANE('',#7227);
#6460=PLANE('',#7228);
#6461=PLANE('',#7229);
#6462=PLANE('',#7230);
#6463=PLANE('',#7231);
#6464=PLANE('',#7232);
#6465=PLANE('',#7233);
#6466=PLANE('',#7234);
#6467=PLANE('',#7235);
#6468=PLANE('',#7236);
#6469=PLANE('',#7237);
#6470=PLANE('',#7238);
#6471=PLANE('',#7239);
#6472=PLANE('',#7240);
#6473=PLANE('',#7241);
#6474=PLANE('',#7242);
#6475=PLANE('',#7243);
#6476=PLANE('',#7244);
#6477=PLANE('',#7245);
#6478=PLANE('',#7246);
#6479=PLANE('',#7247);
#6480=PLANE('',#7248);
#6481=PLANE('',#7249);
#6482=PLANE('',#7250);
#6483=PLANE('',#7251);
#6484=PLANE('',#7252);
#6485=PLANE('',#7253);
#6486=PLANE('',#7254);
#6487=PLANE('',#7255);
#6488=PLANE('',#7256);
#6489=PLANE('',#7257);
#6490=PLANE('',#7258);
#6491=PLANE('',#7259);
#6492=PLANE('',#7260);
#6493=PLANE('',#7261);
#6494=PLANE('',#7262);
#6495=PLANE('',#7263);
#6496=PLANE('',#7264);
#6497=PLANE('',#7265);
#6498=PLANE('',#7266);
#6499=PLANE('',#7267);
#6500=PLANE('',#7268);
#6501=PLANE('',#7269);
#6502=PLANE('',#7270);
#6503=PLANE('',#7271);
#6504=PLANE('',#7272);
#6505=PLANE('',#7273);
#6506=PLANE('',#7274);
#6507=PLANE('',#7275);
#6508=PLANE('',#7276);
#6509=PLANE('',#7277);
#6510=PLANE('',#7278);
#6511=PLANE('',#7279);
#6512=PLANE('',#7280);
#6513=PLANE('',#7281);
#6514=PLANE('',#7282);
#6515=PLANE('',#7283);
#6516=PLANE('',#7284);
#6517=PLANE('',#7285);
#6518=PLANE('',#7286);
#6519=PLANE('',#7287);
#6520=PLANE('',#7288);
#6521=PLANE('',#7289);
#6522=PLANE('',#7290);
#6523=PLANE('',#7291);
#6524=PLANE('',#7292);
#6525=PLANE('',#7293);
#6526=PLANE('',#7294);
#6527=PLANE('',#7295);
#6528=PLANE('',#7296);
#6529=PLANE('',#7297);
#6530=PLANE('',#7298);
#6531=PLANE('',#7299);
#6532=PLANE('',#7300);
#6533=PLANE('',#7301);
#6534=PLANE('',#7302);
#6535=PLANE('',#7303);
#6536=PLANE('',#7304);
#6537=PLANE('',#7305);
#6538=PLANE('',#7306);
#6539=PLANE('',#7307);
#6540=PLANE('',#7308);
#6541=PLANE('',#7309);
#6542=PLANE('',#7310);
#6543=PLANE('',#7311);
#6544=PLANE('',#7312);
#6545=PLANE('',#7313);
#6546=PLANE('',#7314);
#6547=PLANE('',#7315);
#6548=PLANE('',#7316);
#6549=PLANE('',#7317);
#6550=PLANE('',#7318);
#6551=ADVANCED_FACE('',(#109),#6187,.T.);
#6552=ADVANCED_FACE('',(#110),#6188,.T.);
#6553=ADVANCED_FACE('',(#111),#6189,.T.);
#6554=ADVANCED_FACE('',(#112),#6190,.T.);
#6555=ADVANCED_FACE('',(#113),#6191,.T.);
#6556=ADVANCED_FACE('',(#114),#6192,.F.);
#6557=ADVANCED_FACE('',(#115),#6193,.T.);
#6558=ADVANCED_FACE('',(#116),#6194,.T.);
#6559=ADVANCED_FACE('',(#117),#6195,.T.);
#6560=ADVANCED_FACE('',(#118,#40,#41,#42,#43,#44),#6196,.T.);
#6561=ADVANCED_FACE('',(#119),#6197,.T.);
#6562=ADVANCED_FACE('',(#120),#6198,.T.);
#6563=ADVANCED_FACE('',(#121),#6199,.T.);
#6564=ADVANCED_FACE('',(#122),#6200,.T.);
#6565=ADVANCED_FACE('',(#123),#6201,.F.);
#6566=ADVANCED_FACE('',(#124),#6202,.T.);
#6567=ADVANCED_FACE('',(#125),#6203,.T.);
#6568=ADVANCED_FACE('',(#126),#6204,.T.);
#6569=ADVANCED_FACE('',(#127),#6205,.T.);
#6570=ADVANCED_FACE('',(#128),#6206,.F.);
#6571=ADVANCED_FACE('',(#129),#6207,.T.);
#6572=ADVANCED_FACE('',(#130),#6208,.F.);
#6573=ADVANCED_FACE('',(#131),#6209,.T.);
#6574=ADVANCED_FACE('',(#132),#6210,.T.);
#6575=ADVANCED_FACE('',(#133),#6211,.T.);
#6576=ADVANCED_FACE('',(#134),#6212,.T.);
#6577=ADVANCED_FACE('',(#135),#6213,.T.);
#6578=ADVANCED_FACE('',(#136),#6214,.T.);
#6579=ADVANCED_FACE('',(#137),#6215,.T.);
#6580=ADVANCED_FACE('',(#138),#6216,.F.);
#6581=ADVANCED_FACE('',(#139),#6217,.T.);
#6582=ADVANCED_FACE('',(#140),#6218,.T.);
#6583=ADVANCED_FACE('',(#141),#6219,.T.);
#6584=ADVANCED_FACE('',(#142),#6220,.T.);
#6585=ADVANCED_FACE('',(#143),#6221,.F.);
#6586=ADVANCED_FACE('',(#144),#6222,.F.);
#6587=ADVANCED_FACE('',(#145),#6223,.T.);
#6588=ADVANCED_FACE('',(#146),#6224,.T.);
#6589=ADVANCED_FACE('',(#147),#6225,.T.);
#6590=ADVANCED_FACE('',(#148),#6226,.T.);
#6591=ADVANCED_FACE('',(#149),#6227,.T.);
#6592=ADVANCED_FACE('',(#150),#6228,.T.);
#6593=ADVANCED_FACE('',(#151),#6229,.T.);
#6594=ADVANCED_FACE('',(#152),#6230,.F.);
#6595=ADVANCED_FACE('',(#153),#6231,.T.);
#6596=ADVANCED_FACE('',(#154),#6232,.T.);
#6597=ADVANCED_FACE('',(#155),#6233,.T.);
#6598=ADVANCED_FACE('',(#156),#6234,.T.);
#6599=ADVANCED_FACE('',(#157),#6235,.F.);
#6600=ADVANCED_FACE('',(#158),#6236,.F.);
#6601=ADVANCED_FACE('',(#159),#6237,.T.);
#6602=ADVANCED_FACE('',(#160),#6238,.T.);
#6603=ADVANCED_FACE('',(#161),#6239,.T.);
#6604=ADVANCED_FACE('',(#162),#6240,.F.);
#6605=ADVANCED_FACE('',(#163),#6241,.T.);
#6606=ADVANCED_FACE('',(#164),#6242,.T.);
#6607=ADVANCED_FACE('',(#165),#6243,.T.);
#6608=ADVANCED_FACE('',(#166),#6244,.T.);
#6609=ADVANCED_FACE('',(#167),#6245,.T.);
#6610=ADVANCED_FACE('',(#168),#6246,.T.);
#6611=ADVANCED_FACE('',(#169),#6247,.T.);
#6612=ADVANCED_FACE('',(#170),#6248,.F.);
#6613=ADVANCED_FACE('',(#171),#6249,.T.);
#6614=ADVANCED_FACE('',(#172),#6250,.T.);
#6615=ADVANCED_FACE('',(#173),#6251,.T.);
#6616=ADVANCED_FACE('',(#174),#6252,.T.);
#6617=ADVANCED_FACE('',(#175),#6253,.F.);
#6618=ADVANCED_FACE('',(#176),#6254,.T.);
#6619=ADVANCED_FACE('',(#177),#6255,.T.);
#6620=ADVANCED_FACE('',(#178),#6256,.T.);
#6621=ADVANCED_FACE('',(#179),#6257,.T.);
#6622=ADVANCED_FACE('',(#180),#6258,.F.);
#6623=ADVANCED_FACE('',(#181),#36,.T.);
#6624=ADVANCED_FACE('',(#182),#14,.F.);
#6625=ADVANCED_FACE('',(#183),#37,.T.);
#6626=ADVANCED_FACE('',(#184),#6259,.T.);
#6627=ADVANCED_FACE('',(#185),#38,.T.);
#6628=ADVANCED_FACE('',(#186),#15,.F.);
#6629=ADVANCED_FACE('',(#187),#39,.T.);
#6630=ADVANCED_FACE('',(#188),#16,.T.);
#6631=ADVANCED_FACE('',(#189),#6260,.T.);
#6632=ADVANCED_FACE('',(#190),#17,.T.);
#6633=ADVANCED_FACE('',(#191,#45,#46),#6261,.T.);
#6634=ADVANCED_FACE('',(#192),#6262,.T.);
#6635=ADVANCED_FACE('',(#193),#6263,.T.);
#6636=ADVANCED_FACE('',(#194),#6264,.T.);
#6637=ADVANCED_FACE('',(#195),#6265,.T.);
#6638=ADVANCED_FACE('',(#196),#6266,.T.);
#6639=ADVANCED_FACE('',(#197),#6267,.F.);
#6640=ADVANCED_FACE('',(#198),#6268,.F.);
#6641=ADVANCED_FACE('',(#199),#6269,.T.);
#6642=ADVANCED_FACE('',(#200),#6270,.T.);
#6643=ADVANCED_FACE('',(#201),#6271,.F.);
#6644=ADVANCED_FACE('',(#202),#6272,.F.);
#6645=ADVANCED_FACE('',(#203),#6273,.T.);
#6646=ADVANCED_FACE('',(#204),#6274,.T.);
#6647=ADVANCED_FACE('',(#205),#6275,.T.);
#6648=ADVANCED_FACE('',(#206,#47,#48,#49,#50,#51,#52,#53),#6276,.T.);
#6649=ADVANCED_FACE('',(#207),#6277,.T.);
#6650=ADVANCED_FACE('',(#208),#6278,.T.);
#6651=ADVANCED_FACE('',(#209),#6279,.T.);
#6652=ADVANCED_FACE('',(#210),#6280,.T.);
#6653=ADVANCED_FACE('',(#211),#6281,.T.);
#6654=ADVANCED_FACE('',(#212),#6282,.T.);
#6655=ADVANCED_FACE('',(#213),#6283,.T.);
#6656=ADVANCED_FACE('',(#214),#6284,.T.);
#6657=ADVANCED_FACE('',(#215),#6285,.T.);
#6658=ADVANCED_FACE('',(#216),#6286,.T.);
#6659=ADVANCED_FACE('',(#217),#6287,.T.);
#6660=ADVANCED_FACE('',(#218),#6288,.T.);
#6661=ADVANCED_FACE('',(#219),#6289,.T.);
#6662=ADVANCED_FACE('',(#220),#6290,.T.);
#6663=ADVANCED_FACE('',(#221),#6291,.T.);
#6664=ADVANCED_FACE('',(#222),#6292,.T.);
#6665=ADVANCED_FACE('',(#223),#6293,.T.);
#6666=ADVANCED_FACE('',(#224),#6294,.T.);
#6667=ADVANCED_FACE('',(#225),#6295,.T.);
#6668=ADVANCED_FACE('',(#226),#6296,.T.);
#6669=ADVANCED_FACE('',(#227),#6297,.T.);
#6670=ADVANCED_FACE('',(#228),#6298,.T.);
#6671=ADVANCED_FACE('',(#229),#6299,.T.);
#6672=ADVANCED_FACE('',(#230),#6300,.T.);
#6673=ADVANCED_FACE('',(#231),#6301,.T.);
#6674=ADVANCED_FACE('',(#232),#6302,.T.);
#6675=ADVANCED_FACE('',(#233),#6303,.T.);
#6676=ADVANCED_FACE('',(#234),#6304,.T.);
#6677=ADVANCED_FACE('',(#235),#6305,.T.);
#6678=ADVANCED_FACE('',(#236),#6306,.T.);
#6679=ADVANCED_FACE('',(#237),#6307,.T.);
#6680=ADVANCED_FACE('',(#238),#6308,.T.);
#6681=ADVANCED_FACE('',(#239),#6309,.T.);
#6682=ADVANCED_FACE('',(#240),#6310,.T.);
#6683=ADVANCED_FACE('',(#241),#6311,.T.);
#6684=ADVANCED_FACE('',(#242),#6312,.T.);
#6685=ADVANCED_FACE('',(#243),#6313,.T.);
#6686=ADVANCED_FACE('',(#244),#6314,.T.);
#6687=ADVANCED_FACE('',(#245),#6315,.T.);
#6688=ADVANCED_FACE('',(#246),#6316,.T.);
#6689=ADVANCED_FACE('',(#247),#6317,.T.);
#6690=ADVANCED_FACE('',(#248),#6318,.T.);
#6691=ADVANCED_FACE('',(#249),#6319,.T.);
#6692=ADVANCED_FACE('',(#250),#6320,.T.);
#6693=ADVANCED_FACE('',(#251),#6321,.T.);
#6694=ADVANCED_FACE('',(#252),#6322,.T.);
#6695=ADVANCED_FACE('',(#253),#6323,.T.);
#6696=ADVANCED_FACE('',(#254),#6324,.T.);
#6697=ADVANCED_FACE('',(#255),#6325,.T.);
#6698=ADVANCED_FACE('',(#256),#6326,.T.);
#6699=ADVANCED_FACE('',(#257),#6327,.T.);
#6700=ADVANCED_FACE('',(#258),#6328,.T.);
#6701=ADVANCED_FACE('',(#259),#6329,.T.);
#6702=ADVANCED_FACE('',(#260),#6330,.T.);
#6703=ADVANCED_FACE('',(#261),#6331,.T.);
#6704=ADVANCED_FACE('',(#262),#6332,.T.);
#6705=ADVANCED_FACE('',(#263),#6333,.T.);
#6706=ADVANCED_FACE('',(#264),#6334,.T.);
#6707=ADVANCED_FACE('',(#265),#6335,.T.);
#6708=ADVANCED_FACE('',(#266),#6336,.T.);
#6709=ADVANCED_FACE('',(#267),#6337,.T.);
#6710=ADVANCED_FACE('',(#268),#6338,.T.);
#6711=ADVANCED_FACE('',(#269),#6339,.T.);
#6712=ADVANCED_FACE('',(#270),#6340,.T.);
#6713=ADVANCED_FACE('',(#271),#6341,.T.);
#6714=ADVANCED_FACE('',(#272),#6342,.T.);
#6715=ADVANCED_FACE('',(#273),#6343,.T.);
#6716=ADVANCED_FACE('',(#274),#6344,.T.);
#6717=ADVANCED_FACE('',(#275),#6345,.T.);
#6718=ADVANCED_FACE('',(#276),#6346,.T.);
#6719=ADVANCED_FACE('',(#277),#6347,.T.);
#6720=ADVANCED_FACE('',(#278),#6348,.T.);
#6721=ADVANCED_FACE('',(#279),#6349,.T.);
#6722=ADVANCED_FACE('',(#280),#6350,.T.);
#6723=ADVANCED_FACE('',(#281),#6351,.T.);
#6724=ADVANCED_FACE('',(#282),#6352,.T.);
#6725=ADVANCED_FACE('',(#283),#6353,.T.);
#6726=ADVANCED_FACE('',(#284),#6354,.T.);
#6727=ADVANCED_FACE('',(#285),#6355,.T.);
#6728=ADVANCED_FACE('',(#286),#6356,.T.);
#6729=ADVANCED_FACE('',(#287),#6357,.T.);
#6730=ADVANCED_FACE('',(#288),#6358,.T.);
#6731=ADVANCED_FACE('',(#289),#6359,.T.);
#6732=ADVANCED_FACE('',(#290),#6360,.T.);
#6733=ADVANCED_FACE('',(#291),#6361,.T.);
#6734=ADVANCED_FACE('',(#292),#6362,.T.);
#6735=ADVANCED_FACE('',(#293),#6363,.T.);
#6736=ADVANCED_FACE('',(#294),#6364,.T.);
#6737=ADVANCED_FACE('',(#295),#6365,.T.);
#6738=ADVANCED_FACE('',(#296),#6366,.T.);
#6739=ADVANCED_FACE('',(#297),#6367,.T.);
#6740=ADVANCED_FACE('',(#298),#6368,.T.);
#6741=ADVANCED_FACE('',(#299),#6369,.T.);
#6742=ADVANCED_FACE('',(#300),#6370,.T.);
#6743=ADVANCED_FACE('',(#301),#6371,.T.);
#6744=ADVANCED_FACE('',(#302),#6372,.T.);
#6745=ADVANCED_FACE('',(#303),#6373,.T.);
#6746=ADVANCED_FACE('',(#304),#6374,.T.);
#6747=ADVANCED_FACE('',(#305),#6375,.T.);
#6748=ADVANCED_FACE('',(#306),#6376,.T.);
#6749=ADVANCED_FACE('',(#307),#6377,.T.);
#6750=ADVANCED_FACE('',(#308),#6378,.T.);
#6751=ADVANCED_FACE('',(#309),#6379,.T.);
#6752=ADVANCED_FACE('',(#310),#6380,.T.);
#6753=ADVANCED_FACE('',(#311),#6381,.T.);
#6754=ADVANCED_FACE('',(#312),#6382,.T.);
#6755=ADVANCED_FACE('',(#313),#6383,.T.);
#6756=ADVANCED_FACE('',(#314),#6384,.T.);
#6757=ADVANCED_FACE('',(#315),#6385,.T.);
#6758=ADVANCED_FACE('',(#316),#6386,.T.);
#6759=ADVANCED_FACE('',(#317),#6387,.T.);
#6760=ADVANCED_FACE('',(#318),#6388,.T.);
#6761=ADVANCED_FACE('',(#319),#6389,.T.);
#6762=ADVANCED_FACE('',(#320),#6390,.T.);
#6763=ADVANCED_FACE('',(#321),#6391,.T.);
#6764=ADVANCED_FACE('',(#322),#6392,.T.);
#6765=ADVANCED_FACE('',(#323),#6393,.T.);
#6766=ADVANCED_FACE('',(#324),#6394,.T.);
#6767=ADVANCED_FACE('',(#325),#6395,.T.);
#6768=ADVANCED_FACE('',(#326),#6396,.T.);
#6769=ADVANCED_FACE('',(#327),#6397,.T.);
#6770=ADVANCED_FACE('',(#328),#6398,.T.);
#6771=ADVANCED_FACE('',(#329),#6399,.T.);
#6772=ADVANCED_FACE('',(#330),#6400,.T.);
#6773=ADVANCED_FACE('',(#331),#6401,.T.);
#6774=ADVANCED_FACE('',(#332),#6402,.T.);
#6775=ADVANCED_FACE('',(#333),#6403,.T.);
#6776=ADVANCED_FACE('',(#334),#6404,.T.);
#6777=ADVANCED_FACE('',(#335),#6405,.T.);
#6778=ADVANCED_FACE('',(#336),#6406,.T.);
#6779=ADVANCED_FACE('',(#337),#6407,.T.);
#6780=ADVANCED_FACE('',(#338),#6408,.T.);
#6781=ADVANCED_FACE('',(#339),#6409,.T.);
#6782=ADVANCED_FACE('',(#340),#6410,.T.);
#6783=ADVANCED_FACE('',(#341),#6411,.T.);
#6784=ADVANCED_FACE('',(#342),#6412,.T.);
#6785=ADVANCED_FACE('',(#343),#6413,.T.);
#6786=ADVANCED_FACE('',(#344),#6414,.T.);
#6787=ADVANCED_FACE('',(#345),#6415,.T.);
#6788=ADVANCED_FACE('',(#346),#6416,.T.);
#6789=ADVANCED_FACE('',(#347),#6417,.T.);
#6790=ADVANCED_FACE('',(#348),#6418,.T.);
#6791=ADVANCED_FACE('',(#349),#6419,.T.);
#6792=ADVANCED_FACE('',(#350),#6420,.T.);
#6793=ADVANCED_FACE('',(#351),#6421,.F.);
#6794=ADVANCED_FACE('',(#352),#6422,.T.);
#6795=ADVANCED_FACE('',(#353),#6423,.T.);
#6796=ADVANCED_FACE('',(#354),#6424,.T.);
#6797=ADVANCED_FACE('',(#355),#6425,.T.);
#6798=ADVANCED_FACE('',(#356),#6426,.T.);
#6799=ADVANCED_FACE('',(#357),#6427,.T.);
#6800=ADVANCED_FACE('',(#358),#6428,.T.);
#6801=ADVANCED_FACE('',(#359),#6429,.T.);
#6802=ADVANCED_FACE('',(#360),#6430,.T.);
#6803=ADVANCED_FACE('',(#361),#6431,.T.);
#6804=ADVANCED_FACE('',(#362),#6432,.T.);
#6805=ADVANCED_FACE('',(#363),#6433,.T.);
#6806=ADVANCED_FACE('',(#364),#6434,.T.);
#6807=ADVANCED_FACE('',(#365),#6435,.T.);
#6808=ADVANCED_FACE('',(#366),#6436,.T.);
#6809=ADVANCED_FACE('',(#367),#6437,.T.);
#6810=ADVANCED_FACE('',(#368),#6438,.T.);
#6811=ADVANCED_FACE('',(#369),#6439,.T.);
#6812=ADVANCED_FACE('',(#370),#6440,.T.);
#6813=ADVANCED_FACE('',(#371),#6441,.T.);
#6814=ADVANCED_FACE('',(#372),#6442,.T.);
#6815=ADVANCED_FACE('',(#373),#6443,.T.);
#6816=ADVANCED_FACE('',(#374),#6444,.T.);
#6817=ADVANCED_FACE('',(#375),#6445,.T.);
#6818=ADVANCED_FACE('',(#376),#6446,.T.);
#6819=ADVANCED_FACE('',(#377),#6447,.T.);
#6820=ADVANCED_FACE('',(#378),#6448,.T.);
#6821=ADVANCED_FACE('',(#379),#6449,.T.);
#6822=ADVANCED_FACE('',(#380),#6450,.T.);
#6823=ADVANCED_FACE('',(#381),#6451,.T.);
#6824=ADVANCED_FACE('',(#382),#6452,.T.);
#6825=ADVANCED_FACE('',(#383),#6453,.T.);
#6826=ADVANCED_FACE('',(#384),#6454,.T.);
#6827=ADVANCED_FACE('',(#385),#6455,.T.);
#6828=ADVANCED_FACE('',(#386),#6456,.T.);
#6829=ADVANCED_FACE('',(#387),#6457,.T.);
#6830=ADVANCED_FACE('',(#388),#6458,.T.);
#6831=ADVANCED_FACE('',(#389),#6459,.T.);
#6832=ADVANCED_FACE('',(#390),#6460,.T.);
#6833=ADVANCED_FACE('',(#391),#6461,.T.);
#6834=ADVANCED_FACE('',(#392),#6462,.T.);
#6835=ADVANCED_FACE('',(#393),#6463,.T.);
#6836=ADVANCED_FACE('',(#394),#6464,.T.);
#6837=ADVANCED_FACE('',(#395),#6465,.T.);
#6838=ADVANCED_FACE('',(#396),#6466,.T.);
#6839=ADVANCED_FACE('',(#397),#6467,.T.);
#6840=ADVANCED_FACE('',(#398),#6468,.T.);
#6841=ADVANCED_FACE('',(#399),#6469,.T.);
#6842=ADVANCED_FACE('',(#400),#6470,.T.);
#6843=ADVANCED_FACE('',(#401),#6471,.T.);
#6844=ADVANCED_FACE('',(#402),#6472,.T.);
#6845=ADVANCED_FACE('',(#403),#6473,.T.);
#6846=ADVANCED_FACE('',(#404),#6474,.T.);
#6847=ADVANCED_FACE('',(#405),#6475,.T.);
#6848=ADVANCED_FACE('',(#406),#6476,.T.);
#6849=ADVANCED_FACE('',(#407),#6477,.T.);
#6850=ADVANCED_FACE('',(#408),#6478,.T.);
#6851=ADVANCED_FACE('',(#409),#6479,.T.);
#6852=ADVANCED_FACE('',(#410),#6480,.T.);
#6853=ADVANCED_FACE('',(#411),#6481,.T.);
#6854=ADVANCED_FACE('',(#412),#6482,.T.);
#6855=ADVANCED_FACE('',(#413),#6483,.T.);
#6856=ADVANCED_FACE('',(#414),#6484,.T.);
#6857=ADVANCED_FACE('',(#415),#6485,.T.);
#6858=ADVANCED_FACE('',(#416),#6486,.T.);
#6859=ADVANCED_FACE('',(#417),#6487,.T.);
#6860=ADVANCED_FACE('',(#418),#6488,.T.);
#6861=ADVANCED_FACE('',(#419),#6489,.T.);
#6862=ADVANCED_FACE('',(#420),#6490,.T.);
#6863=ADVANCED_FACE('',(#421),#6491,.T.);
#6864=ADVANCED_FACE('',(#422),#6492,.T.);
#6865=ADVANCED_FACE('',(#423),#6493,.T.);
#6866=ADVANCED_FACE('',(#424),#6494,.T.);
#6867=ADVANCED_FACE('',(#425),#6495,.T.);
#6868=ADVANCED_FACE('',(#426),#6496,.T.);
#6869=ADVANCED_FACE('',(#427),#6497,.T.);
#6870=ADVANCED_FACE('',(#428),#6498,.T.);
#6871=ADVANCED_FACE('',(#429),#6499,.T.);
#6872=ADVANCED_FACE('',(#430),#6500,.T.);
#6873=ADVANCED_FACE('',(#431),#6501,.T.);
#6874=ADVANCED_FACE('',(#432),#6502,.T.);
#6875=ADVANCED_FACE('',(#433),#6503,.T.);
#6876=ADVANCED_FACE('',(#434),#6504,.T.);
#6877=ADVANCED_FACE('',(#435),#6505,.T.);
#6878=ADVANCED_FACE('',(#436),#6506,.T.);
#6879=ADVANCED_FACE('',(#437),#6507,.T.);
#6880=ADVANCED_FACE('',(#438),#6508,.T.);
#6881=ADVANCED_FACE('',(#439),#6509,.T.);
#6882=ADVANCED_FACE('',(#440),#6510,.T.);
#6883=ADVANCED_FACE('',(#441),#6511,.T.);
#6884=ADVANCED_FACE('',(#442),#6512,.T.);
#6885=ADVANCED_FACE('',(#443),#6513,.T.);
#6886=ADVANCED_FACE('',(#444),#6514,.T.);
#6887=ADVANCED_FACE('',(#445),#6515,.T.);
#6888=ADVANCED_FACE('',(#446),#6516,.T.);
#6889=ADVANCED_FACE('',(#447),#6517,.T.);
#6890=ADVANCED_FACE('',(#448),#6518,.T.);
#6891=ADVANCED_FACE('',(#449),#6519,.T.);
#6892=ADVANCED_FACE('',(#450),#6520,.T.);
#6893=ADVANCED_FACE('',(#451),#6521,.T.);
#6894=ADVANCED_FACE('',(#452,#54,#55,#56,#57,#58,#59,#60,#61,#62,#63,#64,
#65,#66,#67,#68,#69,#70,#71,#72,#73),#6522,.T.);
#6895=ADVANCED_FACE('',(#453),#6523,.T.);
#6896=ADVANCED_FACE('',(#454,#74,#75,#76,#77,#78,#79,#80,#81,#82,#83),#6524,
 .T.);
#6897=ADVANCED_FACE('',(#455),#6525,.T.);
#6898=ADVANCED_FACE('',(#456),#6526,.F.);
#6899=ADVANCED_FACE('',(#457),#6527,.T.);
#6900=ADVANCED_FACE('',(#458),#6528,.F.);
#6901=ADVANCED_FACE('',(#459),#6529,.T.);
#6902=ADVANCED_FACE('',(#460),#6530,.F.);
#6903=ADVANCED_FACE('',(#461),#6531,.F.);
#6904=ADVANCED_FACE('',(#462),#6532,.T.);
#6905=ADVANCED_FACE('',(#463),#6533,.F.);
#6906=ADVANCED_FACE('',(#464),#6534,.F.);
#6907=ADVANCED_FACE('',(#465),#6535,.F.);
#6908=ADVANCED_FACE('',(#466),#6536,.T.);
#6909=ADVANCED_FACE('',(#467),#6537,.F.);
#6910=ADVANCED_FACE('',(#468),#6538,.T.);
#6911=ADVANCED_FACE('',(#469,#84,#85,#86),#6539,.T.);
#6912=ADVANCED_FACE('',(#470),#6540,.F.);
#6913=ADVANCED_FACE('',(#471),#6541,.F.);
#6914=ADVANCED_FACE('',(#472),#6542,.F.);
#6915=ADVANCED_FACE('',(#473),#6543,.F.);
#6916=ADVANCED_FACE('',(#474),#6544,.T.);
#6917=ADVANCED_FACE('',(#475),#6545,.F.);
#6918=ADVANCED_FACE('',(#476),#6546,.T.);
#6919=ADVANCED_FACE('',(#477),#6547,.F.);
#6920=ADVANCED_FACE('',(#478),#6548,.F.);
#6921=ADVANCED_FACE('',(#479),#6549,.F.);
#6922=ADVANCED_FACE('',(#480,#87,#88,#89,#90,#91,#92),#6550,.T.);
#6923=CLOSED_SHELL('',(#6551,#6552,#6553,#6554,#6555,#6556,#6557,#6558,
#6559,#6560,#6561,#6562,#6563,#6564,#6565,#6566,#6567,#6568,#6569,#6570,
#6571,#6572,#6573,#6574,#6575,#6576,#6577,#6578,#6579,#6580,#6581,#6582,
#6583,#6584,#6585,#6586,#6587,#6588,#6589,#6590,#6591,#6592,#6593,#6594,
#6595,#6596,#6597,#6598,#6599,#6600,#6601,#6602,#6603,#6604,#6605,#6606,
#6607,#6608,#6609,#6610,#6611,#6612,#6613,#6614,#6615,#6616,#6617,#6618,
#6619,#6620,#6621,#6622,#6623,#6624,#6625,#6626,#6627,#6628,#6629,#6630,
#6631,#6632,#6633,#6634,#6635,#6636,#6637,#6638,#6639,#6640,#6641,#6642,
#6643,#6644,#6645,#6646,#6647,#6648,#6649,#6650,#6651,#6652,#6653,#6654,
#6655,#6656,#6657,#6658,#6659,#6660,#6661,#6662,#6663,#6664,#6665,#6666,
#6667,#6668,#6669,#6670,#6671,#6672,#6673,#6674,#6675,#6676,#6677,#6678,
#6679,#6680,#6681,#6682,#6683,#6684,#6685,#6686,#6687,#6688,#6689,#6690,
#6691,#6692,#6693,#6694,#6695,#6696,#6697,#6698,#6699,#6700,#6701,#6702,
#6703,#6704,#6705,#6706,#6707,#6708,#6709,#6710,#6711,#6712,#6713,#6714,
#6715,#6716,#6717,#6718,#6719,#6720,#6721,#6722,#6723,#6724,#6725,#6726,
#6727,#6728,#6729,#6730,#6731,#6732,#6733,#6734,#6735,#6736,#6737,#6738,
#6739,#6740,#6741,#6742,#6743,#6744,#6745,#6746,#6747,#6748,#6749,#6750,
#6751,#6752,#6753,#6754,#6755,#6756,#6757,#6758,#6759,#6760,#6761,#6762,
#6763,#6764,#6765,#6766,#6767,#6768,#6769,#6770,#6771,#6772,#6773,#6774,
#6775,#6776,#6777,#6778,#6779,#6780,#6781,#6782,#6783,#6784,#6785,#6786,
#6787,#6788,#6789,#6790,#6791,#6792,#6793,#6794,#6795,#6796,#6797,#6798,
#6799,#6800,#6801,#6802,#6803,#6804,#6805,#6806,#6807,#6808,#6809,#6810,
#6811,#6812,#6813,#6814,#6815,#6816,#6817,#6818,#6819,#6820,#6821,#6822,
#6823,#6824,#6825,#6826,#6827,#6828,#6829,#6830,#6831,#6832,#6833,#6834,
#6835,#6836,#6837,#6838,#6839,#6840,#6841,#6842,#6843,#6844,#6845,#6846,
#6847,#6848,#6849,#6850,#6851,#6852,#6853,#6854,#6855,#6856,#6857,#6858,
#6859,#6860,#6861,#6862,#6863,#6864,#6865,#6866,#6867,#6868,#6869,#6870,
#6871,#6872,#6873,#6874,#6875,#6876,#6877,#6878,#6879,#6880,#6881,#6882,
#6883,#6884,#6885,#6886,#6887,#6888,#6889,#6890,#6891,#6892,#6893,#6894,
#6895,#6896,#6897,#6898,#6899,#6900,#6901,#6902,#6903,#6904,#6905,#6906,
#6907,#6908,#6909,#6910,#6911,#6912,#6913,#6914,#6915,#6916,#6917,#6918,
#6919,#6920,#6921,#6922));
#6924=DERIVED_UNIT_ELEMENT(#6926,1.);
#6925=DERIVED_UNIT_ELEMENT(#11071,-3.);
#6926=(
MASS_UNIT()
NAMED_UNIT(*)
SI_UNIT(.KILO.,.GRAM.)
);
#6927=DERIVED_UNIT((#6924,#6925));
#6928=MEASURE_REPRESENTATION_ITEM('density measure',
POSITIVE_RATIO_MEASURE(7850.),#6927);
#6929=PROPERTY_DEFINITION_REPRESENTATION(#6934,#6931);
#6930=PROPERTY_DEFINITION_REPRESENTATION(#6935,#6932);
#6931=REPRESENTATION('material name',(#6933),#11068);
#6932=REPRESENTATION('density',(#6928),#11068);
#6933=DESCRIPTIVE_REPRESENTATION_ITEM('Steel','Steel');
#6934=PROPERTY_DEFINITION('material property','material name',#11078);
#6935=PROPERTY_DEFINITION('material property','density of part',#11078);
#6936=AXIS2_PLACEMENT_3D('',#9006,#7319,#7320);
#6937=AXIS2_PLACEMENT_3D('',#9007,#7321,#7322);
#6938=AXIS2_PLACEMENT_3D('',#9016,#7327,#7328);
#6939=AXIS2_PLACEMENT_3D('',#9022,#7332,#7333);
#6940=AXIS2_PLACEMENT_3D('',#9028,#7337,#7338);
#6941=AXIS2_PLACEMENT_3D('',#9031,#7341,#7342);
#6942=AXIS2_PLACEMENT_3D('',#9032,#7343,#7344);
#6943=AXIS2_PLACEMENT_3D('',#9041,#7349,#7350);
#6944=AXIS2_PLACEMENT_3D('',#9047,#7354,#7355);
#6945=AXIS2_PLACEMENT_3D('',#9051,#7358,#7359);
#6946=AXIS2_PLACEMENT_3D('',#9055,#7362,#7363);
#6947=AXIS2_PLACEMENT_3D('',#9177,#7425,#7426);
#6948=AXIS2_PLACEMENT_3D('',#9183,#7430,#7431);
#6949=AXIS2_PLACEMENT_3D('',#9187,#7434,#7435);
#6950=AXIS2_PLACEMENT_3D('',#9191,#7438,#7439);
#6951=AXIS2_PLACEMENT_3D('',#9193,#7441,#7442);
#6952=AXIS2_PLACEMENT_3D('',#9194,#7443,#7444);
#6953=AXIS2_PLACEMENT_3D('',#9202,#7449,#7450);
#6954=AXIS2_PLACEMENT_3D('',#9206,#7453,#7454);
#6955=AXIS2_PLACEMENT_3D('',#9212,#7458,#7459);
#6956=AXIS2_PLACEMENT_3D('',#9215,#7462,#7463);
#6957=AXIS2_PLACEMENT_3D('',#9216,#7464,#7465);
#6958=AXIS2_PLACEMENT_3D('',#9242,#7481,#7482);
#6959=AXIS2_PLACEMENT_3D('',#9251,#7487,#7488);
#6960=AXIS2_PLACEMENT_3D('',#9254,#7491,#7492);
#6961=AXIS2_PLACEMENT_3D('',#9256,#7494,#7495);
#6962=AXIS2_PLACEMENT_3D('',#9258,#7497,#7498);
#6963=AXIS2_PLACEMENT_3D('',#9264,#7502,#7503);
#6964=AXIS2_PLACEMENT_3D('',#9268,#7506,#7507);
#6965=AXIS2_PLACEMENT_3D('',#9272,#7510,#7511);
#6966=AXIS2_PLACEMENT_3D('',#9274,#7513,#7514);
#6967=AXIS2_PLACEMENT_3D('',#9275,#7515,#7516);
#6968=AXIS2_PLACEMENT_3D('',#9281,#7520,#7521);
#6969=AXIS2_PLACEMENT_3D('',#9285,#7524,#7525);
#6970=AXIS2_PLACEMENT_3D('',#9289,#7528,#7529);
#6971=AXIS2_PLACEMENT_3D('',#9291,#7531,#7532);
#6972=AXIS2_PLACEMENT_3D('',#9292,#7533,#7534);
#6973=AXIS2_PLACEMENT_3D('',#9301,#7539,#7540);
#6974=AXIS2_PLACEMENT_3D('',#9304,#7543,#7544);
#6975=AXIS2_PLACEMENT_3D('',#9306,#7546,#7547);
#6976=AXIS2_PLACEMENT_3D('',#9308,#7549,#7550);
#6977=AXIS2_PLACEMENT_3D('',#9314,#7554,#7555);
#6978=AXIS2_PLACEMENT_3D('',#9318,#7558,#7559);
#6979=AXIS2_PLACEMENT_3D('',#9322,#7562,#7563);
#6980=AXIS2_PLACEMENT_3D('',#9324,#7565,#7566);
#6981=AXIS2_PLACEMENT_3D('',#9325,#7567,#7568);
#6982=AXIS2_PLACEMENT_3D('',#9331,#7572,#7573);
#6983=AXIS2_PLACEMENT_3D('',#9335,#7576,#7577);
#6984=AXIS2_PLACEMENT_3D('',#9339,#7580,#7581);
#6985=AXIS2_PLACEMENT_3D('',#9341,#7583,#7584);
#6986=AXIS2_PLACEMENT_3D('',#9342,#7585,#7586);
#6987=AXIS2_PLACEMENT_3D('',#9351,#7591,#7592);
#6988=AXIS2_PLACEMENT_3D('',#9354,#7595,#7596);
#6989=AXIS2_PLACEMENT_3D('',#9356,#7598,#7599);
#6990=AXIS2_PLACEMENT_3D('',#9358,#7601,#7602);
#6991=AXIS2_PLACEMENT_3D('',#9367,#7607,#7608);
#6992=AXIS2_PLACEMENT_3D('',#9370,#7611,#7612);
#6993=AXIS2_PLACEMENT_3D('',#9372,#7614,#7615);
#6994=AXIS2_PLACEMENT_3D('',#9374,#7617,#7618);
#6995=AXIS2_PLACEMENT_3D('',#9380,#7622,#7623);
#6996=AXIS2_PLACEMENT_3D('',#9384,#7626,#7627);
#6997=AXIS2_PLACEMENT_3D('',#9388,#7630,#7631);
#6998=AXIS2_PLACEMENT_3D('',#9390,#7633,#7634);
#6999=AXIS2_PLACEMENT_3D('',#9391,#7635,#7636);
#7000=AXIS2_PLACEMENT_3D('',#9397,#7640,#7641);
#7001=AXIS2_PLACEMENT_3D('',#9401,#7644,#7645);
#7002=AXIS2_PLACEMENT_3D('',#9405,#7648,#7649);
#7003=AXIS2_PLACEMENT_3D('',#9407,#7651,#7652);
#7004=AXIS2_PLACEMENT_3D('',#9408,#7653,#7654);
#7005=AXIS2_PLACEMENT_3D('',#9414,#7658,#7659);
#7006=AXIS2_PLACEMENT_3D('',#9418,#7662,#7663);
#7007=AXIS2_PLACEMENT_3D('',#9422,#7666,#7667);
#7008=AXIS2_PLACEMENT_3D('',#9424,#7669,#7670);
#7009=AXIS2_PLACEMENT_3D('',#9443,#7671,#7672);
#7010=AXIS2_PLACEMENT_3D('',#9445,#7673,#7674);
#7011=AXIS2_PLACEMENT_3D('',#9469,#7675,#7676);
#7012=AXIS2_PLACEMENT_3D('',#9470,#7677,#7678);
#7013=AXIS2_PLACEMENT_3D('',#9473,#7679,#7680);
#7014=AXIS2_PLACEMENT_3D('',#9477,#7683,#7684);
#7015=AXIS2_PLACEMENT_3D('',#9508,#7685,#7686);
#7016=AXIS2_PLACEMENT_3D('',#9509,#7687,#7688);
#7017=AXIS2_PLACEMENT_3D('',#9547,#7692,#7693);
#7018=AXIS2_PLACEMENT_3D('',#9548,#7694,#7695);
#7019=AXIS2_PLACEMENT_3D('',#9549,#7696,#7697);
#7020=AXIS2_PLACEMENT_3D('',#9551,#7698,#7699);
#7021=AXIS2_PLACEMENT_3D('',#9555,#7701,#7702);
#7022=AXIS2_PLACEMENT_3D('',#9597,#7704,#7705);
#7023=AXIS2_PLACEMENT_3D('',#9598,#7706,#7707);
#7024=AXIS2_PLACEMENT_3D('',#9599,#7708,#7709);
#7025=AXIS2_PLACEMENT_3D('',#9602,#7710,#7711);
#7026=AXIS2_PLACEMENT_3D('',#9606,#7713,#7714);
#7027=AXIS2_PLACEMENT_3D('',#9608,#7716,#7717);
#7028=AXIS2_PLACEMENT_3D('',#9612,#7721,#7722);
#7029=AXIS2_PLACEMENT_3D('',#9614,#7724,#7725);
#7030=AXIS2_PLACEMENT_3D('',#9631,#7735,#7736);
#7031=AXIS2_PLACEMENT_3D('',#9641,#7742,#7743);
#7032=AXIS2_PLACEMENT_3D('',#9647,#7747,#7748);
#7033=AXIS2_PLACEMENT_3D('',#9651,#7751,#7752);
#7034=AXIS2_PLACEMENT_3D('',#9655,#7755,#7756);
#7035=AXIS2_PLACEMENT_3D('',#9657,#7758,#7759);
#7036=AXIS2_PLACEMENT_3D('',#9663,#7763,#7764);
#7037=AXIS2_PLACEMENT_3D('',#9671,#7769,#7770);
#7038=AXIS2_PLACEMENT_3D('',#9675,#7773,#7774);
#7039=AXIS2_PLACEMENT_3D('',#9677,#7776,#7777);
#7040=AXIS2_PLACEMENT_3D('',#9681,#7780,#7781);
#7041=AXIS2_PLACEMENT_3D('',#9689,#7786,#7787);
#7042=AXIS2_PLACEMENT_3D('',#9701,#7794,#7795);
#7043=AXIS2_PLACEMENT_3D('',#9745,#7818,#7819);
#7044=AXIS2_PLACEMENT_3D('',#9747,#7821,#7822);
#7045=AXIS2_PLACEMENT_3D('',#9811,#7855,#7856);
#7046=AXIS2_PLACEMENT_3D('',#9819,#7861,#7862);
#7047=AXIS2_PLACEMENT_3D('',#9825,#7866,#7867);
#7048=AXIS2_PLACEMENT_3D('',#9829,#7870,#7871);
#7049=AXIS2_PLACEMENT_3D('',#9832,#7874,#7875);
#7050=AXIS2_PLACEMENT_3D('',#9833,#7876,#7877);
#7051=AXIS2_PLACEMENT_3D('',#9842,#7882,#7883);
#7052=AXIS2_PLACEMENT_3D('',#9848,#7887,#7888);
#7053=AXIS2_PLACEMENT_3D('',#9854,#7892,#7893);
#7054=AXIS2_PLACEMENT_3D('',#9857,#7896,#7897);
#7055=AXIS2_PLACEMENT_3D('',#9858,#7898,#7899);
#7056=AXIS2_PLACEMENT_3D('',#9867,#7904,#7905);
#7057=AXIS2_PLACEMENT_3D('',#9873,#7909,#7910);
#7058=AXIS2_PLACEMENT_3D('',#9879,#7914,#7915);
#7059=AXIS2_PLACEMENT_3D('',#9882,#7918,#7919);
#7060=AXIS2_PLACEMENT_3D('',#9883,#7920,#7921);
#7061=AXIS2_PLACEMENT_3D('',#9892,#7926,#7927);
#7062=AXIS2_PLACEMENT_3D('',#9898,#7931,#7932);
#7063=AXIS2_PLACEMENT_3D('',#9904,#7936,#7937);
#7064=AXIS2_PLACEMENT_3D('',#9907,#7940,#7941);
#7065=AXIS2_PLACEMENT_3D('',#9908,#7942,#7943);
#7066=AXIS2_PLACEMENT_3D('',#9917,#7948,#7949);
#7067=AXIS2_PLACEMENT_3D('',#9923,#7953,#7954);
#7068=AXIS2_PLACEMENT_3D('',#9929,#7958,#7959);
#7069=AXIS2_PLACEMENT_3D('',#9932,#7962,#7963);
#7070=AXIS2_PLACEMENT_3D('',#9933,#7964,#7965);
#7071=AXIS2_PLACEMENT_3D('',#9942,#7970,#7971);
#7072=AXIS2_PLACEMENT_3D('',#9948,#7975,#7976);
#7073=AXIS2_PLACEMENT_3D('',#9954,#7980,#7981);
#7074=AXIS2_PLACEMENT_3D('',#9957,#7984,#7985);
#7075=AXIS2_PLACEMENT_3D('',#9958,#7986,#7987);
#7076=AXIS2_PLACEMENT_3D('',#9967,#7992,#7993);
#7077=AXIS2_PLACEMENT_3D('',#9973,#7997,#7998);
#7078=AXIS2_PLACEMENT_3D('',#9979,#8002,#8003);
#7079=AXIS2_PLACEMENT_3D('',#9982,#8006,#8007);
#7080=AXIS2_PLACEMENT_3D('',#9983,#8008,#8009);
#7081=AXIS2_PLACEMENT_3D('',#9989,#8013,#8014);
#7082=AXIS2_PLACEMENT_3D('',#9993,#8017,#8018);
#7083=AXIS2_PLACEMENT_3D('',#9997,#8021,#8022);
#7084=AXIS2_PLACEMENT_3D('',#9999,#8024,#8025);
#7085=AXIS2_PLACEMENT_3D('',#10000,#8026,#8027);
#7086=AXIS2_PLACEMENT_3D('',#10008,#8032,#8033);
#7087=AXIS2_PLACEMENT_3D('',#10014,#8037,#8038);
#7088=AXIS2_PLACEMENT_3D('',#10018,#8041,#8042);
#7089=AXIS2_PLACEMENT_3D('',#10021,#8045,#8046);
#7090=AXIS2_PLACEMENT_3D('',#10022,#8047,#8048);
#7091=AXIS2_PLACEMENT_3D('',#10031,#8053,#8054);
#7092=AXIS2_PLACEMENT_3D('',#10037,#8058,#8059);
#7093=AXIS2_PLACEMENT_3D('',#10043,#8063,#8064);
#7094=AXIS2_PLACEMENT_3D('',#10046,#8067,#8068);
#7095=AXIS2_PLACEMENT_3D('',#10047,#8069,#8070);
#7096=AXIS2_PLACEMENT_3D('',#10056,#8075,#8076);
#7097=AXIS2_PLACEMENT_3D('',#10062,#8080,#8081);
#7098=AXIS2_PLACEMENT_3D('',#10068,#8085,#8086);
#7099=AXIS2_PLACEMENT_3D('',#10071,#8089,#8090);
#7100=AXIS2_PLACEMENT_3D('',#10072,#8091,#8092);
#7101=AXIS2_PLACEMENT_3D('',#10081,#8097,#8098);
#7102=AXIS2_PLACEMENT_3D('',#10087,#8102,#8103);
#7103=AXIS2_PLACEMENT_3D('',#10093,#8107,#8108);
#7104=AXIS2_PLACEMENT_3D('',#10096,#8111,#8112);
#7105=AXIS2_PLACEMENT_3D('',#10097,#8113,#8114);
#7106=AXIS2_PLACEMENT_3D('',#10106,#8119,#8120);
#7107=AXIS2_PLACEMENT_3D('',#10112,#8124,#8125);
#7108=AXIS2_PLACEMENT_3D('',#10118,#8129,#8130);
#7109=AXIS2_PLACEMENT_3D('',#10121,#8133,#8134);
#7110=AXIS2_PLACEMENT_3D('',#10122,#8135,#8136);
#7111=AXIS2_PLACEMENT_3D('',#10131,#8141,#8142);
#7112=AXIS2_PLACEMENT_3D('',#10137,#8146,#8147);
#7113=AXIS2_PLACEMENT_3D('',#10143,#8151,#8152);
#7114=AXIS2_PLACEMENT_3D('',#10146,#8155,#8156);
#7115=AXIS2_PLACEMENT_3D('',#10147,#8157,#8158);
#7116=AXIS2_PLACEMENT_3D('',#10155,#8163,#8164);
#7117=AXIS2_PLACEMENT_3D('',#10161,#8168,#8169);
#7118=AXIS2_PLACEMENT_3D('',#10165,#8172,#8173);
#7119=AXIS2_PLACEMENT_3D('',#10168,#8176,#8177);
#7120=AXIS2_PLACEMENT_3D('',#10169,#8178,#8179);
#7121=AXIS2_PLACEMENT_3D('',#10178,#8184,#8185);
#7122=AXIS2_PLACEMENT_3D('',#10184,#8189,#8190);
#7123=AXIS2_PLACEMENT_3D('',#10190,#8194,#8195);
#7124=AXIS2_PLACEMENT_3D('',#10193,#8198,#8199);
#7125=AXIS2_PLACEMENT_3D('',#10194,#8200,#8201);
#7126=AXIS2_PLACEMENT_3D('',#10203,#8206,#8207);
#7127=AXIS2_PLACEMENT_3D('',#10209,#8211,#8212);
#7128=AXIS2_PLACEMENT_3D('',#10215,#8216,#8217);
#7129=AXIS2_PLACEMENT_3D('',#10218,#8220,#8221);
#7130=AXIS2_PLACEMENT_3D('',#10219,#8222,#8223);
#7131=AXIS2_PLACEMENT_3D('',#10228,#8228,#8229);
#7132=AXIS2_PLACEMENT_3D('',#10234,#8233,#8234);
#7133=AXIS2_PLACEMENT_3D('',#10240,#8238,#8239);
#7134=AXIS2_PLACEMENT_3D('',#10243,#8242,#8243);
#7135=AXIS2_PLACEMENT_3D('',#10244,#8244,#8245);
#7136=AXIS2_PLACEMENT_3D('',#10253,#8250,#8251);
#7137=AXIS2_PLACEMENT_3D('',#10259,#8255,#8256);
#7138=AXIS2_PLACEMENT_3D('',#10265,#8260,#8261);
#7139=AXIS2_PLACEMENT_3D('',#10268,#8264,#8265);
#7140=AXIS2_PLACEMENT_3D('',#10269,#8266,#8267);
#7141=AXIS2_PLACEMENT_3D('',#10277,#8272,#8273);
#7142=AXIS2_PLACEMENT_3D('',#10283,#8277,#8278);
#7143=AXIS2_PLACEMENT_3D('',#10287,#8281,#8282);
#7144=AXIS2_PLACEMENT_3D('',#10290,#8285,#8286);
#7145=AXIS2_PLACEMENT_3D('',#10291,#8287,#8288);
#7146=AXIS2_PLACEMENT_3D('',#10300,#8293,#8294);
#7147=AXIS2_PLACEMENT_3D('',#10306,#8298,#8299);
#7148=AXIS2_PLACEMENT_3D('',#10312,#8303,#8304);
#7149=AXIS2_PLACEMENT_3D('',#10315,#8307,#8308);
#7150=AXIS2_PLACEMENT_3D('',#10316,#8309,#8310);
#7151=AXIS2_PLACEMENT_3D('',#10325,#8315,#8316);
#7152=AXIS2_PLACEMENT_3D('',#10331,#8320,#8321);
#7153=AXIS2_PLACEMENT_3D('',#10337,#8325,#8326);
#7154=AXIS2_PLACEMENT_3D('',#10340,#8329,#8330);
#7155=AXIS2_PLACEMENT_3D('',#10341,#8331,#8332);
#7156=AXIS2_PLACEMENT_3D('',#10350,#8337,#8338);
#7157=AXIS2_PLACEMENT_3D('',#10356,#8342,#8343);
#7158=AXIS2_PLACEMENT_3D('',#10362,#8347,#8348);
#7159=AXIS2_PLACEMENT_3D('',#10365,#8351,#8352);
#7160=AXIS2_PLACEMENT_3D('',#10366,#8353,#8354);
#7161=AXIS2_PLACEMENT_3D('',#10374,#8359,#8360);
#7162=AXIS2_PLACEMENT_3D('',#10380,#8364,#8365);
#7163=AXIS2_PLACEMENT_3D('',#10384,#8368,#8369);
#7164=AXIS2_PLACEMENT_3D('',#10387,#8372,#8373);
#7165=AXIS2_PLACEMENT_3D('',#10388,#8374,#8375);
#7166=AXIS2_PLACEMENT_3D('',#10397,#8380,#8381);
#7167=AXIS2_PLACEMENT_3D('',#10403,#8385,#8386);
#7168=AXIS2_PLACEMENT_3D('',#10409,#8390,#8391);
#7169=AXIS2_PLACEMENT_3D('',#10412,#8394,#8395);
#7170=AXIS2_PLACEMENT_3D('',#10413,#8396,#8397);
#7171=AXIS2_PLACEMENT_3D('',#10422,#8402,#8403);
#7172=AXIS2_PLACEMENT_3D('',#10428,#8407,#8408);
#7173=AXIS2_PLACEMENT_3D('',#10434,#8412,#8413);
#7174=AXIS2_PLACEMENT_3D('',#10437,#8416,#8417);
#7175=AXIS2_PLACEMENT_3D('',#10438,#8418,#8419);
#7176=AXIS2_PLACEMENT_3D('',#10447,#8424,#8425);
#7177=AXIS2_PLACEMENT_3D('',#10453,#8429,#8430);
#7178=AXIS2_PLACEMENT_3D('',#10459,#8434,#8435);
#7179=AXIS2_PLACEMENT_3D('',#10462,#8438,#8439);
#7180=AXIS2_PLACEMENT_3D('',#10463,#8440,#8441);
#7181=AXIS2_PLACEMENT_3D('',#10472,#8446,#8447);
#7182=AXIS2_PLACEMENT_3D('',#10478,#8451,#8452);
#7183=AXIS2_PLACEMENT_3D('',#10484,#8456,#8457);
#7184=AXIS2_PLACEMENT_3D('',#10487,#8460,#8461);
#7185=AXIS2_PLACEMENT_3D('',#10488,#8462,#8463);
#7186=AXIS2_PLACEMENT_3D('',#10494,#8467,#8468);
#7187=AXIS2_PLACEMENT_3D('',#10498,#8471,#8472);
#7188=AXIS2_PLACEMENT_3D('',#10502,#8475,#8476);
#7189=AXIS2_PLACEMENT_3D('',#10504,#8478,#8479);
#7190=AXIS2_PLACEMENT_3D('',#10505,#8480,#8481);
#7191=AXIS2_PLACEMENT_3D('',#10513,#8486,#8487);
#7192=AXIS2_PLACEMENT_3D('',#10519,#8491,#8492);
#7193=AXIS2_PLACEMENT_3D('',#10523,#8495,#8496);
#7194=AXIS2_PLACEMENT_3D('',#10526,#8499,#8500);
#7195=AXIS2_PLACEMENT_3D('',#10527,#8501,#8502);
#7196=AXIS2_PLACEMENT_3D('',#10536,#8507,#8508);
#7197=AXIS2_PLACEMENT_3D('',#10542,#8512,#8513);
#7198=AXIS2_PLACEMENT_3D('',#10548,#8517,#8518);
#7199=AXIS2_PLACEMENT_3D('',#10551,#8521,#8522);
#7200=AXIS2_PLACEMENT_3D('',#10552,#8523,#8524);
#7201=AXIS2_PLACEMENT_3D('',#10561,#8529,#8530);
#7202=AXIS2_PLACEMENT_3D('',#10567,#8534,#8535);
#7203=AXIS2_PLACEMENT_3D('',#10573,#8539,#8540);
#7204=AXIS2_PLACEMENT_3D('',#10576,#8543,#8544);
#7205=AXIS2_PLACEMENT_3D('',#10577,#8545,#8546);
#7206=AXIS2_PLACEMENT_3D('',#10583,#8550,#8551);
#7207=AXIS2_PLACEMENT_3D('',#10587,#8554,#8555);
#7208=AXIS2_PLACEMENT_3D('',#10591,#8558,#8559);
#7209=AXIS2_PLACEMENT_3D('',#10593,#8561,#8562);
#7210=AXIS2_PLACEMENT_3D('',#10594,#8563,#8564);
#7211=AXIS2_PLACEMENT_3D('',#10600,#8568,#8569);
#7212=AXIS2_PLACEMENT_3D('',#10604,#8572,#8573);
#7213=AXIS2_PLACEMENT_3D('',#10608,#8576,#8577);
#7214=AXIS2_PLACEMENT_3D('',#10610,#8579,#8580);
#7215=AXIS2_PLACEMENT_3D('',#10611,#8581,#8582);
#7216=AXIS2_PLACEMENT_3D('',#10617,#8586,#8587);
#7217=AXIS2_PLACEMENT_3D('',#10621,#8590,#8591);
#7218=AXIS2_PLACEMENT_3D('',#10625,#8594,#8595);
#7219=AXIS2_PLACEMENT_3D('',#10627,#8597,#8598);
#7220=AXIS2_PLACEMENT_3D('',#10628,#8599,#8600);
#7221=AXIS2_PLACEMENT_3D('',#10637,#8605,#8606);
#7222=AXIS2_PLACEMENT_3D('',#10643,#8610,#8611);
#7223=AXIS2_PLACEMENT_3D('',#10649,#8615,#8616);
#7224=AXIS2_PLACEMENT_3D('',#10652,#8619,#8620);
#7225=AXIS2_PLACEMENT_3D('',#10653,#8621,#8622);
#7226=AXIS2_PLACEMENT_3D('',#10659,#8626,#8627);
#7227=AXIS2_PLACEMENT_3D('',#10663,#8630,#8631);
#7228=AXIS2_PLACEMENT_3D('',#10667,#8634,#8635);
#7229=AXIS2_PLACEMENT_3D('',#10669,#8637,#8638);
#7230=AXIS2_PLACEMENT_3D('',#10675,#8642,#8643);
#7231=AXIS2_PLACEMENT_3D('',#10679,#8646,#8647);
#7232=AXIS2_PLACEMENT_3D('',#10683,#8650,#8651);
#7233=AXIS2_PLACEMENT_3D('',#10685,#8653,#8654);
#7234=AXIS2_PLACEMENT_3D('',#10686,#8655,#8656);
#7235=AXIS2_PLACEMENT_3D('',#10687,#8657,#8658);
#7236=AXIS2_PLACEMENT_3D('',#10693,#8662,#8663);
#7237=AXIS2_PLACEMENT_3D('',#10697,#8666,#8667);
#7238=AXIS2_PLACEMENT_3D('',#10701,#8670,#8671);
#7239=AXIS2_PLACEMENT_3D('',#10703,#8673,#8674);
#7240=AXIS2_PLACEMENT_3D('',#10704,#8675,#8676);
#7241=AXIS2_PLACEMENT_3D('',#10713,#8681,#8682);
#7242=AXIS2_PLACEMENT_3D('',#10719,#8686,#8687);
#7243=AXIS2_PLACEMENT_3D('',#10725,#8691,#8692);
#7244=AXIS2_PLACEMENT_3D('',#10728,#8695,#8696);
#7245=AXIS2_PLACEMENT_3D('',#10729,#8697,#8698);
#7246=AXIS2_PLACEMENT_3D('',#10738,#8703,#8704);
#7247=AXIS2_PLACEMENT_3D('',#10744,#8708,#8709);
#7248=AXIS2_PLACEMENT_3D('',#10750,#8713,#8714);
#7249=AXIS2_PLACEMENT_3D('',#10753,#8717,#8718);
#7250=AXIS2_PLACEMENT_3D('',#10754,#8719,#8720);
#7251=AXIS2_PLACEMENT_3D('',#10763,#8725,#8726);
#7252=AXIS2_PLACEMENT_3D('',#10769,#8730,#8731);
#7253=AXIS2_PLACEMENT_3D('',#10775,#8735,#8736);
#7254=AXIS2_PLACEMENT_3D('',#10778,#8739,#8740);
#7255=AXIS2_PLACEMENT_3D('',#10779,#8741,#8742);
#7256=AXIS2_PLACEMENT_3D('',#10788,#8747,#8748);
#7257=AXIS2_PLACEMENT_3D('',#10794,#8752,#8753);
#7258=AXIS2_PLACEMENT_3D('',#10800,#8757,#8758);
#7259=AXIS2_PLACEMENT_3D('',#10803,#8761,#8762);
#7260=AXIS2_PLACEMENT_3D('',#10804,#8763,#8764);
#7261=AXIS2_PLACEMENT_3D('',#10813,#8769,#8770);
#7262=AXIS2_PLACEMENT_3D('',#10819,#8774,#8775);
#7263=AXIS2_PLACEMENT_3D('',#10825,#8779,#8780);
#7264=AXIS2_PLACEMENT_3D('',#10828,#8783,#8784);
#7265=AXIS2_PLACEMENT_3D('',#10829,#8785,#8786);
#7266=AXIS2_PLACEMENT_3D('',#10838,#8791,#8792);
#7267=AXIS2_PLACEMENT_3D('',#10844,#8796,#8797);
#7268=AXIS2_PLACEMENT_3D('',#10850,#8801,#8802);
#7269=AXIS2_PLACEMENT_3D('',#10853,#8805,#8806);
#7270=AXIS2_PLACEMENT_3D('',#10854,#8807,#8808);
#7271=AXIS2_PLACEMENT_3D('',#10863,#8813,#8814);
#7272=AXIS2_PLACEMENT_3D('',#10869,#8818,#8819);
#7273=AXIS2_PLACEMENT_3D('',#10875,#8823,#8824);
#7274=AXIS2_PLACEMENT_3D('',#10878,#8827,#8828);
#7275=AXIS2_PLACEMENT_3D('',#10879,#8829,#8830);
#7276=AXIS2_PLACEMENT_3D('',#10888,#8835,#8836);
#7277=AXIS2_PLACEMENT_3D('',#10894,#8840,#8841);
#7278=AXIS2_PLACEMENT_3D('',#10900,#8845,#8846);
#7279=AXIS2_PLACEMENT_3D('',#10903,#8849,#8850);
#7280=AXIS2_PLACEMENT_3D('',#10904,#8851,#8852);
#7281=AXIS2_PLACEMENT_3D('',#10913,#8857,#8858);
#7282=AXIS2_PLACEMENT_3D('',#10919,#8862,#8863);
#7283=AXIS2_PLACEMENT_3D('',#10925,#8867,#8868);
#7284=AXIS2_PLACEMENT_3D('',#10928,#8871,#8872);
#7285=AXIS2_PLACEMENT_3D('',#10929,#8873,#8874);
#7286=AXIS2_PLACEMENT_3D('',#10938,#8879,#8880);
#7287=AXIS2_PLACEMENT_3D('',#10944,#8884,#8885);
#7288=AXIS2_PLACEMENT_3D('',#10950,#8889,#8890);
#7289=AXIS2_PLACEMENT_3D('',#10953,#8893,#8894);
#7290=AXIS2_PLACEMENT_3D('',#10954,#8895,#8896);
#7291=AXIS2_PLACEMENT_3D('',#10958,#8899,#8900);
#7292=AXIS2_PLACEMENT_3D('',#10967,#8905,#8906);
#7293=AXIS2_PLACEMENT_3D('',#10973,#8910,#8911);
#7294=AXIS2_PLACEMENT_3D('',#10979,#8915,#8916);
#7295=AXIS2_PLACEMENT_3D('',#10983,#8919,#8920);
#7296=AXIS2_PLACEMENT_3D('',#10992,#8925,#8926);
#7297=AXIS2_PLACEMENT_3D('',#10998,#8930,#8931);
#7298=AXIS2_PLACEMENT_3D('',#11006,#8936,#8937);
#7299=AXIS2_PLACEMENT_3D('',#11008,#8939,#8940);
#7300=AXIS2_PLACEMENT_3D('',#11010,#8942,#8943);
#7301=AXIS2_PLACEMENT_3D('',#11012,#8945,#8946);
#7302=AXIS2_PLACEMENT_3D('',#11013,#8947,#8948);
#7303=AXIS2_PLACEMENT_3D('',#11017,#8951,#8952);
#7304=AXIS2_PLACEMENT_3D('',#11023,#8956,#8957);
#7305=AXIS2_PLACEMENT_3D('',#11025,#8959,#8960);
#7306=AXIS2_PLACEMENT_3D('',#11034,#8965,#8966);
#7307=AXIS2_PLACEMENT_3D('',#11040,#8970,#8971);
#7308=AXIS2_PLACEMENT_3D('',#11049,#8978,#8979);
#7309=AXIS2_PLACEMENT_3D('',#11050,#8980,#8981);
#7310=AXIS2_PLACEMENT_3D('',#11052,#8983,#8984);
#7311=AXIS2_PLACEMENT_3D('',#11054,#8986,#8987);
#7312=AXIS2_PLACEMENT_3D('',#11056,#8989,#8990);
#7313=AXIS2_PLACEMENT_3D('',#11058,#8992,#8993);
#7314=AXIS2_PLACEMENT_3D('',#11059,#8994,#8995);
#7315=AXIS2_PLACEMENT_3D('',#11061,#8997,#8998);
#7316=AXIS2_PLACEMENT_3D('',#11063,#9000,#9001);
#7317=AXIS2_PLACEMENT_3D('',#11064,#9002,#9003);
#7318=AXIS2_PLACEMENT_3D('',#11065,#9004,#9005);
#7319=DIRECTION('axis',(0.,0.,1.));
#7320=DIRECTION('refdir',(1.,0.,0.));
#7321=DIRECTION('center_axis',(1.,0.,-4.44089209850063E-16));
#7322=DIRECTION('ref_axis',(0.,-1.,0.));
#7323=DIRECTION('',(0.,1.,0.));
#7324=DIRECTION('',(-4.44089209850063E-16,0.,-1.));
#7325=DIRECTION('',(0.,-1.,0.));
#7326=DIRECTION('',(-4.44089209850063E-16,0.,-1.));
#7327=DIRECTION('center_axis',(0.,-1.,0.));
#7328=DIRECTION('ref_axis',(-1.,0.,4.44089209850063E-16));
#7329=DIRECTION('',(1.,0.,0.));
#7330=DIRECTION('',(-4.44089209850063E-16,0.,-1.));
#7331=DIRECTION('',(-1.,0.,4.44089209850063E-16));
#7332=DIRECTION('center_axis',(0.,1.,0.));
#7333=DIRECTION('ref_axis',(1.,0.,-4.44089209850063E-16));
#7334=DIRECTION('',(-1.,0.,0.));
#7335=DIRECTION('',(1.,0.,-4.44089209850063E-16));
#7336=DIRECTION('',(-4.44089209850063E-16,0.,-1.));
#7337=DIRECTION('center_axis',(-1.,0.,4.44089209850063E-16));
#7338=DIRECTION('ref_axis',(0.,1.,0.));
#7339=DIRECTION('',(0.,-1.,0.));
#7340=DIRECTION('',(0.,1.,0.));
#7341=DIRECTION('center_axis',(-4.44089209850063E-16,0.,-1.));
#7342=DIRECTION('ref_axis',(-1.,0.,4.44089209850063E-16));
#7343=DIRECTION('center_axis',(-4.44089209850063E-16,0.,-1.));
#7344=DIRECTION('ref_axis',(-1.,0.,4.44089209850063E-16));
#7345=DIRECTION('',(-1.,0.,4.44089209850063E-16));
#7346=DIRECTION('',(0.,1.,0.));
#7347=DIRECTION('',(-1.,0.,4.44089209850063E-16));
#7348=DIRECTION('',(0.,-1.,0.));
#7349=DIRECTION('center_axis',(1.,0.,-4.44089209850063E-16));
#7350=DIRECTION('ref_axis',(0.,-1.,0.));
#7351=DIRECTION('',(4.44089209850063E-16,0.,1.));
#7352=DIRECTION('',(0.,-1.,0.));
#7353=DIRECTION('',(-4.44089209850063E-16,0.,-1.));
#7354=DIRECTION('center_axis',(0.,1.,0.));
#7355=DIRECTION('ref_axis',(1.,0.,-4.44089209850063E-16));
#7356=DIRECTION('',(1.,0.,0.));
#7357=DIRECTION('',(-4.44089209850063E-16,0.,-1.));
#7358=DIRECTION('center_axis',(-1.,0.,4.44089209850063E-16));
#7359=DIRECTION('ref_axis',(0.,1.,0.));
#7360=DIRECTION('',(-4.44089209850063E-16,0.,-1.));
#7361=DIRECTION('',(0.,1.,0.));
#7362=DIRECTION('center_axis',(0.,0.,1.));
#7363=DIRECTION('ref_axis',(1.,0.,0.));
#7364=DIRECTION('',(-1.,0.,0.));
#7365=DIRECTION('',(0.,1.,0.));
#7366=DIRECTION('',(1.,0.,0.));
#7367=DIRECTION('',(0.,-1.,0.));
#7368=DIRECTION('',(-1.,0.,0.));
#7369=DIRECTION('',(0.,1.,0.));
#7370=DIRECTION('',(1.,0.,0.));
#7371=DIRECTION('',(0.,-1.,0.));
#7372=DIRECTION('',(-1.,0.,0.));
#7373=DIRECTION('',(0.,1.,0.));
#7374=DIRECTION('',(1.,0.,0.));
#7375=DIRECTION('',(0.,-1.,0.));
#7376=DIRECTION('',(-1.,0.,0.));
#7377=DIRECTION('',(0.,1.,0.));
#7378=DIRECTION('',(1.,0.,0.));
#7379=DIRECTION('',(0.,-1.,0.));
#7380=DIRECTION('',(-1.,0.,0.));
#7381=DIRECTION('',(0.,1.,0.));
#7382=DIRECTION('',(1.,0.,0.));
#7383=DIRECTION('',(0.,-1.,0.));
#7384=DIRECTION('',(-1.,0.,0.));
#7385=DIRECTION('',(0.,1.,0.));
#7386=DIRECTION('',(1.,0.,0.));
#7387=DIRECTION('',(0.,-1.,0.));
#7388=DIRECTION('',(-1.,0.,0.));
#7389=DIRECTION('',(0.,1.,0.));
#7390=DIRECTION('',(1.,0.,0.));
#7391=DIRECTION('',(0.,-1.,0.));
#7392=DIRECTION('',(-1.,0.,0.));
#7393=DIRECTION('',(0.,1.,0.));
#7394=DIRECTION('',(1.,0.,0.));
#7395=DIRECTION('',(0.,-1.,0.));
#7396=DIRECTION('',(-1.,0.,0.));
#7397=DIRECTION('',(0.,1.,0.));
#7398=DIRECTION('',(1.,0.,0.));
#7399=DIRECTION('',(0.,1.,0.));
#7400=DIRECTION('',(-1.,0.,0.));
#7401=DIRECTION('',(0.,1.,0.));
#7402=DIRECTION('',(1.,0.,0.));
#7403=DIRECTION('',(0.,-1.,0.));
#7404=DIRECTION('',(-1.,0.,0.));
#7405=DIRECTION('',(-1.,0.,0.));
#7406=DIRECTION('',(0.,1.,0.));
#7407=DIRECTION('',(1.,0.,0.));
#7408=DIRECTION('',(0.,-1.,0.));
#7409=DIRECTION('',(-1.,0.,0.));
#7410=DIRECTION('',(0.,1.,0.));
#7411=DIRECTION('',(1.,0.,0.));
#7412=DIRECTION('',(0.,-1.,0.));
#7413=DIRECTION('',(-1.,0.,0.));
#7414=DIRECTION('',(0.,1.,0.));
#7415=DIRECTION('',(1.,0.,0.));
#7416=DIRECTION('',(0.,-1.,0.));
#7417=DIRECTION('',(-1.,0.,0.));
#7418=DIRECTION('',(0.,1.,0.));
#7419=DIRECTION('',(1.,0.,0.));
#7420=DIRECTION('',(0.,-1.,0.));
#7421=DIRECTION('',(-1.,0.,0.));
#7422=DIRECTION('',(0.,1.,0.));
#7423=DIRECTION('',(1.,0.,0.));
#7424=DIRECTION('',(0.,-1.,0.));
#7425=DIRECTION('center_axis',(-1.,0.,4.44089209850063E-16));
#7426=DIRECTION('ref_axis',(0.,1.,0.));
#7427=DIRECTION('',(-4.44089209850063E-16,0.,-1.));
#7428=DIRECTION('',(0.,-1.,0.));
#7429=DIRECTION('',(-4.44089209850063E-16,0.,-1.));
#7430=DIRECTION('center_axis',(0.,-1.,0.));
#7431=DIRECTION('ref_axis',(-1.,0.,4.44089209850063E-16));
#7432=DIRECTION('',(-4.44089209850063E-16,0.,-1.));
#7433=DIRECTION('',(1.,0.,-4.44089209850063E-16));
#7434=DIRECTION('center_axis',(1.,0.,-4.44089209850063E-16));
#7435=DIRECTION('ref_axis',(0.,-1.,0.));
#7436=DIRECTION('',(-4.44089209850063E-16,0.,-1.));
#7437=DIRECTION('',(0.,1.,0.));
#7438=DIRECTION('center_axis',(0.,1.,0.));
#7439=DIRECTION('ref_axis',(1.,0.,-4.44089209850063E-16));
#7440=DIRECTION('',(-1.,0.,4.44089209850063E-16));
#7441=DIRECTION('center_axis',(-4.44089209850063E-16,0.,-1.));
#7442=DIRECTION('ref_axis',(-1.,0.,4.44089209850063E-16));
#7443=DIRECTION('center_axis',(-1.,0.,4.44089209850063E-16));
#7444=DIRECTION('ref_axis',(0.,1.,0.));
#7445=DIRECTION('',(-3.14018491736754E-16,0.707106781186549,-0.707106781186546));
#7446=DIRECTION('',(-4.44089209850063E-16,0.,-1.));
#7447=DIRECTION('',(0.,-1.,0.));
#7448=DIRECTION('',(-4.44089209850063E-16,0.,-1.));
#7449=DIRECTION('center_axis',(0.,-1.,0.));
#7450=DIRECTION('ref_axis',(-1.,0.,4.44089209850063E-16));
#7451=DIRECTION('',(-4.44089209850063E-16,0.,-1.));
#7452=DIRECTION('',(1.,0.,-4.44089209850063E-16));
#7453=DIRECTION('center_axis',(1.,0.,-4.44089209850063E-16));
#7454=DIRECTION('ref_axis',(0.,-1.,0.));
#7455=DIRECTION('',(3.14018491736754E-16,-0.707106781186549,0.707106781186546));
#7456=DIRECTION('',(-4.44089209850063E-16,0.,-1.));
#7457=DIRECTION('',(0.,1.,0.));
#7458=DIRECTION('center_axis',(0.,1.,0.));
#7459=DIRECTION('ref_axis',(1.,0.,-4.44089209850063E-16));
#7460=DIRECTION('',(1.,0.,0.));
#7461=DIRECTION('',(-1.,0.,4.44089209850063E-16));
#7462=DIRECTION('center_axis',(-4.44089209850063E-16,0.,-1.));
#7463=DIRECTION('ref_axis',(-1.,0.,4.44089209850063E-16));
#7464=DIRECTION('center_axis',(0.,0.707106781186546,0.707106781186549));
#7465=DIRECTION('ref_axis',(1.,0.,0.));
#7466=DIRECTION('',(3.14018491736754E-16,-0.707106781186549,0.707106781186546));
#7467=DIRECTION('',(-1.,0.,0.));
#7468=DIRECTION('',(-3.14018491736754E-16,0.707106781186549,-0.707106781186546));
#7469=DIRECTION('',(0.577350269189622,-0.577350269189629,0.577350269189627));
#7470=DIRECTION('',(-1.,0.,0.));
#7471=DIRECTION('',(-0.577350269189626,-0.577350269189626,0.577350269189625));
#7472=DIRECTION('',(-3.14018491736754E-16,0.707106781186549,-0.707106781186546));
#7473=DIRECTION('',(1.,0.,0.));
#7474=DIRECTION('',(3.14018491736754E-16,-0.707106781186549,0.707106781186546));
#7475=DIRECTION('',(-3.14018491736754E-16,0.707106781186549,-0.707106781186546));
#7476=DIRECTION('',(1.,0.,0.));
#7477=DIRECTION('',(3.14018491736754E-16,-0.707106781186549,0.707106781186546));
#7478=DIRECTION('',(-3.14018491736754E-16,0.707106781186549,-0.707106781186546));
#7479=DIRECTION('',(1.,0.,0.));
#7480=DIRECTION('',(3.14018491736754E-16,-0.707106781186549,0.707106781186546));
#7481=DIRECTION('center_axis',(-4.44089209850063E-16,0.,-1.));
#7482=DIRECTION('ref_axis',(-1.,0.,4.44089209850063E-16));
#7483=DIRECTION('',(-1.,0.,4.44089209850063E-16));
#7484=DIRECTION('',(0.,1.,0.));
#7485=DIRECTION('',(-1.,0.,4.44089209850063E-16));
#7486=DIRECTION('',(0.,-1.,0.));
#7487=DIRECTION('center_axis',(1.,0.,-4.44089209850063E-16));
#7488=DIRECTION('ref_axis',(0.,-1.,0.));
#7489=DIRECTION('',(4.44089209850063E-16,0.,1.));
#7490=DIRECTION('',(-4.44089209850063E-16,0.,-1.));
#7491=DIRECTION('center_axis',(0.,1.,0.));
#7492=DIRECTION('ref_axis',(1.,0.,-4.44089209850063E-16));
#7493=DIRECTION('',(-4.44089209850063E-16,0.,-1.));
#7494=DIRECTION('center_axis',(-1.,0.,4.44089209850063E-16));
#7495=DIRECTION('ref_axis',(0.,1.,0.));
#7496=DIRECTION('',(-4.44089209850063E-16,0.,-1.));
#7497=DIRECTION('center_axis',(-1.,0.,4.44089209850063E-16));
#7498=DIRECTION('ref_axis',(0.,1.,0.));
#7499=DIRECTION('',(-4.44089209850063E-16,0.,-1.));
#7500=DIRECTION('',(0.,-1.,0.));
#7501=DIRECTION('',(-4.44089209850063E-16,0.,-1.));
#7502=DIRECTION('center_axis',(0.,-1.,0.));
#7503=DIRECTION('ref_axis',(-1.,0.,4.44089209850063E-16));
#7504=DIRECTION('',(-4.44089209850063E-16,0.,-1.));
#7505=DIRECTION('',(1.,0.,-4.44089209850063E-16));
#7506=DIRECTION('center_axis',(1.,0.,-4.44089209850063E-16));
#7507=DIRECTION('ref_axis',(0.,-1.,0.));
#7508=DIRECTION('',(-4.44089209850063E-16,0.,-1.));
#7509=DIRECTION('',(0.,1.,0.));
#7510=DIRECTION('center_axis',(0.,1.,0.));
#7511=DIRECTION('ref_axis',(1.,0.,-4.44089209850063E-16));
#7512=DIRECTION('',(-1.,0.,4.44089209850063E-16));
#7513=DIRECTION('center_axis',(-4.44089209850063E-16,0.,-1.));
#7514=DIRECTION('ref_axis',(-1.,0.,4.44089209850063E-16));
#7515=DIRECTION('center_axis',(-1.,0.,4.44089209850063E-16));
#7516=DIRECTION('ref_axis',(0.,1.,0.));
#7517=DIRECTION('',(-4.44089209850063E-16,0.,-1.));
#7518=DIRECTION('',(0.,-1.,0.));
#7519=DIRECTION('',(-4.44089209850063E-16,0.,-1.));
#7520=DIRECTION('center_axis',(0.,-1.,0.));
#7521=DIRECTION('ref_axis',(-1.,0.,4.44089209850063E-16));
#7522=DIRECTION('',(-4.44089209850063E-16,0.,-1.));
#7523=DIRECTION('',(1.,0.,-4.44089209850063E-16));
#7524=DIRECTION('center_axis',(1.,0.,-4.44089209850063E-16));
#7525=DIRECTION('ref_axis',(0.,-1.,0.));
#7526=DIRECTION('',(-4.44089209850063E-16,0.,-1.));
#7527=DIRECTION('',(0.,1.,0.));
#7528=DIRECTION('center_axis',(0.,1.,0.));
#7529=DIRECTION('ref_axis',(1.,0.,-4.44089209850063E-16));
#7530=DIRECTION('',(-1.,0.,4.44089209850063E-16));
#7531=DIRECTION('center_axis',(-4.44089209850063E-16,0.,-1.));
#7532=DIRECTION('ref_axis',(-1.,0.,4.44089209850063E-16));
#7533=DIRECTION('center_axis',(-4.44089209850063E-16,0.,-1.));
#7534=DIRECTION('ref_axis',(-1.,0.,4.44089209850063E-16));
#7535=DIRECTION('',(-1.,0.,4.44089209850063E-16));
#7536=DIRECTION('',(0.,1.,0.));
#7537=DIRECTION('',(-1.,0.,4.44089209850063E-16));
#7538=DIRECTION('',(0.,-1.,0.));
#7539=DIRECTION('center_axis',(1.,0.,-4.44089209850063E-16));
#7540=DIRECTION('ref_axis',(0.,-1.,0.));
#7541=DIRECTION('',(4.44089209850063E-16,0.,1.));
#7542=DIRECTION('',(-4.44089209850063E-16,0.,-1.));
#7543=DIRECTION('center_axis',(0.,1.,0.));
#7544=DIRECTION('ref_axis',(1.,0.,-4.44089209850063E-16));
#7545=DIRECTION('',(-4.44089209850063E-16,0.,-1.));
#7546=DIRECTION('center_axis',(-1.,0.,4.44089209850063E-16));
#7547=DIRECTION('ref_axis',(0.,1.,0.));
#7548=DIRECTION('',(-4.44089209850063E-16,0.,-1.));
#7549=DIRECTION('center_axis',(-1.,0.,4.44089209850063E-16));
#7550=DIRECTION('ref_axis',(0.,1.,0.));
#7551=DIRECTION('',(-4.44089209850063E-16,0.,-1.));
#7552=DIRECTION('',(0.,-1.,0.));
#7553=DIRECTION('',(-4.44089209850063E-16,0.,-1.));
#7554=DIRECTION('center_axis',(0.,-1.,0.));
#7555=DIRECTION('ref_axis',(-1.,0.,4.44089209850063E-16));
#7556=DIRECTION('',(-4.44089209850063E-16,0.,-1.));
#7557=DIRECTION('',(1.,0.,-4.44089209850063E-16));
#7558=DIRECTION('center_axis',(1.,0.,-4.44089209850063E-16));
#7559=DIRECTION('ref_axis',(0.,-1.,0.));
#7560=DIRECTION('',(-4.44089209850063E-16,0.,-1.));
#7561=DIRECTION('',(0.,1.,0.));
#7562=DIRECTION('center_axis',(0.,1.,0.));
#7563=DIRECTION('ref_axis',(1.,0.,-4.44089209850063E-16));
#7564=DIRECTION('',(-1.,0.,4.44089209850063E-16));
#7565=DIRECTION('center_axis',(-4.44089209850063E-16,0.,-1.));
#7566=DIRECTION('ref_axis',(-1.,0.,4.44089209850063E-16));
#7567=DIRECTION('center_axis',(-1.,0.,4.44089209850063E-16));
#7568=DIRECTION('ref_axis',(0.,1.,0.));
#7569=DIRECTION('',(-4.44089209850063E-16,0.,-1.));
#7570=DIRECTION('',(0.,-1.,0.));
#7571=DIRECTION('',(-4.44089209850063E-16,0.,-1.));
#7572=DIRECTION('center_axis',(0.,-1.,0.));
#7573=DIRECTION('ref_axis',(-1.,0.,4.44089209850063E-16));
#7574=DIRECTION('',(-4.44089209850063E-16,0.,-1.));
#7575=DIRECTION('',(1.,0.,-4.44089209850063E-16));
#7576=DIRECTION('center_axis',(1.,0.,-4.44089209850063E-16));
#7577=DIRECTION('ref_axis',(0.,-1.,0.));
#7578=DIRECTION('',(-4.44089209850063E-16,0.,-1.));
#7579=DIRECTION('',(0.,1.,0.));
#7580=DIRECTION('center_axis',(0.,1.,0.));
#7581=DIRECTION('ref_axis',(1.,0.,-4.44089209850063E-16));
#7582=DIRECTION('',(-1.,0.,4.44089209850063E-16));
#7583=DIRECTION('center_axis',(-4.44089209850063E-16,0.,-1.));
#7584=DIRECTION('ref_axis',(-1.,0.,4.44089209850063E-16));
#7585=DIRECTION('center_axis',(-4.44089209850063E-16,0.,-1.));
#7586=DIRECTION('ref_axis',(-1.,0.,4.44089209850063E-16));
#7587=DIRECTION('',(-1.,0.,4.44089209850063E-16));
#7588=DIRECTION('',(0.,1.,0.));
#7589=DIRECTION('',(-1.,0.,4.44089209850063E-16));
#7590=DIRECTION('',(0.,-1.,0.));
#7591=DIRECTION('center_axis',(1.,0.,-4.44089209850063E-16));
#7592=DIRECTION('ref_axis',(0.,-1.,0.));
#7593=DIRECTION('',(4.44089209850063E-16,0.,1.));
#7594=DIRECTION('',(-4.44089209850063E-16,0.,-1.));
#7595=DIRECTION('center_axis',(0.,1.,0.));
#7596=DIRECTION('ref_axis',(1.,0.,-4.44089209850063E-16));
#7597=DIRECTION('',(-4.44089209850063E-16,0.,-1.));
#7598=DIRECTION('center_axis',(-1.,0.,4.44089209850063E-16));
#7599=DIRECTION('ref_axis',(0.,1.,0.));
#7600=DIRECTION('',(-4.44089209850063E-16,0.,-1.));
#7601=DIRECTION('center_axis',(-4.44089209850063E-16,0.,-1.));
#7602=DIRECTION('ref_axis',(-1.,0.,4.44089209850063E-16));
#7603=DIRECTION('',(-1.,0.,4.44089209850063E-16));
#7604=DIRECTION('',(0.,1.,0.));
#7605=DIRECTION('',(-1.,0.,4.44089209850063E-16));
#7606=DIRECTION('',(0.,-1.,0.));
#7607=DIRECTION('center_axis',(1.,0.,-4.44089209850063E-16));
#7608=DIRECTION('ref_axis',(0.,-1.,0.));
#7609=DIRECTION('',(4.44089209850063E-16,0.,1.));
#7610=DIRECTION('',(-4.44089209850063E-16,0.,-1.));
#7611=DIRECTION('center_axis',(0.,1.,0.));
#7612=DIRECTION('ref_axis',(1.,0.,-4.44089209850063E-16));
#7613=DIRECTION('',(-4.44089209850063E-16,0.,-1.));
#7614=DIRECTION('center_axis',(-1.,0.,4.44089209850063E-16));
#7615=DIRECTION('ref_axis',(0.,1.,0.));
#7616=DIRECTION('',(-4.44089209850063E-16,0.,-1.));
#7617=DIRECTION('center_axis',(0.,-1.,0.));
#7618=DIRECTION('ref_axis',(-1.,0.,4.44089209850063E-16));
#7619=DIRECTION('',(-4.44089209850063E-16,0.,-1.));
#7620=DIRECTION('',(1.,0.,-4.44089209850063E-16));
#7621=DIRECTION('',(-4.44089209850063E-16,0.,-1.));
#7622=DIRECTION('center_axis',(1.,0.,-4.44089209850063E-16));
#7623=DIRECTION('ref_axis',(0.,-1.,0.));
#7624=DIRECTION('',(-4.44089209850063E-16,0.,-1.));
#7625=DIRECTION('',(0.,1.,0.));
#7626=DIRECTION('center_axis',(0.,1.,0.));
#7627=DIRECTION('ref_axis',(1.,0.,-4.44089209850063E-16));
#7628=DIRECTION('',(-4.44089209850063E-16,0.,-1.));
#7629=DIRECTION('',(-1.,0.,4.44089209850063E-16));
#7630=DIRECTION('center_axis',(-1.,0.,4.44089209850063E-16));
#7631=DIRECTION('ref_axis',(0.,1.,0.));
#7632=DIRECTION('',(0.,-1.,0.));
#7633=DIRECTION('center_axis',(-4.44089209850063E-16,0.,-1.));
#7634=DIRECTION('ref_axis',(-1.,0.,4.44089209850063E-16));
#7635=DIRECTION('center_axis',(0.,-1.,0.));
#7636=DIRECTION('ref_axis',(-1.,0.,4.44089209850063E-16));
#7637=DIRECTION('',(-4.44089209850063E-16,0.,-1.));
#7638=DIRECTION('',(1.,0.,-4.44089209850063E-16));
#7639=DIRECTION('',(-4.44089209850063E-16,0.,-1.));
#7640=DIRECTION('center_axis',(1.,0.,-4.44089209850063E-16));
#7641=DIRECTION('ref_axis',(0.,-1.,0.));
#7642=DIRECTION('',(-4.44089209850063E-16,0.,-1.));
#7643=DIRECTION('',(0.,1.,0.));
#7644=DIRECTION('center_axis',(0.,1.,0.));
#7645=DIRECTION('ref_axis',(1.,0.,-4.44089209850063E-16));
#7646=DIRECTION('',(-4.44089209850063E-16,0.,-1.));
#7647=DIRECTION('',(-1.,0.,4.44089209850063E-16));
#7648=DIRECTION('center_axis',(-1.,0.,4.44089209850063E-16));
#7649=DIRECTION('ref_axis',(0.,1.,0.));
#7650=DIRECTION('',(0.,-1.,0.));
#7651=DIRECTION('center_axis',(-4.44089209850063E-16,0.,-1.));
#7652=DIRECTION('ref_axis',(-1.,0.,4.44089209850063E-16));
#7653=DIRECTION('center_axis',(-1.,0.,4.44089209850063E-16));
#7654=DIRECTION('ref_axis',(0.,1.,0.));
#7655=DIRECTION('',(-4.44089209850063E-16,0.,-1.));
#7656=DIRECTION('',(0.,-1.,0.));
#7657=DIRECTION('',(-4.44089209850063E-16,0.,-1.));
#7658=DIRECTION('center_axis',(0.,-1.,0.));
#7659=DIRECTION('ref_axis',(-1.,0.,4.44089209850063E-16));
#7660=DIRECTION('',(-4.44089209850063E-16,0.,-1.));
#7661=DIRECTION('',(1.,0.,-4.44089209850063E-16));
#7662=DIRECTION('center_axis',(1.,0.,-4.44089209850063E-16));
#7663=DIRECTION('ref_axis',(0.,-1.,0.));
#7664=DIRECTION('',(-4.44089209850063E-16,0.,-1.));
#7665=DIRECTION('',(0.,1.,0.));
#7666=DIRECTION('center_axis',(0.,1.,0.));
#7667=DIRECTION('ref_axis',(1.,0.,-4.44089209850063E-16));
#7668=DIRECTION('',(-1.,0.,4.44089209850063E-16));
#7669=DIRECTION('center_axis',(-4.44089209850063E-16,0.,-1.));
#7670=DIRECTION('ref_axis',(-1.,0.,4.44089209850063E-16));
#7671=DIRECTION('center_axis',(0.577350269189351,-0.57735026918979,-0.577350269189736));
#7672=DIRECTION('ref_axis',(0.,-0.707106781186514,0.707106781186581));
#7673=DIRECTION('center_axis',(0.,-0.894427190999888,0.447213595500014));
#7674=DIRECTION('ref_axis',(0.,0.447213595500014,0.894427190999888));
#7675=DIRECTION('center_axis',(0.,0.707106781186546,-0.707106781186549));
#7676=DIRECTION('ref_axis',(-3.06658683336675E-17,0.707106781186549,0.707106781186547));
#7677=DIRECTION('center_axis',(0.577350269189626,-0.577350269189627,-0.577350269189625));
#7678=DIRECTION('ref_axis',(-0.408248290463884,-0.816496580927717,0.408248290463859));
#7679=DIRECTION('center_axis',(0.,0.,-1.));
#7680=DIRECTION('ref_axis',(0.707106781186547,-0.707106781186548,4.33680868994206E-17));
#7681=DIRECTION('',(-0.577350269189626,0.577350269189627,0.577350269189625));
#7682=DIRECTION('',(0.577350269189626,-0.577350269189627,-0.577350269189625));
#7683=DIRECTION('center_axis',(0.577350269189548,-0.577350269189692,-0.577350269189638));
#7684=DIRECTION('ref_axis',(0.,-0.707106781186514,0.707106781186581));
#7685=DIRECTION('center_axis',(0.,0.707106781186546,-0.707106781186549));
#7686=DIRECTION('ref_axis',(3.06658683336675E-17,0.707106781186549,0.707106781186547));
#7687=DIRECTION('center_axis',(0.,0.707106781186546,-0.707106781186549));
#7688=DIRECTION('ref_axis',(-1.,0.,0.));
#7689=DIRECTION('',(1.,0.,0.));
#7690=DIRECTION('',(0.577350269189622,0.577350269189629,0.577350269189627));
#7691=DIRECTION('',(-1.,0.,0.));
#7692=DIRECTION('center_axis',(0.,0.707106781186548,0.707106781186548));
#7693=DIRECTION('ref_axis',(3.06658683336675E-17,0.707106781186548,-0.707106781186548));
#7694=DIRECTION('center_axis',(-0.577350269189383,0.57735026918982,-0.577350269189675));
#7695=DIRECTION('ref_axis',(0.,-0.707106781186459,-0.707106781186636));
#7696=DIRECTION('center_axis',(0.577350269189625,-0.577350269189626,0.577350269189626));
#7697=DIRECTION('ref_axis',(-0.408248290463795,-0.816496580927795,-0.408248290463795));
#7698=DIRECTION('center_axis',(0.,0.,1.));
#7699=DIRECTION('ref_axis',(0.707106781186547,-0.707106781186548,-4.33680868994202E-17));
#7700=DIRECTION('',(-0.577350269189625,0.577350269189626,-0.577350269189626));
#7701=DIRECTION('center_axis',(-0.577350269189865,0.577350269189579,-0.577350269189434));
#7702=DIRECTION('ref_axis',(0.,-0.707106781186459,-0.707106781186636));
#7703=DIRECTION('',(0.577350269189625,-0.577350269189626,0.577350269189626));
#7704=DIRECTION('center_axis',(0.,-0.894427190999884,-0.447213595500022));
#7705=DIRECTION('ref_axis',(0.,0.447213595500022,-0.894427190999884));
#7706=DIRECTION('center_axis',(0.,0.707106781186548,0.707106781186548));
#7707=DIRECTION('ref_axis',(-3.06658683336675E-17,0.707106781186548,-0.707106781186548));
#7708=DIRECTION('center_axis',(0.,0.,-1.));
#7709=DIRECTION('ref_axis',(0.923879532511297,0.382683432365065,0.));
#7710=DIRECTION('center_axis',(0.,0.,1.));
#7711=DIRECTION('ref_axis',(0.923879532511297,0.382683432365065,0.));
#7712=DIRECTION('',(0.,0.,-1.));
#7713=DIRECTION('center_axis',(0.,0.,-1.));
#7714=DIRECTION('ref_axis',(0.923879532511297,0.382683432365065,0.));
#7715=DIRECTION('',(0.,0.,1.));
#7716=DIRECTION('center_axis',(0.707106781186548,0.707106781186547,0.));
#7717=DIRECTION('ref_axis',(0.,0.,-1.));
#7718=DIRECTION('',(0.707106781186547,-0.707106781186548,0.));
#7719=DIRECTION('',(-0.707106781186547,0.707106781186548,0.));
#7720=DIRECTION('',(0.,0.,-1.));
#7721=DIRECTION('center_axis',(0.,0.,1.));
#7722=DIRECTION('ref_axis',(0.382683432365088,0.923879532511287,0.));
#7723=DIRECTION('',(0.,0.,1.));
#7724=DIRECTION('center_axis',(0.,1.,0.));
#7725=DIRECTION('ref_axis',(0.,0.,1.));
#7726=DIRECTION('',(0.,0.,1.));
#7727=DIRECTION('',(1.,0.,0.));
#7728=DIRECTION('',(0.,0.,-1.));
#7729=DIRECTION('',(0.,0.,1.));
#7730=DIRECTION('',(-1.,0.,0.));
#7731=DIRECTION('',(0.,0.,-1.));
#7732=DIRECTION('',(1.,0.,0.));
#7733=DIRECTION('',(-1.,0.,0.));
#7734=DIRECTION('',(0.,0.,-1.));
#7735=DIRECTION('center_axis',(1.,0.,0.));
#7736=DIRECTION('ref_axis',(0.,0.,-1.));
#7737=DIRECTION('',(0.,1.,0.));
#7738=DIRECTION('',(0.,0.,-1.));
#7739=DIRECTION('',(0.,1.,0.));
#7740=DIRECTION('',(0.,0.,1.));
#7741=DIRECTION('',(0.,-1.,0.));
#7742=DIRECTION('center_axis',(0.707106781186548,0.707106781186548,0.));
#7743=DIRECTION('ref_axis',(0.,0.,-1.));
#7744=DIRECTION('',(0.577350269189626,-0.577350269189626,-0.577350269189625));
#7745=DIRECTION('',(0.,0.,-1.));
#7746=DIRECTION('',(-0.577350269189621,0.577350269189628,-0.577350269189628));
#7747=DIRECTION('center_axis',(0.,0.707106781186546,-0.707106781186549));
#7748=DIRECTION('ref_axis',(-1.,0.,0.));
#7749=DIRECTION('',(-0.577350269189626,-0.577350269189627,-0.577350269189625));
#7750=DIRECTION('',(-1.,0.,0.));
#7751=DIRECTION('center_axis',(-0.707106781186548,0.707106781186547,0.));
#7752=DIRECTION('ref_axis',(0.,0.,1.));
#7753=DIRECTION('',(-0.577350269189626,-0.577350269189626,0.577350269189626));
#7754=DIRECTION('',(0.,0.,1.));
#7755=DIRECTION('center_axis',(0.,0.707106781186548,0.707106781186548));
#7756=DIRECTION('ref_axis',(1.,0.,0.));
#7757=DIRECTION('',(1.,0.,0.));
#7758=DIRECTION('center_axis',(0.,0.,-1.));
#7759=DIRECTION('ref_axis',(-1.,0.,0.));
#7760=DIRECTION('',(0.,1.,0.));
#7761=DIRECTION('',(1.,0.,0.));
#7762=DIRECTION('',(0.,1.,0.));
#7763=DIRECTION('center_axis',(-1.,0.,0.));
#7764=DIRECTION('ref_axis',(0.,0.,1.));
#7765=DIRECTION('',(0.,-1.,0.));
#7766=DIRECTION('',(0.,0.,-1.));
#7767=DIRECTION('',(0.,-1.,0.));
#7768=DIRECTION('',(0.,0.,-1.));
#7769=DIRECTION('center_axis',(-0.707106781186548,0.707106781186548,0.));
#7770=DIRECTION('ref_axis',(0.,0.,1.));
#7771=DIRECTION('',(-0.577350269189626,-0.577350269189626,0.577350269189626));
#7772=DIRECTION('',(0.,0.,1.));
#7773=DIRECTION('center_axis',(0.,0.707106781186548,0.707106781186548));
#7774=DIRECTION('ref_axis',(1.,0.,0.));
#7775=DIRECTION('',(1.,0.,0.));
#7776=DIRECTION('center_axis',(0.,0.,1.));
#7777=DIRECTION('ref_axis',(1.,0.,0.));
#7778=DIRECTION('',(0.,1.,0.));
#7779=DIRECTION('',(-1.,0.,0.));
#7780=DIRECTION('center_axis',(1.,0.,0.));
#7781=DIRECTION('ref_axis',(0.,0.,-1.));
#7782=DIRECTION('',(0.,-1.,0.));
#7783=DIRECTION('',(0.,0.,1.));
#7784=DIRECTION('',(0.,1.,0.));
#7785=DIRECTION('',(0.,0.,1.));
#7786=DIRECTION('center_axis',(-0.707106781186548,0.707106781186548,0.));
#7787=DIRECTION('ref_axis',(0.,0.,1.));
#7788=DIRECTION('',(-0.707106781186548,-0.707106781186548,4.71027737605132E-16));
#7789=DIRECTION('',(0.,0.,-1.));
#7790=DIRECTION('',(0.707106781186548,0.707106781186548,-4.71027737605132E-16));
#7791=DIRECTION('',(0.,0.,1.));
#7792=DIRECTION('',(-0.577350269189621,-0.577350269189628,-0.577350269189628));
#7793=DIRECTION('',(0.,0.,1.));
#7794=DIRECTION('center_axis',(0.,0.707106781186548,-0.707106781186548));
#7795=DIRECTION('ref_axis',(-1.,0.,0.));
#7796=DIRECTION('',(-3.14018491736755E-16,-0.707106781186548,-0.707106781186548));
#7797=DIRECTION('',(1.,0.,0.));
#7798=DIRECTION('',(3.14018491736755E-16,0.707106781186548,0.707106781186548));
#7799=DIRECTION('',(-1.,0.,0.));
#7800=DIRECTION('',(0.577350269189626,-0.577350269189626,-0.577350269189626));
#7801=DIRECTION('',(-1.,0.,0.));
#7802=DIRECTION('',(-3.14018491736755E-16,-0.707106781186548,-0.707106781186548));
#7803=DIRECTION('',(1.,0.,0.));
#7804=DIRECTION('',(3.14018491736755E-16,0.707106781186548,0.707106781186548));
#7805=DIRECTION('',(-1.,0.,0.));
#7806=DIRECTION('',(-3.14018491736755E-16,-0.707106781186548,-0.707106781186548));
#7807=DIRECTION('',(1.,0.,0.));
#7808=DIRECTION('',(3.14018491736755E-16,0.707106781186548,0.707106781186548));
#7809=DIRECTION('',(-1.,0.,0.));
#7810=DIRECTION('',(-3.14018491736755E-16,-0.707106781186548,-0.707106781186548));
#7811=DIRECTION('',(1.,0.,0.));
#7812=DIRECTION('',(3.14018491736755E-16,0.707106781186548,0.707106781186548));
#7813=DIRECTION('',(-1.,0.,0.));
#7814=DIRECTION('',(-3.14018491736755E-16,-0.707106781186548,-0.707106781186548));
#7815=DIRECTION('',(1.,0.,0.));
#7816=DIRECTION('',(3.14018491736755E-16,0.707106781186548,0.707106781186548));
#7817=DIRECTION('',(-1.,0.,0.));
#7818=DIRECTION('center_axis',(0.707106781186548,0.707106781186548,0.));
#7819=DIRECTION('ref_axis',(0.,0.,-1.));
#7820=DIRECTION('',(0.,0.,-1.));
#7821=DIRECTION('center_axis',(1.,0.,0.));
#7822=DIRECTION('ref_axis',(0.,0.,-1.));
#7823=DIRECTION('',(0.,0.,-1.));
#7824=DIRECTION('',(0.,1.,0.));
#7825=DIRECTION('',(0.,0.,1.));
#7826=DIRECTION('',(0.,1.,0.));
#7827=DIRECTION('',(0.,0.,1.));
#7828=DIRECTION('',(0.,1.,0.));
#7829=DIRECTION('',(0.,0.,-1.));
#7830=DIRECTION('',(0.,-1.,0.));
#7831=DIRECTION('',(0.,0.,1.));
#7832=DIRECTION('',(0.,1.,0.));
#7833=DIRECTION('',(0.,0.,-1.));
#7834=DIRECTION('',(0.,-1.,0.));
#7835=DIRECTION('',(0.,0.,1.));
#7836=DIRECTION('',(0.,1.,0.));
#7837=DIRECTION('',(0.,0.,-1.));
#7838=DIRECTION('',(0.,-1.,0.));
#7839=DIRECTION('',(0.,0.,1.));
#7840=DIRECTION('',(0.,1.,0.));
#7841=DIRECTION('',(0.,0.,-1.));
#7842=DIRECTION('',(0.,-1.,0.));
#7843=DIRECTION('',(0.,0.,1.));
#7844=DIRECTION('',(0.,1.,0.));
#7845=DIRECTION('',(0.,0.,-1.));
#7846=DIRECTION('',(0.,-1.,0.));
#7847=DIRECTION('',(0.,0.,1.));
#7848=DIRECTION('',(0.,1.,0.));
#7849=DIRECTION('',(0.,0.,-1.));
#7850=DIRECTION('',(0.,-1.,0.));
#7851=DIRECTION('',(0.,0.,1.));
#7852=DIRECTION('',(0.,1.,0.));
#7853=DIRECTION('',(0.,0.,-1.));
#7854=DIRECTION('',(0.,-1.,0.));
#7855=DIRECTION('center_axis',(1.,0.,-4.44089209850063E-16));
#7856=DIRECTION('ref_axis',(0.,-1.,0.));
#7857=DIRECTION('',(0.,1.,0.));
#7858=DIRECTION('',(-4.44089209850063E-16,0.,-1.));
#7859=DIRECTION('',(0.,-1.,0.));
#7860=DIRECTION('',(4.44089209850063E-16,0.,1.));
#7861=DIRECTION('center_axis',(0.,-1.,0.));
#7862=DIRECTION('ref_axis',(-1.,0.,4.44089209850063E-16));
#7863=DIRECTION('',(1.,0.,0.));
#7864=DIRECTION('',(-4.44089209850063E-16,0.,-1.));
#7865=DIRECTION('',(-1.,0.,4.44089209850063E-16));
#7866=DIRECTION('center_axis',(0.,1.,0.));
#7867=DIRECTION('ref_axis',(1.,0.,-4.44089209850063E-16));
#7868=DIRECTION('',(1.,0.,-4.44089209850063E-16));
#7869=DIRECTION('',(4.44089209850063E-16,0.,1.));
#7870=DIRECTION('center_axis',(-1.,0.,4.44089209850063E-16));
#7871=DIRECTION('ref_axis',(0.,1.,0.));
#7872=DIRECTION('',(0.,1.,0.));
#7873=DIRECTION('',(0.,-1.,0.));
#7874=DIRECTION('center_axis',(-4.44089209850063E-16,0.,-1.));
#7875=DIRECTION('ref_axis',(-1.,0.,4.44089209850063E-16));
#7876=DIRECTION('center_axis',(-6.66133814775094E-16,0.,-1.));
#7877=DIRECTION('ref_axis',(0.,-1.,0.));
#7878=DIRECTION('',(0.,1.,0.));
#7879=DIRECTION('',(-1.,0.,6.66133814775094E-16));
#7880=DIRECTION('',(0.,-1.,0.));
#7881=DIRECTION('',(-1.,0.,6.66133814775094E-16));
#7882=DIRECTION('center_axis',(0.,-1.,0.));
#7883=DIRECTION('ref_axis',(6.66133814775094E-16,0.,1.));
#7884=DIRECTION('',(0.,0.,-1.));
#7885=DIRECTION('',(-1.,0.,6.66133814775094E-16));
#7886=DIRECTION('',(6.66133814775094E-16,0.,1.));
#7887=DIRECTION('center_axis',(0.,1.,0.));
#7888=DIRECTION('ref_axis',(-6.66133814775094E-16,0.,-1.));
#7889=DIRECTION('',(0.,0.,1.));
#7890=DIRECTION('',(-6.66133814775094E-16,0.,-1.));
#7891=DIRECTION('',(-1.,0.,6.66133814775094E-16));
#7892=DIRECTION('center_axis',(6.66133814775094E-16,0.,1.));
#7893=DIRECTION('ref_axis',(0.,1.,0.));
#7894=DIRECTION('',(0.,-1.,0.));
#7895=DIRECTION('',(0.,1.,0.));
#7896=DIRECTION('center_axis',(-1.,0.,6.66133814775094E-16));
#7897=DIRECTION('ref_axis',(6.66133814775094E-16,0.,1.));
#7898=DIRECTION('center_axis',(-6.66133814775094E-16,0.,-1.));
#7899=DIRECTION('ref_axis',(0.,-1.,0.));
#7900=DIRECTION('',(0.,1.,0.));
#7901=DIRECTION('',(-1.,0.,6.66133814775094E-16));
#7902=DIRECTION('',(0.,-1.,0.));
#7903=DIRECTION('',(-1.,0.,6.66133814775094E-16));
#7904=DIRECTION('center_axis',(0.,-1.,0.));
#7905=DIRECTION('ref_axis',(6.66133814775094E-16,0.,1.));
#7906=DIRECTION('',(0.,0.,-1.));
#7907=DIRECTION('',(-1.,0.,6.66133814775094E-16));
#7908=DIRECTION('',(6.66133814775094E-16,0.,1.));
#7909=DIRECTION('center_axis',(0.,1.,0.));
#7910=DIRECTION('ref_axis',(-6.66133814775094E-16,0.,-1.));
#7911=DIRECTION('',(0.,0.,1.));
#7912=DIRECTION('',(-6.66133814775094E-16,0.,-1.));
#7913=DIRECTION('',(-1.,0.,6.66133814775094E-16));
#7914=DIRECTION('center_axis',(6.66133814775094E-16,0.,1.));
#7915=DIRECTION('ref_axis',(0.,1.,0.));
#7916=DIRECTION('',(0.,-1.,0.));
#7917=DIRECTION('',(0.,1.,0.));
#7918=DIRECTION('center_axis',(-1.,0.,6.66133814775094E-16));
#7919=DIRECTION('ref_axis',(6.66133814775094E-16,0.,1.));
#7920=DIRECTION('center_axis',(-6.66133814775094E-16,0.,-1.));
#7921=DIRECTION('ref_axis',(0.,-1.,0.));
#7922=DIRECTION('',(0.,1.,0.));
#7923=DIRECTION('',(-1.,0.,6.66133814775094E-16));
#7924=DIRECTION('',(0.,-1.,0.));
#7925=DIRECTION('',(-1.,0.,6.66133814775094E-16));
#7926=DIRECTION('center_axis',(0.,-1.,0.));
#7927=DIRECTION('ref_axis',(6.66133814775094E-16,0.,1.));
#7928=DIRECTION('',(0.,0.,-1.));
#7929=DIRECTION('',(-1.,0.,6.66133814775094E-16));
#7930=DIRECTION('',(6.66133814775094E-16,0.,1.));
#7931=DIRECTION('center_axis',(0.,1.,0.));
#7932=DIRECTION('ref_axis',(-6.66133814775094E-16,0.,-1.));
#7933=DIRECTION('',(0.,0.,1.));
#7934=DIRECTION('',(-6.66133814775094E-16,0.,-1.));
#7935=DIRECTION('',(-1.,0.,6.66133814775094E-16));
#7936=DIRECTION('center_axis',(6.66133814775094E-16,0.,1.));
#7937=DIRECTION('ref_axis',(0.,1.,0.));
#7938=DIRECTION('',(0.,-1.,0.));
#7939=DIRECTION('',(0.,1.,0.));
#7940=DIRECTION('center_axis',(-1.,0.,6.66133814775094E-16));
#7941=DIRECTION('ref_axis',(6.66133814775094E-16,0.,1.));
#7942=DIRECTION('center_axis',(-6.66133814775094E-16,0.,-1.));
#7943=DIRECTION('ref_axis',(0.,-1.,0.));
#7944=DIRECTION('',(0.,1.,0.));
#7945=DIRECTION('',(-1.,0.,6.66133814775094E-16));
#7946=DIRECTION('',(0.,-1.,0.));
#7947=DIRECTION('',(-1.,0.,6.66133814775094E-16));
#7948=DIRECTION('center_axis',(0.,-1.,0.));
#7949=DIRECTION('ref_axis',(6.66133814775094E-16,0.,1.));
#7950=DIRECTION('',(0.,0.,-1.));
#7951=DIRECTION('',(-1.,0.,6.66133814775094E-16));
#7952=DIRECTION('',(6.66133814775094E-16,0.,1.));
#7953=DIRECTION('center_axis',(0.,1.,0.));
#7954=DIRECTION('ref_axis',(-6.66133814775094E-16,0.,-1.));
#7955=DIRECTION('',(0.,0.,1.));
#7956=DIRECTION('',(-6.66133814775094E-16,0.,-1.));
#7957=DIRECTION('',(-1.,0.,6.66133814775094E-16));
#7958=DIRECTION('center_axis',(6.66133814775094E-16,0.,1.));
#7959=DIRECTION('ref_axis',(0.,1.,0.));
#7960=DIRECTION('',(0.,-1.,0.));
#7961=DIRECTION('',(0.,1.,0.));
#7962=DIRECTION('center_axis',(-1.,0.,6.66133814775094E-16));
#7963=DIRECTION('ref_axis',(6.66133814775094E-16,0.,1.));
#7964=DIRECTION('center_axis',(-6.66133814775094E-16,0.,-1.));
#7965=DIRECTION('ref_axis',(0.,-1.,0.));
#7966=DIRECTION('',(0.,1.,0.));
#7967=DIRECTION('',(-1.,0.,6.66133814775094E-16));
#7968=DIRECTION('',(0.,-1.,0.));
#7969=DIRECTION('',(-1.,0.,6.66133814775094E-16));
#7970=DIRECTION('center_axis',(0.,-1.,0.));
#7971=DIRECTION('ref_axis',(6.66133814775094E-16,0.,1.));
#7972=DIRECTION('',(0.,0.,-1.));
#7973=DIRECTION('',(-1.,0.,6.66133814775094E-16));
#7974=DIRECTION('',(6.66133814775094E-16,0.,1.));
#7975=DIRECTION('center_axis',(0.,1.,0.));
#7976=DIRECTION('ref_axis',(-6.66133814775094E-16,0.,-1.));
#7977=DIRECTION('',(0.,0.,1.));
#7978=DIRECTION('',(-6.66133814775094E-16,0.,-1.));
#7979=DIRECTION('',(-1.,0.,6.66133814775094E-16));
#7980=DIRECTION('center_axis',(6.66133814775094E-16,0.,1.));
#7981=DIRECTION('ref_axis',(0.,1.,0.));
#7982=DIRECTION('',(0.,-1.,0.));
#7983=DIRECTION('',(0.,1.,0.));
#7984=DIRECTION('center_axis',(-1.,0.,6.66133814775094E-16));
#7985=DIRECTION('ref_axis',(6.66133814775094E-16,0.,1.));
#7986=DIRECTION('center_axis',(-6.66133814775094E-16,0.,-1.));
#7987=DIRECTION('ref_axis',(0.,-1.,0.));
#7988=DIRECTION('',(0.,1.,0.));
#7989=DIRECTION('',(-1.,0.,6.66133814775094E-16));
#7990=DIRECTION('',(0.,-1.,0.));
#7991=DIRECTION('',(-1.,0.,6.66133814775094E-16));
#7992=DIRECTION('center_axis',(0.,-1.,0.));
#7993=DIRECTION('ref_axis',(6.66133814775094E-16,0.,1.));
#7994=DIRECTION('',(0.,0.,-1.));
#7995=DIRECTION('',(-1.,0.,6.66133814775094E-16));
#7996=DIRECTION('',(6.66133814775094E-16,0.,1.));
#7997=DIRECTION('center_axis',(0.,1.,0.));
#7998=DIRECTION('ref_axis',(-6.66133814775094E-16,0.,-1.));
#7999=DIRECTION('',(0.,0.,1.));
#8000=DIRECTION('',(-6.66133814775094E-16,0.,-1.));
#8001=DIRECTION('',(-1.,0.,6.66133814775094E-16));
#8002=DIRECTION('center_axis',(6.66133814775094E-16,0.,1.));
#8003=DIRECTION('ref_axis',(0.,1.,0.));
#8004=DIRECTION('',(0.,-1.,0.));
#8005=DIRECTION('',(0.,1.,0.));
#8006=DIRECTION('center_axis',(-1.,0.,6.66133814775094E-16));
#8007=DIRECTION('ref_axis',(6.66133814775094E-16,0.,1.));
#8008=DIRECTION('center_axis',(2.22044604925031E-16,0.,1.));
#8009=DIRECTION('ref_axis',(0.,-1.,0.));
#8010=DIRECTION('',(1.,0.,-2.22044604925031E-16));
#8011=DIRECTION('',(0.,-1.,0.));
#8012=DIRECTION('',(1.,0.,-2.22044604925031E-16));
#8013=DIRECTION('center_axis',(0.,-1.,0.));
#8014=DIRECTION('ref_axis',(-2.22044604925031E-16,0.,-1.));
#8015=DIRECTION('',(1.,0.,-2.22044604925031E-16));
#8016=DIRECTION('',(-2.22044604925031E-16,0.,-1.));
#8017=DIRECTION('center_axis',(0.,1.,0.));
#8018=DIRECTION('ref_axis',(2.22044604925031E-16,0.,1.));
#8019=DIRECTION('',(2.22044604925031E-16,0.,1.));
#8020=DIRECTION('',(1.,0.,-2.22044604925031E-16));
#8021=DIRECTION('center_axis',(-2.22044604925031E-16,0.,-1.));
#8022=DIRECTION('ref_axis',(0.,1.,0.));
#8023=DIRECTION('',(0.,1.,0.));
#8024=DIRECTION('center_axis',(1.,0.,-2.22044604925031E-16));
#8025=DIRECTION('ref_axis',(-2.22044604925031E-16,0.,-1.));
#8026=DIRECTION('center_axis',(-6.66133814775094E-16,0.,-1.));
#8027=DIRECTION('ref_axis',(0.,-1.,0.));
#8028=DIRECTION('',(0.,1.,0.));
#8029=DIRECTION('',(-1.,0.,6.66133814775094E-16));
#8030=DIRECTION('',(0.,-1.,0.));
#8031=DIRECTION('',(1.,0.,-6.66133814775094E-16));
#8032=DIRECTION('center_axis',(0.,-1.,0.));
#8033=DIRECTION('ref_axis',(6.66133814775094E-16,0.,1.));
#8034=DIRECTION('',(0.,0.,-1.));
#8035=DIRECTION('',(-1.,0.,6.66133814775094E-16));
#8036=DIRECTION('',(6.66133814775094E-16,0.,1.));
#8037=DIRECTION('center_axis',(0.,1.,0.));
#8038=DIRECTION('ref_axis',(-6.66133814775094E-16,0.,-1.));
#8039=DIRECTION('',(-6.66133814775094E-16,0.,-1.));
#8040=DIRECTION('',(1.,0.,-6.66133814775094E-16));
#8041=DIRECTION('center_axis',(6.66133814775094E-16,0.,1.));
#8042=DIRECTION('ref_axis',(0.,1.,0.));
#8043=DIRECTION('',(0.,1.,0.));
#8044=DIRECTION('',(0.,-1.,0.));
#8045=DIRECTION('center_axis',(-1.,0.,6.66133814775094E-16));
#8046=DIRECTION('ref_axis',(6.66133814775094E-16,0.,1.));
#8047=DIRECTION('center_axis',(1.,0.,-4.44089209850063E-16));
#8048=DIRECTION('ref_axis',(0.,-1.,0.));
#8049=DIRECTION('',(0.,1.,0.));
#8050=DIRECTION('',(-4.44089209850063E-16,0.,-1.));
#8051=DIRECTION('',(0.,-1.,0.));
#8052=DIRECTION('',(-4.44089209850063E-16,0.,-1.));
#8053=DIRECTION('center_axis',(0.,-1.,0.));
#8054=DIRECTION('ref_axis',(-1.,0.,4.44089209850063E-16));
#8055=DIRECTION('',(1.,0.,0.));
#8056=DIRECTION('',(-4.44089209850063E-16,0.,-1.));
#8057=DIRECTION('',(-1.,0.,4.44089209850063E-16));
#8058=DIRECTION('center_axis',(0.,1.,0.));
#8059=DIRECTION('ref_axis',(1.,0.,-4.44089209850063E-16));
#8060=DIRECTION('',(-1.,0.,0.));
#8061=DIRECTION('',(1.,0.,-4.44089209850063E-16));
#8062=DIRECTION('',(-4.44089209850063E-16,0.,-1.));
#8063=DIRECTION('center_axis',(-1.,0.,4.44089209850063E-16));
#8064=DIRECTION('ref_axis',(0.,1.,0.));
#8065=DIRECTION('',(0.,-1.,0.));
#8066=DIRECTION('',(0.,1.,0.));
#8067=DIRECTION('center_axis',(-4.44089209850063E-16,0.,-1.));
#8068=DIRECTION('ref_axis',(-1.,0.,4.44089209850063E-16));
#8069=DIRECTION('center_axis',(1.,0.,-4.44089209850063E-16));
#8070=DIRECTION('ref_axis',(0.,-1.,0.));
#8071=DIRECTION('',(0.,1.,0.));
#8072=DIRECTION('',(-4.44089209850063E-16,0.,-1.));
#8073=DIRECTION('',(0.,-1.,0.));
#8074=DIRECTION('',(-4.44089209850063E-16,0.,-1.));
#8075=DIRECTION('center_axis',(0.,-1.,0.));
#8076=DIRECTION('ref_axis',(-1.,0.,4.44089209850063E-16));
#8077=DIRECTION('',(1.,0.,0.));
#8078=DIRECTION('',(-4.44089209850063E-16,0.,-1.));
#8079=DIRECTION('',(-1.,0.,4.44089209850063E-16));
#8080=DIRECTION('center_axis',(0.,1.,0.));
#8081=DIRECTION('ref_axis',(1.,0.,-4.44089209850063E-16));
#8082=DIRECTION('',(-1.,0.,0.));
#8083=DIRECTION('',(1.,0.,-4.44089209850063E-16));
#8084=DIRECTION('',(-4.44089209850063E-16,0.,-1.));
#8085=DIRECTION('center_axis',(-1.,0.,4.44089209850063E-16));
#8086=DIRECTION('ref_axis',(0.,1.,0.));
#8087=DIRECTION('',(0.,-1.,0.));
#8088=DIRECTION('',(0.,1.,0.));
#8089=DIRECTION('center_axis',(-4.44089209850063E-16,0.,-1.));
#8090=DIRECTION('ref_axis',(-1.,0.,4.44089209850063E-16));
#8091=DIRECTION('center_axis',(1.,0.,-4.44089209850063E-16));
#8092=DIRECTION('ref_axis',(0.,-1.,0.));
#8093=DIRECTION('',(0.,1.,0.));
#8094=DIRECTION('',(-4.44089209850063E-16,0.,-1.));
#8095=DIRECTION('',(0.,-1.,0.));
#8096=DIRECTION('',(-4.44089209850063E-16,0.,-1.));
#8097=DIRECTION('center_axis',(0.,-1.,0.));
#8098=DIRECTION('ref_axis',(-1.,0.,4.44089209850063E-16));
#8099=DIRECTION('',(1.,0.,0.));
#8100=DIRECTION('',(-4.44089209850063E-16,0.,-1.));
#8101=DIRECTION('',(-1.,0.,4.44089209850063E-16));
#8102=DIRECTION('center_axis',(0.,1.,0.));
#8103=DIRECTION('ref_axis',(1.,0.,-4.44089209850063E-16));
#8104=DIRECTION('',(-1.,0.,0.));
#8105=DIRECTION('',(1.,0.,-4.44089209850063E-16));
#8106=DIRECTION('',(-4.44089209850063E-16,0.,-1.));
#8107=DIRECTION('center_axis',(-1.,0.,4.44089209850063E-16));
#8108=DIRECTION('ref_axis',(0.,1.,0.));
#8109=DIRECTION('',(0.,-1.,0.));
#8110=DIRECTION('',(0.,1.,0.));
#8111=DIRECTION('center_axis',(-4.44089209850063E-16,0.,-1.));
#8112=DIRECTION('ref_axis',(-1.,0.,4.44089209850063E-16));
#8113=DIRECTION('center_axis',(1.,0.,-4.44089209850063E-16));
#8114=DIRECTION('ref_axis',(0.,-1.,0.));
#8115=DIRECTION('',(0.,1.,0.));
#8116=DIRECTION('',(-4.44089209850063E-16,0.,-1.));
#8117=DIRECTION('',(0.,-1.,0.));
#8118=DIRECTION('',(-4.44089209850063E-16,0.,-1.));
#8119=DIRECTION('center_axis',(0.,-1.,0.));
#8120=DIRECTION('ref_axis',(-1.,0.,4.44089209850063E-16));
#8121=DIRECTION('',(1.,0.,0.));
#8122=DIRECTION('',(-4.44089209850063E-16,0.,-1.));
#8123=DIRECTION('',(-1.,0.,4.44089209850063E-16));
#8124=DIRECTION('center_axis',(0.,1.,0.));
#8125=DIRECTION('ref_axis',(1.,0.,-4.44089209850063E-16));
#8126=DIRECTION('',(-1.,0.,0.));
#8127=DIRECTION('',(1.,0.,-4.44089209850063E-16));
#8128=DIRECTION('',(-4.44089209850063E-16,0.,-1.));
#8129=DIRECTION('center_axis',(-1.,0.,4.44089209850063E-16));
#8130=DIRECTION('ref_axis',(0.,1.,0.));
#8131=DIRECTION('',(0.,-1.,0.));
#8132=DIRECTION('',(0.,1.,0.));
#8133=DIRECTION('center_axis',(-4.44089209850063E-16,0.,-1.));
#8134=DIRECTION('ref_axis',(-1.,0.,4.44089209850063E-16));
#8135=DIRECTION('center_axis',(1.,0.,-4.44089209850063E-16));
#8136=DIRECTION('ref_axis',(0.,-1.,0.));
#8137=DIRECTION('',(0.,1.,0.));
#8138=DIRECTION('',(-4.44089209850063E-16,0.,-1.));
#8139=DIRECTION('',(0.,-1.,0.));
#8140=DIRECTION('',(-4.44089209850063E-16,0.,-1.));
#8141=DIRECTION('center_axis',(0.,-1.,0.));
#8142=DIRECTION('ref_axis',(-1.,0.,4.44089209850063E-16));
#8143=DIRECTION('',(1.,0.,0.));
#8144=DIRECTION('',(-4.44089209850063E-16,0.,-1.));
#8145=DIRECTION('',(-1.,0.,4.44089209850063E-16));
#8146=DIRECTION('center_axis',(0.,1.,0.));
#8147=DIRECTION('ref_axis',(1.,0.,-4.44089209850063E-16));
#8148=DIRECTION('',(-1.,0.,0.));
#8149=DIRECTION('',(1.,0.,-4.44089209850063E-16));
#8150=DIRECTION('',(-4.44089209850063E-16,0.,-1.));
#8151=DIRECTION('center_axis',(-1.,0.,4.44089209850063E-16));
#8152=DIRECTION('ref_axis',(0.,1.,0.));
#8153=DIRECTION('',(0.,-1.,0.));
#8154=DIRECTION('',(0.,1.,0.));
#8155=DIRECTION('center_axis',(-4.44089209850063E-16,0.,-1.));
#8156=DIRECTION('ref_axis',(-1.,0.,4.44089209850063E-16));
#8157=DIRECTION('center_axis',(1.,0.,-4.44089209850063E-16));
#8158=DIRECTION('ref_axis',(0.,-1.,0.));
#8159=DIRECTION('',(0.,1.,0.));
#8160=DIRECTION('',(-4.44089209850063E-16,0.,-1.));
#8161=DIRECTION('',(0.,-1.,0.));
#8162=DIRECTION('',(4.44089209850063E-16,0.,1.));
#8163=DIRECTION('center_axis',(0.,-1.,0.));
#8164=DIRECTION('ref_axis',(-1.,0.,4.44089209850063E-16));
#8165=DIRECTION('',(1.,0.,0.));
#8166=DIRECTION('',(-4.44089209850063E-16,0.,-1.));
#8167=DIRECTION('',(-1.,0.,4.44089209850063E-16));
#8168=DIRECTION('center_axis',(0.,1.,0.));
#8169=DIRECTION('ref_axis',(1.,0.,-4.44089209850063E-16));
#8170=DIRECTION('',(1.,0.,-4.44089209850063E-16));
#8171=DIRECTION('',(4.44089209850063E-16,0.,1.));
#8172=DIRECTION('center_axis',(-1.,0.,4.44089209850063E-16));
#8173=DIRECTION('ref_axis',(0.,1.,0.));
#8174=DIRECTION('',(0.,1.,0.));
#8175=DIRECTION('',(0.,-1.,0.));
#8176=DIRECTION('center_axis',(-4.44089209850063E-16,0.,-1.));
#8177=DIRECTION('ref_axis',(-1.,0.,4.44089209850063E-16));
#8178=DIRECTION('center_axis',(1.,0.,-4.44089209850063E-16));
#8179=DIRECTION('ref_axis',(0.,-1.,0.));
#8180=DIRECTION('',(0.,1.,0.));
#8181=DIRECTION('',(-4.44089209850063E-16,0.,-1.));
#8182=DIRECTION('',(0.,-1.,0.));
#8183=DIRECTION('',(-4.44089209850063E-16,0.,-1.));
#8184=DIRECTION('center_axis',(0.,-1.,0.));
#8185=DIRECTION('ref_axis',(-1.,0.,4.44089209850063E-16));
#8186=DIRECTION('',(1.,0.,0.));
#8187=DIRECTION('',(-4.44089209850063E-16,0.,-1.));
#8188=DIRECTION('',(-1.,0.,4.44089209850063E-16));
#8189=DIRECTION('center_axis',(0.,1.,0.));
#8190=DIRECTION('ref_axis',(1.,0.,-4.44089209850063E-16));
#8191=DIRECTION('',(-1.,0.,0.));
#8192=DIRECTION('',(1.,0.,-4.44089209850063E-16));
#8193=DIRECTION('',(-4.44089209850063E-16,0.,-1.));
#8194=DIRECTION('center_axis',(-1.,0.,4.44089209850063E-16));
#8195=DIRECTION('ref_axis',(0.,1.,0.));
#8196=DIRECTION('',(0.,-1.,0.));
#8197=DIRECTION('',(0.,1.,0.));
#8198=DIRECTION('center_axis',(-4.44089209850063E-16,0.,-1.));
#8199=DIRECTION('ref_axis',(-1.,0.,4.44089209850063E-16));
#8200=DIRECTION('center_axis',(1.,0.,-4.44089209850063E-16));
#8201=DIRECTION('ref_axis',(0.,-1.,0.));
#8202=DIRECTION('',(0.,1.,0.));
#8203=DIRECTION('',(-4.44089209850063E-16,0.,-1.));
#8204=DIRECTION('',(0.,-1.,0.));
#8205=DIRECTION('',(-4.44089209850063E-16,0.,-1.));
#8206=DIRECTION('center_axis',(0.,-1.,0.));
#8207=DIRECTION('ref_axis',(-1.,0.,4.44089209850063E-16));
#8208=DIRECTION('',(1.,0.,0.));
#8209=DIRECTION('',(-4.44089209850063E-16,0.,-1.));
#8210=DIRECTION('',(-1.,0.,4.44089209850063E-16));
#8211=DIRECTION('center_axis',(0.,1.,0.));
#8212=DIRECTION('ref_axis',(1.,0.,-4.44089209850063E-16));
#8213=DIRECTION('',(-1.,0.,0.));
#8214=DIRECTION('',(1.,0.,-4.44089209850063E-16));
#8215=DIRECTION('',(-4.44089209850063E-16,0.,-1.));
#8216=DIRECTION('center_axis',(-1.,0.,4.44089209850063E-16));
#8217=DIRECTION('ref_axis',(0.,1.,0.));
#8218=DIRECTION('',(0.,-1.,0.));
#8219=DIRECTION('',(0.,1.,0.));
#8220=DIRECTION('center_axis',(-4.44089209850063E-16,0.,-1.));
#8221=DIRECTION('ref_axis',(-1.,0.,4.44089209850063E-16));
#8222=DIRECTION('center_axis',(1.,0.,-4.44089209850063E-16));
#8223=DIRECTION('ref_axis',(0.,-1.,0.));
#8224=DIRECTION('',(0.,1.,0.));
#8225=DIRECTION('',(-4.44089209850063E-16,0.,-1.));
#8226=DIRECTION('',(0.,-1.,0.));
#8227=DIRECTION('',(-4.44089209850063E-16,0.,-1.));
#8228=DIRECTION('center_axis',(0.,-1.,0.));
#8229=DIRECTION('ref_axis',(-1.,0.,4.44089209850063E-16));
#8230=DIRECTION('',(1.,0.,0.));
#8231=DIRECTION('',(-4.44089209850063E-16,0.,-1.));
#8232=DIRECTION('',(-1.,0.,4.44089209850063E-16));
#8233=DIRECTION('center_axis',(0.,1.,0.));
#8234=DIRECTION('ref_axis',(1.,0.,-4.44089209850063E-16));
#8235=DIRECTION('',(-1.,0.,0.));
#8236=DIRECTION('',(1.,0.,-4.44089209850063E-16));
#8237=DIRECTION('',(-4.44089209850063E-16,0.,-1.));
#8238=DIRECTION('center_axis',(-1.,0.,4.44089209850063E-16));
#8239=DIRECTION('ref_axis',(0.,1.,0.));
#8240=DIRECTION('',(0.,-1.,0.));
#8241=DIRECTION('',(0.,1.,0.));
#8242=DIRECTION('center_axis',(-4.44089209850063E-16,0.,-1.));
#8243=DIRECTION('ref_axis',(-1.,0.,4.44089209850063E-16));
#8244=DIRECTION('center_axis',(1.,0.,-4.44089209850063E-16));
#8245=DIRECTION('ref_axis',(0.,-1.,0.));
#8246=DIRECTION('',(0.,1.,0.));
#8247=DIRECTION('',(-4.44089209850063E-16,0.,-1.));
#8248=DIRECTION('',(0.,-1.,0.));
#8249=DIRECTION('',(-4.44089209850063E-16,0.,-1.));
#8250=DIRECTION('center_axis',(0.,-1.,0.));
#8251=DIRECTION('ref_axis',(-1.,0.,4.44089209850063E-16));
#8252=DIRECTION('',(1.,0.,0.));
#8253=DIRECTION('',(-4.44089209850063E-16,0.,-1.));
#8254=DIRECTION('',(-1.,0.,4.44089209850063E-16));
#8255=DIRECTION('center_axis',(0.,1.,0.));
#8256=DIRECTION('ref_axis',(1.,0.,-4.44089209850063E-16));
#8257=DIRECTION('',(-1.,0.,0.));
#8258=DIRECTION('',(1.,0.,-4.44089209850063E-16));
#8259=DIRECTION('',(-4.44089209850063E-16,0.,-1.));
#8260=DIRECTION('center_axis',(-1.,0.,4.44089209850063E-16));
#8261=DIRECTION('ref_axis',(0.,1.,0.));
#8262=DIRECTION('',(0.,-1.,0.));
#8263=DIRECTION('',(0.,1.,0.));
#8264=DIRECTION('center_axis',(-4.44089209850063E-16,0.,-1.));
#8265=DIRECTION('ref_axis',(-1.,0.,4.44089209850063E-16));
#8266=DIRECTION('center_axis',(1.,0.,-4.44089209850063E-16));
#8267=DIRECTION('ref_axis',(0.,-1.,0.));
#8268=DIRECTION('',(0.,1.,0.));
#8269=DIRECTION('',(-4.44089209850063E-16,0.,-1.));
#8270=DIRECTION('',(0.,-1.,0.));
#8271=DIRECTION('',(4.44089209850063E-16,0.,1.));
#8272=DIRECTION('center_axis',(0.,-1.,0.));
#8273=DIRECTION('ref_axis',(-1.,0.,4.44089209850063E-16));
#8274=DIRECTION('',(1.,0.,0.));
#8275=DIRECTION('',(-4.44089209850063E-16,0.,-1.));
#8276=DIRECTION('',(-1.,0.,4.44089209850063E-16));
#8277=DIRECTION('center_axis',(0.,1.,0.));
#8278=DIRECTION('ref_axis',(1.,0.,-4.44089209850063E-16));
#8279=DIRECTION('',(1.,0.,-4.44089209850063E-16));
#8280=DIRECTION('',(4.44089209850063E-16,0.,1.));
#8281=DIRECTION('center_axis',(-1.,0.,4.44089209850063E-16));
#8282=DIRECTION('ref_axis',(0.,1.,0.));
#8283=DIRECTION('',(0.,1.,0.));
#8284=DIRECTION('',(0.,-1.,0.));
#8285=DIRECTION('center_axis',(-4.44089209850063E-16,0.,-1.));
#8286=DIRECTION('ref_axis',(-1.,0.,4.44089209850063E-16));
#8287=DIRECTION('center_axis',(1.,0.,-4.44089209850063E-16));
#8288=DIRECTION('ref_axis',(0.,-1.,0.));
#8289=DIRECTION('',(0.,1.,0.));
#8290=DIRECTION('',(-4.44089209850063E-16,0.,-1.));
#8291=DIRECTION('',(0.,-1.,0.));
#8292=DIRECTION('',(-4.44089209850063E-16,0.,-1.));
#8293=DIRECTION('center_axis',(0.,-1.,0.));
#8294=DIRECTION('ref_axis',(-1.,0.,4.44089209850063E-16));
#8295=DIRECTION('',(1.,0.,0.));
#8296=DIRECTION('',(-4.44089209850063E-16,0.,-1.));
#8297=DIRECTION('',(-1.,0.,4.44089209850063E-16));
#8298=DIRECTION('center_axis',(0.,1.,0.));
#8299=DIRECTION('ref_axis',(1.,0.,-4.44089209850063E-16));
#8300=DIRECTION('',(-1.,0.,0.));
#8301=DIRECTION('',(1.,0.,-4.44089209850063E-16));
#8302=DIRECTION('',(-4.44089209850063E-16,0.,-1.));
#8303=DIRECTION('center_axis',(-1.,0.,4.44089209850063E-16));
#8304=DIRECTION('ref_axis',(0.,1.,0.));
#8305=DIRECTION('',(0.,-1.,0.));
#8306=DIRECTION('',(0.,1.,0.));
#8307=DIRECTION('center_axis',(-4.44089209850063E-16,0.,-1.));
#8308=DIRECTION('ref_axis',(-1.,0.,4.44089209850063E-16));
#8309=DIRECTION('center_axis',(1.,0.,-4.44089209850063E-16));
#8310=DIRECTION('ref_axis',(0.,-1.,0.));
#8311=DIRECTION('',(0.,1.,0.));
#8312=DIRECTION('',(-4.44089209850063E-16,0.,-1.));
#8313=DIRECTION('',(0.,-1.,0.));
#8314=DIRECTION('',(-4.44089209850063E-16,0.,-1.));
#8315=DIRECTION('center_axis',(0.,-1.,0.));
#8316=DIRECTION('ref_axis',(-1.,0.,4.44089209850063E-16));
#8317=DIRECTION('',(1.,0.,0.));
#8318=DIRECTION('',(-4.44089209850063E-16,0.,-1.));
#8319=DIRECTION('',(-1.,0.,4.44089209850063E-16));
#8320=DIRECTION('center_axis',(0.,1.,0.));
#8321=DIRECTION('ref_axis',(1.,0.,-4.44089209850063E-16));
#8322=DIRECTION('',(-1.,0.,0.));
#8323=DIRECTION('',(1.,0.,-4.44089209850063E-16));
#8324=DIRECTION('',(-4.44089209850063E-16,0.,-1.));
#8325=DIRECTION('center_axis',(-1.,0.,4.44089209850063E-16));
#8326=DIRECTION('ref_axis',(0.,1.,0.));
#8327=DIRECTION('',(0.,-1.,0.));
#8328=DIRECTION('',(0.,1.,0.));
#8329=DIRECTION('center_axis',(-4.44089209850063E-16,0.,-1.));
#8330=DIRECTION('ref_axis',(-1.,0.,4.44089209850063E-16));
#8331=DIRECTION('center_axis',(1.,0.,-4.44089209850063E-16));
#8332=DIRECTION('ref_axis',(0.,-1.,0.));
#8333=DIRECTION('',(0.,1.,0.));
#8334=DIRECTION('',(-4.44089209850063E-16,0.,-1.));
#8335=DIRECTION('',(0.,-1.,0.));
#8336=DIRECTION('',(-4.44089209850063E-16,0.,-1.));
#8337=DIRECTION('center_axis',(0.,-1.,0.));
#8338=DIRECTION('ref_axis',(-1.,0.,4.44089209850063E-16));
#8339=DIRECTION('',(1.,0.,0.));
#8340=DIRECTION('',(-4.44089209850063E-16,0.,-1.));
#8341=DIRECTION('',(-1.,0.,4.44089209850063E-16));
#8342=DIRECTION('center_axis',(0.,1.,0.));
#8343=DIRECTION('ref_axis',(1.,0.,-4.44089209850063E-16));
#8344=DIRECTION('',(-1.,0.,0.));
#8345=DIRECTION('',(1.,0.,-4.44089209850063E-16));
#8346=DIRECTION('',(-4.44089209850063E-16,0.,-1.));
#8347=DIRECTION('center_axis',(-1.,0.,4.44089209850063E-16));
#8348=DIRECTION('ref_axis',(0.,1.,0.));
#8349=DIRECTION('',(0.,-1.,0.));
#8350=DIRECTION('',(0.,1.,0.));
#8351=DIRECTION('center_axis',(-4.44089209850063E-16,0.,-1.));
#8352=DIRECTION('ref_axis',(-1.,0.,4.44089209850063E-16));
#8353=DIRECTION('center_axis',(1.,0.,-4.44089209850063E-16));
#8354=DIRECTION('ref_axis',(0.,-1.,0.));
#8355=DIRECTION('',(0.,1.,0.));
#8356=DIRECTION('',(-4.44089209850063E-16,0.,-1.));
#8357=DIRECTION('',(0.,-1.,0.));
#8358=DIRECTION('',(4.44089209850063E-16,0.,1.));
#8359=DIRECTION('center_axis',(0.,-1.,0.));
#8360=DIRECTION('ref_axis',(-1.,0.,4.44089209850063E-16));
#8361=DIRECTION('',(1.,0.,0.));
#8362=DIRECTION('',(-4.44089209850063E-16,0.,-1.));
#8363=DIRECTION('',(-1.,0.,4.44089209850063E-16));
#8364=DIRECTION('center_axis',(0.,1.,0.));
#8365=DIRECTION('ref_axis',(1.,0.,-4.44089209850063E-16));
#8366=DIRECTION('',(1.,0.,-4.44089209850063E-16));
#8367=DIRECTION('',(4.44089209850063E-16,0.,1.));
#8368=DIRECTION('center_axis',(-1.,0.,4.44089209850063E-16));
#8369=DIRECTION('ref_axis',(0.,1.,0.));
#8370=DIRECTION('',(0.,1.,0.));
#8371=DIRECTION('',(0.,-1.,0.));
#8372=DIRECTION('center_axis',(-4.44089209850063E-16,0.,-1.));
#8373=DIRECTION('ref_axis',(-1.,0.,4.44089209850063E-16));
#8374=DIRECTION('center_axis',(1.,0.,-4.44089209850063E-16));
#8375=DIRECTION('ref_axis',(0.,-1.,0.));
#8376=DIRECTION('',(0.,1.,0.));
#8377=DIRECTION('',(-4.44089209850063E-16,0.,-1.));
#8378=DIRECTION('',(0.,-1.,0.));
#8379=DIRECTION('',(-4.44089209850063E-16,0.,-1.));
#8380=DIRECTION('center_axis',(0.,-1.,0.));
#8381=DIRECTION('ref_axis',(-1.,0.,4.44089209850063E-16));
#8382=DIRECTION('',(1.,0.,0.));
#8383=DIRECTION('',(-4.44089209850063E-16,0.,-1.));
#8384=DIRECTION('',(-1.,0.,4.44089209850063E-16));
#8385=DIRECTION('center_axis',(0.,1.,0.));
#8386=DIRECTION('ref_axis',(1.,0.,-4.44089209850063E-16));
#8387=DIRECTION('',(-1.,0.,0.));
#8388=DIRECTION('',(1.,0.,-4.44089209850063E-16));
#8389=DIRECTION('',(-4.44089209850063E-16,0.,-1.));
#8390=DIRECTION('center_axis',(-1.,0.,4.44089209850063E-16));
#8391=DIRECTION('ref_axis',(0.,1.,0.));
#8392=DIRECTION('',(0.,-1.,0.));
#8393=DIRECTION('',(0.,1.,0.));
#8394=DIRECTION('center_axis',(-4.44089209850063E-16,0.,-1.));
#8395=DIRECTION('ref_axis',(-1.,0.,4.44089209850063E-16));
#8396=DIRECTION('center_axis',(1.,0.,-4.44089209850063E-16));
#8397=DIRECTION('ref_axis',(0.,-1.,0.));
#8398=DIRECTION('',(0.,1.,0.));
#8399=DIRECTION('',(-4.44089209850063E-16,0.,-1.));
#8400=DIRECTION('',(0.,-1.,0.));
#8401=DIRECTION('',(-4.44089209850063E-16,0.,-1.));
#8402=DIRECTION('center_axis',(0.,-1.,0.));
#8403=DIRECTION('ref_axis',(-1.,0.,4.44089209850063E-16));
#8404=DIRECTION('',(1.,0.,0.));
#8405=DIRECTION('',(-4.44089209850063E-16,0.,-1.));
#8406=DIRECTION('',(-1.,0.,4.44089209850063E-16));
#8407=DIRECTION('center_axis',(0.,1.,0.));
#8408=DIRECTION('ref_axis',(1.,0.,-4.44089209850063E-16));
#8409=DIRECTION('',(-1.,0.,0.));
#8410=DIRECTION('',(1.,0.,-4.44089209850063E-16));
#8411=DIRECTION('',(-4.44089209850063E-16,0.,-1.));
#8412=DIRECTION('center_axis',(-1.,0.,4.44089209850063E-16));
#8413=DIRECTION('ref_axis',(0.,1.,0.));
#8414=DIRECTION('',(0.,-1.,0.));
#8415=DIRECTION('',(0.,1.,0.));
#8416=DIRECTION('center_axis',(-4.44089209850063E-16,0.,-1.));
#8417=DIRECTION('ref_axis',(-1.,0.,4.44089209850063E-16));
#8418=DIRECTION('center_axis',(1.,0.,-4.44089209850063E-16));
#8419=DIRECTION('ref_axis',(0.,-1.,0.));
#8420=DIRECTION('',(0.,1.,0.));
#8421=DIRECTION('',(-4.44089209850063E-16,0.,-1.));
#8422=DIRECTION('',(0.,-1.,0.));
#8423=DIRECTION('',(-4.44089209850063E-16,0.,-1.));
#8424=DIRECTION('center_axis',(0.,-1.,0.));
#8425=DIRECTION('ref_axis',(-1.,0.,4.44089209850063E-16));
#8426=DIRECTION('',(1.,0.,0.));
#8427=DIRECTION('',(-4.44089209850063E-16,0.,-1.));
#8428=DIRECTION('',(-1.,0.,4.44089209850063E-16));
#8429=DIRECTION('center_axis',(0.,1.,0.));
#8430=DIRECTION('ref_axis',(1.,0.,-4.44089209850063E-16));
#8431=DIRECTION('',(-1.,0.,0.));
#8432=DIRECTION('',(1.,0.,-4.44089209850063E-16));
#8433=DIRECTION('',(-4.44089209850063E-16,0.,-1.));
#8434=DIRECTION('center_axis',(-1.,0.,4.44089209850063E-16));
#8435=DIRECTION('ref_axis',(0.,1.,0.));
#8436=DIRECTION('',(0.,-1.,0.));
#8437=DIRECTION('',(0.,1.,0.));
#8438=DIRECTION('center_axis',(-4.44089209850063E-16,0.,-1.));
#8439=DIRECTION('ref_axis',(-1.,0.,4.44089209850063E-16));
#8440=DIRECTION('center_axis',(1.,0.,-4.44089209850063E-16));
#8441=DIRECTION('ref_axis',(0.,-1.,0.));
#8442=DIRECTION('',(0.,1.,0.));
#8443=DIRECTION('',(-4.44089209850063E-16,0.,-1.));
#8444=DIRECTION('',(0.,-1.,0.));
#8445=DIRECTION('',(-4.44089209850063E-16,0.,-1.));
#8446=DIRECTION('center_axis',(0.,-1.,0.));
#8447=DIRECTION('ref_axis',(-1.,0.,4.44089209850063E-16));
#8448=DIRECTION('',(1.,0.,0.));
#8449=DIRECTION('',(-4.44089209850063E-16,0.,-1.));
#8450=DIRECTION('',(-1.,0.,4.44089209850063E-16));
#8451=DIRECTION('center_axis',(0.,1.,0.));
#8452=DIRECTION('ref_axis',(1.,0.,-4.44089209850063E-16));
#8453=DIRECTION('',(-1.,0.,0.));
#8454=DIRECTION('',(1.,0.,-4.44089209850063E-16));
#8455=DIRECTION('',(-4.44089209850063E-16,0.,-1.));
#8456=DIRECTION('center_axis',(-1.,0.,4.44089209850063E-16));
#8457=DIRECTION('ref_axis',(0.,1.,0.));
#8458=DIRECTION('',(0.,-1.,0.));
#8459=DIRECTION('',(0.,1.,0.));
#8460=DIRECTION('center_axis',(-4.44089209850063E-16,0.,-1.));
#8461=DIRECTION('ref_axis',(-1.,0.,4.44089209850063E-16));
#8462=DIRECTION('center_axis',(-1.,0.,4.44089209850063E-16));
#8463=DIRECTION('ref_axis',(0.,1.,0.));
#8464=DIRECTION('',(-4.44089209850063E-16,0.,-1.));
#8465=DIRECTION('',(0.,-1.,0.));
#8466=DIRECTION('',(-4.44089209850063E-16,0.,-1.));
#8467=DIRECTION('center_axis',(0.,-1.,0.));
#8468=DIRECTION('ref_axis',(-1.,0.,4.44089209850063E-16));
#8469=DIRECTION('',(-4.44089209850063E-16,0.,-1.));
#8470=DIRECTION('',(1.,0.,-4.44089209850063E-16));
#8471=DIRECTION('center_axis',(1.,0.,-4.44089209850063E-16));
#8472=DIRECTION('ref_axis',(0.,-1.,0.));
#8473=DIRECTION('',(-4.44089209850063E-16,0.,-1.));
#8474=DIRECTION('',(0.,1.,0.));
#8475=DIRECTION('center_axis',(0.,1.,0.));
#8476=DIRECTION('ref_axis',(1.,0.,-4.44089209850063E-16));
#8477=DIRECTION('',(-1.,0.,4.44089209850063E-16));
#8478=DIRECTION('center_axis',(-4.44089209850063E-16,0.,-1.));
#8479=DIRECTION('ref_axis',(-1.,0.,4.44089209850063E-16));
#8480=DIRECTION('center_axis',(1.,0.,-4.44089209850063E-16));
#8481=DIRECTION('ref_axis',(0.,-1.,0.));
#8482=DIRECTION('',(0.,1.,0.));
#8483=DIRECTION('',(-4.44089209850063E-16,0.,-1.));
#8484=DIRECTION('',(0.,-1.,0.));
#8485=DIRECTION('',(4.44089209850063E-16,0.,1.));
#8486=DIRECTION('center_axis',(0.,-1.,0.));
#8487=DIRECTION('ref_axis',(-1.,0.,4.44089209850063E-16));
#8488=DIRECTION('',(1.,0.,0.));
#8489=DIRECTION('',(-4.44089209850063E-16,0.,-1.));
#8490=DIRECTION('',(-1.,0.,4.44089209850063E-16));
#8491=DIRECTION('center_axis',(0.,1.,0.));
#8492=DIRECTION('ref_axis',(1.,0.,-4.44089209850063E-16));
#8493=DIRECTION('',(1.,0.,-4.44089209850063E-16));
#8494=DIRECTION('',(4.44089209850063E-16,0.,1.));
#8495=DIRECTION('center_axis',(-1.,0.,4.44089209850063E-16));
#8496=DIRECTION('ref_axis',(0.,1.,0.));
#8497=DIRECTION('',(0.,1.,0.));
#8498=DIRECTION('',(0.,-1.,0.));
#8499=DIRECTION('center_axis',(-4.44089209850063E-16,0.,-1.));
#8500=DIRECTION('ref_axis',(-1.,0.,4.44089209850063E-16));
#8501=DIRECTION('center_axis',(1.,0.,-4.44089209850063E-16));
#8502=DIRECTION('ref_axis',(0.,-1.,0.));
#8503=DIRECTION('',(0.,1.,0.));
#8504=DIRECTION('',(-4.44089209850063E-16,0.,-1.));
#8505=DIRECTION('',(0.,-1.,0.));
#8506=DIRECTION('',(-4.44089209850063E-16,0.,-1.));
#8507=DIRECTION('center_axis',(0.,-1.,0.));
#8508=DIRECTION('ref_axis',(-1.,0.,4.44089209850063E-16));
#8509=DIRECTION('',(1.,0.,0.));
#8510=DIRECTION('',(-4.44089209850063E-16,0.,-1.));
#8511=DIRECTION('',(-1.,0.,4.44089209850063E-16));
#8512=DIRECTION('center_axis',(0.,1.,0.));
#8513=DIRECTION('ref_axis',(1.,0.,-4.44089209850063E-16));
#8514=DIRECTION('',(-1.,0.,0.));
#8515=DIRECTION('',(1.,0.,-4.44089209850063E-16));
#8516=DIRECTION('',(-4.44089209850063E-16,0.,-1.));
#8517=DIRECTION('center_axis',(-1.,0.,4.44089209850063E-16));
#8518=DIRECTION('ref_axis',(0.,1.,0.));
#8519=DIRECTION('',(0.,-1.,0.));
#8520=DIRECTION('',(0.,1.,0.));
#8521=DIRECTION('center_axis',(-4.44089209850063E-16,0.,-1.));
#8522=DIRECTION('ref_axis',(-1.,0.,4.44089209850063E-16));
#8523=DIRECTION('center_axis',(1.,0.,-4.44089209850063E-16));
#8524=DIRECTION('ref_axis',(0.,-1.,0.));
#8525=DIRECTION('',(0.,1.,0.));
#8526=DIRECTION('',(-4.44089209850063E-16,0.,-1.));
#8527=DIRECTION('',(0.,-1.,0.));
#8528=DIRECTION('',(-4.44089209850063E-16,0.,-1.));
#8529=DIRECTION('center_axis',(0.,-1.,0.));
#8530=DIRECTION('ref_axis',(-1.,0.,4.44089209850063E-16));
#8531=DIRECTION('',(1.,0.,0.));
#8532=DIRECTION('',(-4.44089209850063E-16,0.,-1.));
#8533=DIRECTION('',(-1.,0.,4.44089209850063E-16));
#8534=DIRECTION('center_axis',(0.,1.,0.));
#8535=DIRECTION('ref_axis',(1.,0.,-4.44089209850063E-16));
#8536=DIRECTION('',(-1.,0.,0.));
#8537=DIRECTION('',(1.,0.,-4.44089209850063E-16));
#8538=DIRECTION('',(-4.44089209850063E-16,0.,-1.));
#8539=DIRECTION('center_axis',(-1.,0.,4.44089209850063E-16));
#8540=DIRECTION('ref_axis',(0.,1.,0.));
#8541=DIRECTION('',(0.,-1.,0.));
#8542=DIRECTION('',(0.,1.,0.));
#8543=DIRECTION('center_axis',(-4.44089209850063E-16,0.,-1.));
#8544=DIRECTION('ref_axis',(-1.,0.,4.44089209850063E-16));
#8545=DIRECTION('center_axis',(2.22044604925031E-16,0.,1.));
#8546=DIRECTION('ref_axis',(0.,-1.,0.));
#8547=DIRECTION('',(1.,0.,-2.22044604925031E-16));
#8548=DIRECTION('',(0.,-1.,0.));
#8549=DIRECTION('',(1.,0.,-2.22044604925031E-16));
#8550=DIRECTION('center_axis',(0.,-1.,0.));
#8551=DIRECTION('ref_axis',(-2.22044604925031E-16,0.,-1.));
#8552=DIRECTION('',(1.,0.,-2.22044604925031E-16));
#8553=DIRECTION('',(-2.22044604925031E-16,0.,-1.));
#8554=DIRECTION('center_axis',(0.,1.,0.));
#8555=DIRECTION('ref_axis',(2.22044604925031E-16,0.,1.));
#8556=DIRECTION('',(2.22044604925031E-16,0.,1.));
#8557=DIRECTION('',(1.,0.,-2.22044604925031E-16));
#8558=DIRECTION('center_axis',(-2.22044604925031E-16,0.,-1.));
#8559=DIRECTION('ref_axis',(0.,1.,0.));
#8560=DIRECTION('',(0.,1.,0.));
#8561=DIRECTION('center_axis',(1.,0.,-2.22044604925031E-16));
#8562=DIRECTION('ref_axis',(-2.22044604925031E-16,0.,-1.));
#8563=DIRECTION('center_axis',(2.22044604925031E-16,0.,1.));
#8564=DIRECTION('ref_axis',(0.,-1.,0.));
#8565=DIRECTION('',(1.,0.,-2.22044604925031E-16));
#8566=DIRECTION('',(0.,-1.,0.));
#8567=DIRECTION('',(1.,0.,-2.22044604925031E-16));
#8568=DIRECTION('center_axis',(0.,-1.,0.));
#8569=DIRECTION('ref_axis',(-2.22044604925031E-16,0.,-1.));
#8570=DIRECTION('',(1.,0.,-2.22044604925031E-16));
#8571=DIRECTION('',(-2.22044604925031E-16,0.,-1.));
#8572=DIRECTION('center_axis',(0.,1.,0.));
#8573=DIRECTION('ref_axis',(2.22044604925031E-16,0.,1.));
#8574=DIRECTION('',(2.22044604925031E-16,0.,1.));
#8575=DIRECTION('',(1.,0.,-2.22044604925031E-16));
#8576=DIRECTION('center_axis',(-2.22044604925031E-16,0.,-1.));
#8577=DIRECTION('ref_axis',(0.,1.,0.));
#8578=DIRECTION('',(0.,1.,0.));
#8579=DIRECTION('center_axis',(1.,0.,-2.22044604925031E-16));
#8580=DIRECTION('ref_axis',(-2.22044604925031E-16,0.,-1.));
#8581=DIRECTION('center_axis',(2.22044604925031E-16,0.,1.));
#8582=DIRECTION('ref_axis',(0.,-1.,0.));
#8583=DIRECTION('',(1.,0.,-2.22044604925031E-16));
#8584=DIRECTION('',(0.,-1.,0.));
#8585=DIRECTION('',(1.,0.,-2.22044604925031E-16));
#8586=DIRECTION('center_axis',(0.,-1.,0.));
#8587=DIRECTION('ref_axis',(-2.22044604925031E-16,0.,-1.));
#8588=DIRECTION('',(1.,0.,-2.22044604925031E-16));
#8589=DIRECTION('',(-2.22044604925031E-16,0.,-1.));
#8590=DIRECTION('center_axis',(0.,1.,0.));
#8591=DIRECTION('ref_axis',(2.22044604925031E-16,0.,1.));
#8592=DIRECTION('',(2.22044604925031E-16,0.,1.));
#8593=DIRECTION('',(1.,0.,-2.22044604925031E-16));
#8594=DIRECTION('center_axis',(-2.22044604925031E-16,0.,-1.));
#8595=DIRECTION('ref_axis',(0.,1.,0.));
#8596=DIRECTION('',(0.,1.,0.));
#8597=DIRECTION('center_axis',(1.,0.,-2.22044604925031E-16));
#8598=DIRECTION('ref_axis',(-2.22044604925031E-16,0.,-1.));
#8599=DIRECTION('center_axis',(1.,0.,-4.44089209850063E-16));
#8600=DIRECTION('ref_axis',(0.,-1.,0.));
#8601=DIRECTION('',(0.,1.,0.));
#8602=DIRECTION('',(-4.44089209850063E-16,0.,-1.));
#8603=DIRECTION('',(0.,-1.,0.));
#8604=DIRECTION('',(-4.44089209850063E-16,0.,-1.));
#8605=DIRECTION('center_axis',(0.,-1.,0.));
#8606=DIRECTION('ref_axis',(-1.,0.,4.44089209850063E-16));
#8607=DIRECTION('',(1.,0.,0.));
#8608=DIRECTION('',(-4.44089209850063E-16,0.,-1.));
#8609=DIRECTION('',(-1.,0.,4.44089209850063E-16));
#8610=DIRECTION('center_axis',(0.,1.,0.));
#8611=DIRECTION('ref_axis',(1.,0.,-4.44089209850063E-16));
#8612=DIRECTION('',(-1.,0.,0.));
#8613=DIRECTION('',(1.,0.,-4.44089209850063E-16));
#8614=DIRECTION('',(-4.44089209850063E-16,0.,-1.));
#8615=DIRECTION('center_axis',(-1.,0.,4.44089209850063E-16));
#8616=DIRECTION('ref_axis',(0.,1.,0.));
#8617=DIRECTION('',(0.,-1.,0.));
#8618=DIRECTION('',(0.,1.,0.));
#8619=DIRECTION('center_axis',(-4.44089209850063E-16,0.,-1.));
#8620=DIRECTION('ref_axis',(-1.,0.,4.44089209850063E-16));
#8621=DIRECTION('center_axis',(-2.22044604925031E-16,0.,-1.));
#8622=DIRECTION('ref_axis',(0.,1.,0.));
#8623=DIRECTION('',(1.,0.,-2.22044604925031E-16));
#8624=DIRECTION('',(0.,1.,0.));
#8625=DIRECTION('',(1.,0.,-2.22044604925031E-16));
#8626=DIRECTION('center_axis',(0.,-1.,0.));
#8627=DIRECTION('ref_axis',(-2.22044604925031E-16,0.,-1.));
#8628=DIRECTION('',(-2.22044604925031E-16,0.,-1.));
#8629=DIRECTION('',(1.,0.,-2.22044604925031E-16));
#8630=DIRECTION('center_axis',(1.,0.,-2.22044604925031E-16));
#8631=DIRECTION('ref_axis',(-2.22044604925031E-16,0.,-1.));
#8632=DIRECTION('',(2.22044604925031E-16,0.,1.));
#8633=DIRECTION('',(0.,-1.,0.));
#8634=DIRECTION('center_axis',(0.,1.,0.));
#8635=DIRECTION('ref_axis',(2.22044604925031E-16,0.,1.));
#8636=DIRECTION('',(1.,0.,-2.22044604925031E-16));
#8637=DIRECTION('center_axis',(2.22044604925031E-16,0.,1.));
#8638=DIRECTION('ref_axis',(0.,-1.,0.));
#8639=DIRECTION('',(1.,0.,-2.22044604925031E-16));
#8640=DIRECTION('',(0.,-1.,0.));
#8641=DIRECTION('',(1.,0.,-2.22044604925031E-16));
#8642=DIRECTION('center_axis',(0.,-1.,0.));
#8643=DIRECTION('ref_axis',(-2.22044604925031E-16,0.,-1.));
#8644=DIRECTION('',(1.,0.,-2.22044604925031E-16));
#8645=DIRECTION('',(-2.22044604925031E-16,0.,-1.));
#8646=DIRECTION('center_axis',(0.,1.,0.));
#8647=DIRECTION('ref_axis',(2.22044604925031E-16,0.,1.));
#8648=DIRECTION('',(2.22044604925031E-16,0.,1.));
#8649=DIRECTION('',(1.,0.,-2.22044604925031E-16));
#8650=DIRECTION('center_axis',(-2.22044604925031E-16,0.,-1.));
#8651=DIRECTION('ref_axis',(0.,1.,0.));
#8652=DIRECTION('',(0.,1.,0.));
#8653=DIRECTION('center_axis',(1.,0.,-2.22044604925031E-16));
#8654=DIRECTION('ref_axis',(-2.22044604925031E-16,0.,-1.));
#8655=DIRECTION('center_axis',(2.22044604925031E-16,0.,1.));
#8656=DIRECTION('ref_axis',(0.,-1.,0.));
#8657=DIRECTION('center_axis',(2.22044604925031E-16,0.,1.));
#8658=DIRECTION('ref_axis',(0.,-1.,0.));
#8659=DIRECTION('',(1.,0.,-2.22044604925031E-16));
#8660=DIRECTION('',(0.,-1.,0.));
#8661=DIRECTION('',(1.,0.,-2.22044604925031E-16));
#8662=DIRECTION('center_axis',(0.,-1.,0.));
#8663=DIRECTION('ref_axis',(-2.22044604925031E-16,0.,-1.));
#8664=DIRECTION('',(1.,0.,-2.22044604925031E-16));
#8665=DIRECTION('',(-2.22044604925031E-16,0.,-1.));
#8666=DIRECTION('center_axis',(0.,1.,0.));
#8667=DIRECTION('ref_axis',(2.22044604925031E-16,0.,1.));
#8668=DIRECTION('',(2.22044604925031E-16,0.,1.));
#8669=DIRECTION('',(1.,0.,-2.22044604925031E-16));
#8670=DIRECTION('center_axis',(-2.22044604925031E-16,0.,-1.));
#8671=DIRECTION('ref_axis',(0.,1.,0.));
#8672=DIRECTION('',(0.,1.,0.));
#8673=DIRECTION('center_axis',(1.,0.,-2.22044604925031E-16));
#8674=DIRECTION('ref_axis',(-2.22044604925031E-16,0.,-1.));
#8675=DIRECTION('center_axis',(0.,-1.,0.));
#8676=DIRECTION('ref_axis',(1.,0.,0.));
#8677=DIRECTION('',(-1.,0.,0.));
#8678=DIRECTION('',(0.,0.,1.));
#8679=DIRECTION('',(1.,0.,0.));
#8680=DIRECTION('',(0.,0.,1.));
#8681=DIRECTION('center_axis',(-1.,0.,0.));
#8682=DIRECTION('ref_axis',(0.,-1.,0.));
#8683=DIRECTION('',(0.,1.,0.));
#8684=DIRECTION('',(0.,-1.,0.));
#8685=DIRECTION('',(0.,0.,1.));
#8686=DIRECTION('center_axis',(0.,1.,0.));
#8687=DIRECTION('ref_axis',(-1.,0.,0.));
#8688=DIRECTION('',(1.,0.,0.));
#8689=DIRECTION('',(-1.,0.,0.));
#8690=DIRECTION('',(0.,0.,1.));
#8691=DIRECTION('center_axis',(1.,0.,0.));
#8692=DIRECTION('ref_axis',(0.,1.,0.));
#8693=DIRECTION('',(0.,-1.,0.));
#8694=DIRECTION('',(0.,1.,0.));
#8695=DIRECTION('center_axis',(0.,0.,1.));
#8696=DIRECTION('ref_axis',(1.,0.,0.));
#8697=DIRECTION('center_axis',(0.,-1.,0.));
#8698=DIRECTION('ref_axis',(1.,0.,0.));
#8699=DIRECTION('',(-1.,0.,0.));
#8700=DIRECTION('',(0.,0.,1.));
#8701=DIRECTION('',(1.,0.,0.));
#8702=DIRECTION('',(0.,0.,1.));
#8703=DIRECTION('center_axis',(-1.,0.,0.));
#8704=DIRECTION('ref_axis',(0.,-1.,0.));
#8705=DIRECTION('',(0.,1.,0.));
#8706=DIRECTION('',(0.,-1.,0.));
#8707=DIRECTION('',(0.,0.,1.));
#8708=DIRECTION('center_axis',(0.,1.,0.));
#8709=DIRECTION('ref_axis',(-1.,0.,0.));
#8710=DIRECTION('',(1.,0.,0.));
#8711=DIRECTION('',(-1.,0.,0.));
#8712=DIRECTION('',(0.,0.,1.));
#8713=DIRECTION('center_axis',(1.,0.,0.));
#8714=DIRECTION('ref_axis',(0.,1.,0.));
#8715=DIRECTION('',(0.,-1.,0.));
#8716=DIRECTION('',(0.,1.,0.));
#8717=DIRECTION('center_axis',(0.,0.,1.));
#8718=DIRECTION('ref_axis',(1.,0.,0.));
#8719=DIRECTION('center_axis',(0.,-1.,0.));
#8720=DIRECTION('ref_axis',(1.,0.,0.));
#8721=DIRECTION('',(-1.,0.,0.));
#8722=DIRECTION('',(0.,0.,1.));
#8723=DIRECTION('',(1.,0.,0.));
#8724=DIRECTION('',(0.,0.,1.));
#8725=DIRECTION('center_axis',(-1.,0.,0.));
#8726=DIRECTION('ref_axis',(0.,-1.,0.));
#8727=DIRECTION('',(0.,1.,0.));
#8728=DIRECTION('',(0.,-1.,0.));
#8729=DIRECTION('',(0.,0.,1.));
#8730=DIRECTION('center_axis',(0.,1.,0.));
#8731=DIRECTION('ref_axis',(-1.,0.,0.));
#8732=DIRECTION('',(1.,0.,0.));
#8733=DIRECTION('',(-1.,0.,0.));
#8734=DIRECTION('',(0.,0.,1.));
#8735=DIRECTION('center_axis',(1.,0.,0.));
#8736=DIRECTION('ref_axis',(0.,1.,0.));
#8737=DIRECTION('',(0.,-1.,0.));
#8738=DIRECTION('',(0.,1.,0.));
#8739=DIRECTION('center_axis',(0.,0.,1.));
#8740=DIRECTION('ref_axis',(1.,0.,0.));
#8741=DIRECTION('center_axis',(0.,-1.,0.));
#8742=DIRECTION('ref_axis',(1.,0.,0.));
#8743=DIRECTION('',(-1.,0.,0.));
#8744=DIRECTION('',(0.,0.,1.));
#8745=DIRECTION('',(1.,0.,0.));
#8746=DIRECTION('',(0.,0.,1.));
#8747=DIRECTION('center_axis',(-1.,0.,0.));
#8748=DIRECTION('ref_axis',(0.,-1.,0.));
#8749=DIRECTION('',(0.,1.,0.));
#8750=DIRECTION('',(0.,-1.,0.));
#8751=DIRECTION('',(0.,0.,1.));
#8752=DIRECTION('center_axis',(0.,1.,0.));
#8753=DIRECTION('ref_axis',(-1.,0.,0.));
#8754=DIRECTION('',(1.,0.,0.));
#8755=DIRECTION('',(-1.,0.,0.));
#8756=DIRECTION('',(0.,0.,1.));
#8757=DIRECTION('center_axis',(1.,0.,0.));
#8758=DIRECTION('ref_axis',(0.,1.,0.));
#8759=DIRECTION('',(0.,-1.,0.));
#8760=DIRECTION('',(0.,1.,0.));
#8761=DIRECTION('center_axis',(0.,0.,1.));
#8762=DIRECTION('ref_axis',(1.,0.,0.));
#8763=DIRECTION('center_axis',(0.,-1.,0.));
#8764=DIRECTION('ref_axis',(1.,0.,0.));
#8765=DIRECTION('',(-1.,0.,0.));
#8766=DIRECTION('',(0.,0.,1.));
#8767=DIRECTION('',(1.,0.,0.));
#8768=DIRECTION('',(0.,0.,1.));
#8769=DIRECTION('center_axis',(-1.,0.,0.));
#8770=DIRECTION('ref_axis',(0.,-1.,0.));
#8771=DIRECTION('',(0.,1.,0.));
#8772=DIRECTION('',(0.,-1.,0.));
#8773=DIRECTION('',(0.,0.,1.));
#8774=DIRECTION('center_axis',(0.,1.,0.));
#8775=DIRECTION('ref_axis',(-1.,0.,0.));
#8776=DIRECTION('',(1.,0.,0.));
#8777=DIRECTION('',(-1.,0.,0.));
#8778=DIRECTION('',(0.,0.,1.));
#8779=DIRECTION('center_axis',(1.,0.,0.));
#8780=DIRECTION('ref_axis',(0.,1.,0.));
#8781=DIRECTION('',(0.,-1.,0.));
#8782=DIRECTION('',(0.,1.,0.));
#8783=DIRECTION('center_axis',(0.,0.,1.));
#8784=DIRECTION('ref_axis',(1.,0.,0.));
#8785=DIRECTION('center_axis',(0.,-1.,0.));
#8786=DIRECTION('ref_axis',(1.,0.,0.));
#8787=DIRECTION('',(-1.,0.,0.));
#8788=DIRECTION('',(0.,0.,1.));
#8789=DIRECTION('',(1.,0.,0.));
#8790=DIRECTION('',(0.,0.,1.));
#8791=DIRECTION('center_axis',(-1.,0.,0.));
#8792=DIRECTION('ref_axis',(0.,-1.,0.));
#8793=DIRECTION('',(0.,1.,0.));
#8794=DIRECTION('',(0.,-1.,0.));
#8795=DIRECTION('',(0.,0.,1.));
#8796=DIRECTION('center_axis',(0.,1.,0.));
#8797=DIRECTION('ref_axis',(-1.,0.,0.));
#8798=DIRECTION('',(1.,0.,0.));
#8799=DIRECTION('',(-1.,0.,0.));
#8800=DIRECTION('',(0.,0.,1.));
#8801=DIRECTION('center_axis',(1.,0.,0.));
#8802=DIRECTION('ref_axis',(0.,1.,0.));
#8803=DIRECTION('',(0.,-1.,0.));
#8804=DIRECTION('',(0.,1.,0.));
#8805=DIRECTION('center_axis',(0.,0.,1.));
#8806=DIRECTION('ref_axis',(1.,0.,0.));
#8807=DIRECTION('center_axis',(0.,-1.,0.));
#8808=DIRECTION('ref_axis',(1.,0.,0.));
#8809=DIRECTION('',(-1.,0.,0.));
#8810=DIRECTION('',(0.,0.,1.));
#8811=DIRECTION('',(1.,0.,0.));
#8812=DIRECTION('',(0.,0.,1.));
#8813=DIRECTION('center_axis',(-1.,0.,0.));
#8814=DIRECTION('ref_axis',(0.,-1.,0.));
#8815=DIRECTION('',(0.,1.,0.));
#8816=DIRECTION('',(0.,-1.,0.));
#8817=DIRECTION('',(0.,0.,1.));
#8818=DIRECTION('center_axis',(0.,1.,0.));
#8819=DIRECTION('ref_axis',(-1.,0.,0.));
#8820=DIRECTION('',(1.,0.,0.));
#8821=DIRECTION('',(-1.,0.,0.));
#8822=DIRECTION('',(0.,0.,1.));
#8823=DIRECTION('center_axis',(1.,0.,0.));
#8824=DIRECTION('ref_axis',(0.,1.,0.));
#8825=DIRECTION('',(0.,-1.,0.));
#8826=DIRECTION('',(0.,1.,0.));
#8827=DIRECTION('center_axis',(0.,0.,1.));
#8828=DIRECTION('ref_axis',(1.,0.,0.));
#8829=DIRECTION('center_axis',(-1.,0.,0.));
#8830=DIRECTION('ref_axis',(0.,-1.,0.));
#8831=DIRECTION('',(0.,1.,0.));
#8832=DIRECTION('',(0.,0.,1.));
#8833=DIRECTION('',(0.,-1.,0.));
#8834=DIRECTION('',(0.,0.,1.));
#8835=DIRECTION('center_axis',(0.,1.,0.));
#8836=DIRECTION('ref_axis',(-1.,0.,0.));
#8837=DIRECTION('',(1.,0.,0.));
#8838=DIRECTION('',(-1.,0.,0.));
#8839=DIRECTION('',(0.,0.,1.));
#8840=DIRECTION('center_axis',(1.,0.,0.));
#8841=DIRECTION('ref_axis',(0.,1.,0.));
#8842=DIRECTION('',(0.,-1.,0.));
#8843=DIRECTION('',(0.,1.,0.));
#8844=DIRECTION('',(0.,0.,1.));
#8845=DIRECTION('center_axis',(0.,-1.,0.));
#8846=DIRECTION('ref_axis',(1.,0.,0.));
#8847=DIRECTION('',(-1.,0.,0.));
#8848=DIRECTION('',(1.,0.,0.));
#8849=DIRECTION('center_axis',(0.,0.,1.));
#8850=DIRECTION('ref_axis',(1.,0.,0.));
#8851=DIRECTION('center_axis',(0.,-1.,0.));
#8852=DIRECTION('ref_axis',(1.,0.,0.));
#8853=DIRECTION('',(-1.,0.,0.));
#8854=DIRECTION('',(0.,0.,1.));
#8855=DIRECTION('',(1.,0.,0.));
#8856=DIRECTION('',(0.,0.,1.));
#8857=DIRECTION('center_axis',(-1.,0.,0.));
#8858=DIRECTION('ref_axis',(0.,-1.,0.));
#8859=DIRECTION('',(0.,1.,0.));
#8860=DIRECTION('',(0.,-1.,0.));
#8861=DIRECTION('',(0.,0.,1.));
#8862=DIRECTION('center_axis',(0.,1.,0.));
#8863=DIRECTION('ref_axis',(-1.,0.,0.));
#8864=DIRECTION('',(1.,0.,0.));
#8865=DIRECTION('',(-1.,0.,0.));
#8866=DIRECTION('',(0.,0.,1.));
#8867=DIRECTION('center_axis',(1.,0.,0.));
#8868=DIRECTION('ref_axis',(0.,1.,0.));
#8869=DIRECTION('',(0.,-1.,0.));
#8870=DIRECTION('',(0.,1.,0.));
#8871=DIRECTION('center_axis',(0.,0.,1.));
#8872=DIRECTION('ref_axis',(1.,0.,0.));
#8873=DIRECTION('center_axis',(0.,-1.,0.));
#8874=DIRECTION('ref_axis',(1.,0.,0.));
#8875=DIRECTION('',(-1.,0.,0.));
#8876=DIRECTION('',(0.,0.,1.));
#8877=DIRECTION('',(1.,0.,0.));
#8878=DIRECTION('',(0.,0.,1.));
#8879=DIRECTION('center_axis',(-1.,0.,0.));
#8880=DIRECTION('ref_axis',(0.,-1.,0.));
#8881=DIRECTION('',(0.,1.,0.));
#8882=DIRECTION('',(0.,-1.,0.));
#8883=DIRECTION('',(0.,0.,1.));
#8884=DIRECTION('center_axis',(0.,1.,0.));
#8885=DIRECTION('ref_axis',(-1.,0.,0.));
#8886=DIRECTION('',(1.,0.,0.));
#8887=DIRECTION('',(-1.,0.,0.));
#8888=DIRECTION('',(0.,0.,1.));
#8889=DIRECTION('center_axis',(1.,0.,0.));
#8890=DIRECTION('ref_axis',(0.,1.,0.));
#8891=DIRECTION('',(0.,-1.,0.));
#8892=DIRECTION('',(0.,1.,0.));
#8893=DIRECTION('center_axis',(0.,0.,1.));
#8894=DIRECTION('ref_axis',(1.,0.,0.));
#8895=DIRECTION('center_axis',(0.,0.,-1.));
#8896=DIRECTION('ref_axis',(-1.,0.,0.));
#8897=DIRECTION('',(1.,0.,0.));
#8898=DIRECTION('',(0.,-1.,0.));
#8899=DIRECTION('center_axis',(-1.,0.,0.));
#8900=DIRECTION('ref_axis',(0.,0.,1.));
#8901=DIRECTION('',(0.,-1.,0.));
#8902=DIRECTION('',(0.,0.,1.));
#8903=DIRECTION('',(0.,1.,0.));
#8904=DIRECTION('',(0.,0.,-1.));
#8905=DIRECTION('center_axis',(0.,0.,1.));
#8906=DIRECTION('ref_axis',(1.,0.,0.));
#8907=DIRECTION('',(1.,0.,0.));
#8908=DIRECTION('',(0.,1.,0.));
#8909=DIRECTION('',(-1.,0.,0.));
#8910=DIRECTION('center_axis',(0.,1.,0.));
#8911=DIRECTION('ref_axis',(1.,0.,0.));
#8912=DIRECTION('',(1.,0.,0.));
#8913=DIRECTION('',(0.,0.,1.));
#8914=DIRECTION('',(-1.,0.,0.));
#8915=DIRECTION('center_axis',(0.,0.,-1.));
#8916=DIRECTION('ref_axis',(-1.,0.,0.));
#8917=DIRECTION('',(1.,0.,0.));
#8918=DIRECTION('',(0.,-1.,0.));
#8919=DIRECTION('center_axis',(-1.,0.,0.));
#8920=DIRECTION('ref_axis',(0.,0.,1.));
#8921=DIRECTION('',(0.,1.,0.));
#8922=DIRECTION('',(0.,0.,-1.));
#8923=DIRECTION('',(0.,-1.,0.));
#8924=DIRECTION('',(0.,0.,1.));
#8925=DIRECTION('center_axis',(0.,0.,-1.));
#8926=DIRECTION('ref_axis',(-1.,0.,0.));
#8927=DIRECTION('',(1.,0.,0.));
#8928=DIRECTION('',(0.,1.,0.));
#8929=DIRECTION('',(1.,0.,0.));
#8930=DIRECTION('center_axis',(-1.,0.,0.));
#8931=DIRECTION('ref_axis',(0.,0.,1.));
#8932=DIRECTION('',(0.,0.,-1.));
#8933=DIRECTION('',(0.,-1.,0.));
#8934=DIRECTION('',(0.,0.,1.));
#8935=DIRECTION('',(0.,-1.,0.));
#8936=DIRECTION('center_axis',(0.,0.,-1.));
#8937=DIRECTION('ref_axis',(-1.,0.,0.));
#8938=DIRECTION('',(1.,0.,0.));
#8939=DIRECTION('center_axis',(0.,-1.,0.));
#8940=DIRECTION('ref_axis',(0.,0.,-1.));
#8941=DIRECTION('',(-1.,0.,0.));
#8942=DIRECTION('center_axis',(0.,0.,-1.));
#8943=DIRECTION('ref_axis',(-1.,0.,0.));
#8944=DIRECTION('',(1.,0.,0.));
#8945=DIRECTION('center_axis',(0.,1.,0.));
#8946=DIRECTION('ref_axis',(0.,0.,1.));
#8947=DIRECTION('center_axis',(-1.,0.,0.));
#8948=DIRECTION('ref_axis',(0.,0.,1.));
#8949=DIRECTION('',(0.,1.,0.));
#8950=DIRECTION('',(0.,0.,-1.));
#8951=DIRECTION('center_axis',(0.,0.,1.));
#8952=DIRECTION('ref_axis',(1.,0.,0.));
#8953=DIRECTION('',(-1.,0.,0.));
#8954=DIRECTION('',(0.,-1.,0.));
#8955=DIRECTION('',(-1.,0.,0.));
#8956=DIRECTION('center_axis',(0.,1.,0.));
#8957=DIRECTION('ref_axis',(1.,0.,0.));
#8958=DIRECTION('',(0.,0.,-1.));
#8959=DIRECTION('center_axis',(-1.,0.,-9.63132602772074E-17));
#8960=DIRECTION('ref_axis',(-9.63132602772074E-17,0.,1.));
#8961=DIRECTION('',(0.,-1.,0.));
#8962=DIRECTION('',(9.63132602772074E-17,0.,-1.));
#8963=DIRECTION('',(0.,1.,0.));
#8964=DIRECTION('',(-9.63132602772074E-17,0.,1.));
#8965=DIRECTION('center_axis',(0.,1.,0.));
#8966=DIRECTION('ref_axis',(1.,0.,0.));
#8967=DIRECTION('',(-1.,0.,0.));
#8968=DIRECTION('',(0.,0.,1.));
#8969=DIRECTION('',(1.,0.,0.));
#8970=DIRECTION('center_axis',(0.,1.,0.));
#8971=DIRECTION('ref_axis',(0.,0.,1.));
#8972=DIRECTION('',(0.,0.,1.));
#8973=DIRECTION('',(0.,0.,-1.));
#8974=DIRECTION('',(-1.,0.,0.));
#8975=DIRECTION('',(1.,0.,0.));
#8976=DIRECTION('',(0.,0.,1.));
#8977=DIRECTION('',(-1.,0.,0.));
#8978=DIRECTION('center_axis',(0.,0.,1.));
#8979=DIRECTION('ref_axis',(1.,0.,0.));
#8980=DIRECTION('center_axis',(0.,0.,1.));
#8981=DIRECTION('ref_axis',(1.,0.,0.));
#8982=DIRECTION('',(0.,-1.,0.));
#8983=DIRECTION('center_axis',(0.,-1.,0.));
#8984=DIRECTION('ref_axis',(0.,0.,-1.));
#8985=DIRECTION('',(-1.,0.,0.));
#8986=DIRECTION('center_axis',(0.,0.,1.));
#8987=DIRECTION('ref_axis',(1.,0.,0.));
#8988=DIRECTION('',(-1.,0.,0.));
#8989=DIRECTION('center_axis',(0.,0.,-1.));
#8990=DIRECTION('ref_axis',(-1.,0.,0.));
#8991=DIRECTION('',(1.,0.,0.));
#8992=DIRECTION('center_axis',(0.,1.,0.));
#8993=DIRECTION('ref_axis',(0.,0.,1.));
#8994=DIRECTION('center_axis',(0.,-1.,0.));
#8995=DIRECTION('ref_axis',(0.,0.,-1.));
#8996=DIRECTION('',(0.,0.,-1.));
#8997=DIRECTION('center_axis',(0.,0.,-1.));
#8998=DIRECTION('ref_axis',(-1.,0.,0.));
#8999=DIRECTION('',(0.,-1.,0.));
#9000=DIRECTION('center_axis',(1.,0.,0.));
#9001=DIRECTION('ref_axis',(0.,0.,-1.));
#9002=DIRECTION('center_axis',(-1.,0.,0.));
#9003=DIRECTION('ref_axis',(0.,0.,1.));
#9004=DIRECTION('center_axis',(-1.,0.,0.));
#9005=DIRECTION('ref_axis',(0.,0.,1.));
#9006=CARTESIAN_POINT('',(0.,0.,0.));
#9007=CARTESIAN_POINT('Origin',(62.2321211094207,41.8333333333333,-24.7536794548671));
#9008=CARTESIAN_POINT('',(62.2321211094207,33.0833333333333,-25.));
#9009=CARTESIAN_POINT('',(62.2321211094207,41.8333333333333,-25.));
#9010=CARTESIAN_POINT('',(62.2321211094206,22.1666666666667,-25.));
#9011=CARTESIAN_POINT('',(62.2321211094207,33.0833333333333,-25.5036794548671));
#9012=CARTESIAN_POINT('',(62.2321211094207,33.0833333333333,-24.7536794548671));
#9013=CARTESIAN_POINT('',(62.2321211094207,41.8333333333333,-25.5036794548671));
#9014=CARTESIAN_POINT('',(62.2321211094207,33.0833333333333,-25.5036794548671));
#9015=CARTESIAN_POINT('',(62.2321211094207,41.8333333333333,-24.7536794548671));
#9016=CARTESIAN_POINT('Origin',(62.2321211094207,33.0833333333333,-24.7536794548671));
#9017=CARTESIAN_POINT('',(38.7321211094207,33.0833333333333,-25.));
#9018=CARTESIAN_POINT('',(62.3660605547103,33.0833333333333,-25.));
#9019=CARTESIAN_POINT('',(38.7321211094207,33.0833333333333,-25.503679454867));
#9020=CARTESIAN_POINT('',(38.7321211094207,33.0833333333333,-24.753679454867));
#9021=CARTESIAN_POINT('',(38.7321211094207,33.0833333333333,-25.503679454867));
#9022=CARTESIAN_POINT('Origin',(38.7321211094207,41.8333333333333,-24.753679454867));
#9023=CARTESIAN_POINT('',(38.7321211094207,41.8333333333333,-25.));
#9024=CARTESIAN_POINT('',(50.6160605547103,41.8333333333333,-25.));
#9025=CARTESIAN_POINT('',(38.7321211094207,41.8333333333333,-25.503679454867));
#9026=CARTESIAN_POINT('',(62.2321211094207,41.8333333333333,-25.5036794548671));
#9027=CARTESIAN_POINT('',(38.7321211094207,41.8333333333333,-24.753679454867));
#9028=CARTESIAN_POINT('Origin',(38.7321211094207,33.0833333333333,-24.753679454867));
#9029=CARTESIAN_POINT('',(38.7321211094206,17.7916666666667,-25.));
#9030=CARTESIAN_POINT('',(38.7321211094207,41.8333333333333,-25.503679454867));
#9031=CARTESIAN_POINT('Origin',(50.4821211094207,37.4583333333333,-25.5036794548671));
#9032=CARTESIAN_POINT('Origin',(-24.5178788905793,27.4583333333333,2.49632054513294));
#9033=CARTESIAN_POINT('',(-12.7678788905793,27.5,2.49632054513294));
#9034=CARTESIAN_POINT('',(-36.2678788905793,27.5,2.49632054513295));
#9035=CARTESIAN_POINT('',(-12.2589394452897,27.5,2.49632054513294));
#9036=CARTESIAN_POINT('',(-12.7678788905793,31.8333333333333,2.49632054513294));
#9037=CARTESIAN_POINT('',(-12.7678788905793,23.0833333333333,2.49632054513294));
#9038=CARTESIAN_POINT('',(-36.2678788905793,31.8333333333333,2.49632054513295));
#9039=CARTESIAN_POINT('',(-12.7678788905793,31.8333333333333,2.49632054513294));
#9040=CARTESIAN_POINT('',(-36.2678788905793,31.8333333333333,2.49632054513295));
#9041=CARTESIAN_POINT('Origin',(-12.7678788905793,31.8333333333333,2.49632054513294));
#9042=CARTESIAN_POINT('',(-12.7678788905793,27.5,1.94558316415147));
#9043=CARTESIAN_POINT('',(-12.7678788905793,27.5,7.98455606360434));
#9044=CARTESIAN_POINT('',(-12.7678788905793,31.8333333333333,1.94558316415147));
#9045=CARTESIAN_POINT('',(-12.7678788905793,17.1666666666667,1.94558316415147));
#9046=CARTESIAN_POINT('',(-12.7678788905793,31.8333333333333,2.49632054513294));
#9047=CARTESIAN_POINT('Origin',(-36.2678788905793,31.8333333333333,2.49632054513295));
#9048=CARTESIAN_POINT('',(-36.2678788905793,31.8333333333333,1.94558316415147));
#9049=CARTESIAN_POINT('',(-49.3839394452897,31.8333333333333,1.94558316415147));
#9050=CARTESIAN_POINT('',(-36.2678788905793,31.8333333333333,2.49632054513295));
#9051=CARTESIAN_POINT('Origin',(-36.2678788905793,23.0833333333333,2.49632054513295));
#9052=CARTESIAN_POINT('',(-36.2678788905793,27.5,1.94558316415147));
#9053=CARTESIAN_POINT('',(-36.2678788905793,27.5,7.98455606360435));
#9054=CARTESIAN_POINT('',(-36.2678788905793,12.7916666666667,1.94558316415147));
#9055=CARTESIAN_POINT('Origin',(-62.5,2.5,1.94558316415147));
#9056=CARTESIAN_POINT('',(-11.2678788905793,27.5,1.94558316415147));
#9057=CARTESIAN_POINT('',(-62.5,27.5,1.94558316415147));
#9058=CARTESIAN_POINT('',(-11.2678788905793,31.8333333333333,1.94558316415147));
#9059=CARTESIAN_POINT('',(-11.2678788905793,12.7916666666667,1.94558316415147));
#9060=CARTESIAN_POINT('',(12.2321211094207,31.8333333333333,1.94558316415147));
#9061=CARTESIAN_POINT('',(-36.8839394452897,31.8333333333333,1.94558316415147));
#9062=CARTESIAN_POINT('',(12.2321211094207,27.5,1.94558316415147));
#9063=CARTESIAN_POINT('',(12.2321211094207,17.1666666666667,1.94558316415147));
#9064=CARTESIAN_POINT('',(13.7321211094207,27.5,1.94558316415147));
#9065=CARTESIAN_POINT('',(-62.5,27.5,1.94558316415147));
#9066=CARTESIAN_POINT('',(13.7321211094207,31.8333333333333,1.94558316415147));
#9067=CARTESIAN_POINT('',(13.7321211094207,12.7916666666667,1.94558316415147));
#9068=CARTESIAN_POINT('',(37.2321211094207,31.8333333333333,1.94558316415147));
#9069=CARTESIAN_POINT('',(-24.3839394452897,31.8333333333333,1.94558316415147));
#9070=CARTESIAN_POINT('',(37.2321211094207,27.5,1.94558316415147));
#9071=CARTESIAN_POINT('',(37.2321211094207,17.1666666666667,1.94558316415147));
#9072=CARTESIAN_POINT('',(38.7321211094207,27.5,1.94558316415147));
#9073=CARTESIAN_POINT('',(-62.5,27.5,1.94558316415147));
#9074=CARTESIAN_POINT('',(38.7321211094207,31.8333333333333,1.94558316415147));
#9075=CARTESIAN_POINT('',(38.7321211094207,12.7916666666667,1.94558316415147));
#9076=CARTESIAN_POINT('',(62.2321211094207,31.8333333333333,1.94558316415147));
#9077=CARTESIAN_POINT('',(-11.8839394452897,31.8333333333333,1.94558316415147));
#9078=CARTESIAN_POINT('',(62.2321211094207,27.5,1.94558316415147));
#9079=CARTESIAN_POINT('',(62.2321211094207,17.1666666666667,1.94558316415147));
#9080=CARTESIAN_POINT('',(62.5,27.5,1.94558316415147));
#9081=CARTESIAN_POINT('',(-62.5,27.5,1.94558316415147));
#9082=CARTESIAN_POINT('',(62.5,51.75,1.94558316415147));
#9083=CARTESIAN_POINT('',(62.5,2.5,1.94558316415147));
#9084=CARTESIAN_POINT('',(62.2321211094207,51.75,1.94558316415147));
#9085=CARTESIAN_POINT('',(-31.25,51.75,1.94558316415147));
#9086=CARTESIAN_POINT('',(62.2321211094207,43.0833333333333,1.94558316415147));
#9087=CARTESIAN_POINT('',(62.2321211094207,27.1666666666667,1.94558316415147));
#9088=CARTESIAN_POINT('',(38.7321211094207,43.0833333333333,1.94558316415147));
#9089=CARTESIAN_POINT('',(-0.133939445289668,43.0833333333333,1.94558316415147));
#9090=CARTESIAN_POINT('',(38.7321211094207,51.75,1.94558316415147));
#9091=CARTESIAN_POINT('',(38.7321211094207,22.7916666666667,1.94558316415147));
#9092=CARTESIAN_POINT('',(37.2321211094207,51.75,1.94558316415147));
#9093=CARTESIAN_POINT('',(-31.25,51.75,1.94558316415147));
#9094=CARTESIAN_POINT('',(37.2321211094207,43.0833333333333,1.94558316415147));
#9095=CARTESIAN_POINT('',(37.2321211094207,27.1666666666667,1.94558316415147));
#9096=CARTESIAN_POINT('',(13.7321211094207,43.0833333333333,1.94558316415147));
#9097=CARTESIAN_POINT('',(-12.6339394452897,43.0833333333333,1.94558316415147));
#9098=CARTESIAN_POINT('',(13.7321211094207,51.75,1.94558316415147));
#9099=CARTESIAN_POINT('',(13.7321211094207,22.7916666666667,1.94558316415147));
#9100=CARTESIAN_POINT('',(12.2321211094207,51.75,1.94558316415147));
#9101=CARTESIAN_POINT('',(-31.25,51.75,1.94558316415147));
#9102=CARTESIAN_POINT('',(12.2321211094207,43.0833333333333,1.94558316415147));
#9103=CARTESIAN_POINT('',(12.2321211094207,27.1666666666667,1.94558316415147));
#9104=CARTESIAN_POINT('',(-11.2678788905793,43.0833333333333,1.94558316415147));
#9105=CARTESIAN_POINT('',(-25.1339394452897,43.0833333333333,1.94558316415147));
#9106=CARTESIAN_POINT('',(-11.2678788905793,51.75,1.94558316415147));
#9107=CARTESIAN_POINT('',(-11.2678788905793,22.7916666666667,1.94558316415147));
#9108=CARTESIAN_POINT('',(-12.7678788905793,51.75,1.94558316415147));
#9109=CARTESIAN_POINT('',(-31.25,51.75,1.94558316415147));
#9110=CARTESIAN_POINT('',(-12.7678788905793,43.0833333333333,1.94558316415147));
#9111=CARTESIAN_POINT('',(-12.7678788905793,27.1666666666667,1.94558316415147));
#9112=CARTESIAN_POINT('',(-36.2678788905793,43.0833333333333,1.94558316415147));
#9113=CARTESIAN_POINT('',(-37.6339394452897,43.0833333333333,1.94558316415147));
#9114=CARTESIAN_POINT('',(-36.2678788905793,51.75,1.94558316415147));
#9115=CARTESIAN_POINT('',(-36.2678788905793,22.7916666666667,1.94558316415147));
#9116=CARTESIAN_POINT('',(-37.7678788905793,51.75,1.94558316415147));
#9117=CARTESIAN_POINT('',(-31.25,51.75,1.94558316415147));
#9118=CARTESIAN_POINT('',(-37.7678788905793,43.0833333333333,1.94558316415147));
#9119=CARTESIAN_POINT('',(-37.7678788905793,27.1666666666667,1.94558316415147));
#9120=CARTESIAN_POINT('',(-61.2678788905793,43.0833333333333,1.94558316415147));
#9121=CARTESIAN_POINT('',(-50.1339394452897,43.0833333333333,1.94558316415147));
#9122=CARTESIAN_POINT('',(-61.2678788905793,51.75,1.94558316415147));
#9123=CARTESIAN_POINT('',(-61.2678788905793,22.7916666666667,1.94558316415147));
#9124=CARTESIAN_POINT('',(-62.5,51.75,1.94558316415147));
#9125=CARTESIAN_POINT('',(-31.25,51.75,1.94558316415147));
#9126=CARTESIAN_POINT('',(-62.5,27.5,1.94558316415147));
#9127=CARTESIAN_POINT('',(-62.5,2.5,1.94558316415147));
#9128=CARTESIAN_POINT('',(-61.2678788905793,27.5,1.94558316415147));
#9129=CARTESIAN_POINT('',(-62.5,27.5,1.94558316415147));
#9130=CARTESIAN_POINT('',(-61.2678788905793,31.8333333333333,1.94558316415147));
#9131=CARTESIAN_POINT('',(-61.2678788905793,12.7916666666667,1.94558316415147));
#9132=CARTESIAN_POINT('',(-37.7678788905793,31.8333333333333,1.94558316415147));
#9133=CARTESIAN_POINT('',(-61.8839394452897,31.8333333333333,1.94558316415147));
#9134=CARTESIAN_POINT('',(-37.7678788905793,27.5,1.94558316415147));
#9135=CARTESIAN_POINT('',(-37.7678788905793,17.1666666666667,1.94558316415147));
#9136=CARTESIAN_POINT('',(-62.5,27.5,1.94558316415147));
#9137=CARTESIAN_POINT('',(37.2321211094207,33.0833333333333,1.94558316415147));
#9138=CARTESIAN_POINT('',(13.7321211094207,33.0833333333333,1.94558316415147));
#9139=CARTESIAN_POINT('',(-12.6339394452897,33.0833333333333,1.94558316415147));
#9140=CARTESIAN_POINT('',(13.7321211094207,41.8333333333333,1.94558316415147));
#9141=CARTESIAN_POINT('',(13.7321211094207,17.7916666666667,1.94558316415147));
#9142=CARTESIAN_POINT('',(37.2321211094207,41.8333333333333,1.94558316415147));
#9143=CARTESIAN_POINT('',(-24.3839394452897,41.8333333333333,1.94558316415147));
#9144=CARTESIAN_POINT('',(37.2321211094207,22.1666666666667,1.94558316415147));
#9145=CARTESIAN_POINT('',(12.2321211094207,33.0833333333333,1.94558316415147));
#9146=CARTESIAN_POINT('',(-11.2678788905793,33.0833333333333,1.94558316415147));
#9147=CARTESIAN_POINT('',(-25.1339394452897,33.0833333333333,1.94558316415147));
#9148=CARTESIAN_POINT('',(-11.2678788905793,41.8333333333333,1.94558316415147));
#9149=CARTESIAN_POINT('',(-11.2678788905793,17.7916666666667,1.94558316415147));
#9150=CARTESIAN_POINT('',(12.2321211094207,41.8333333333333,1.94558316415147));
#9151=CARTESIAN_POINT('',(-36.8839394452897,41.8333333333333,1.94558316415147));
#9152=CARTESIAN_POINT('',(12.2321211094207,22.1666666666667,1.94558316415147));
#9153=CARTESIAN_POINT('',(-12.7678788905793,33.0833333333333,1.94558316415147));
#9154=CARTESIAN_POINT('',(-36.2678788905793,33.0833333333333,1.94558316415147));
#9155=CARTESIAN_POINT('',(-37.6339394452897,33.0833333333333,1.94558316415147));
#9156=CARTESIAN_POINT('',(-36.2678788905793,41.8333333333333,1.94558316415147));
#9157=CARTESIAN_POINT('',(-36.2678788905793,17.7916666666667,1.94558316415147));
#9158=CARTESIAN_POINT('',(-12.7678788905793,41.8333333333333,1.94558316415147));
#9159=CARTESIAN_POINT('',(-49.3839394452897,41.8333333333333,1.94558316415147));
#9160=CARTESIAN_POINT('',(-12.7678788905793,22.1666666666667,1.94558316415147));
#9161=CARTESIAN_POINT('',(62.2321211094207,33.0833333333333,1.94558316415147));
#9162=CARTESIAN_POINT('',(38.7321211094207,33.0833333333333,1.94558316415147));
#9163=CARTESIAN_POINT('',(-0.133939445289668,33.0833333333333,1.94558316415147));
#9164=CARTESIAN_POINT('',(38.7321211094207,41.8333333333333,1.94558316415147));
#9165=CARTESIAN_POINT('',(38.7321211094207,17.7916666666667,1.94558316415147));
#9166=CARTESIAN_POINT('',(62.2321211094207,41.8333333333333,1.94558316415147));
#9167=CARTESIAN_POINT('',(-11.8839394452897,41.8333333333333,1.94558316415147));
#9168=CARTESIAN_POINT('',(62.2321211094207,22.1666666666667,1.94558316415147));
#9169=CARTESIAN_POINT('',(-37.7678788905793,33.0833333333333,1.94558316415147));
#9170=CARTESIAN_POINT('',(-61.2678788905793,33.0833333333333,1.94558316415147));
#9171=CARTESIAN_POINT('',(-50.1339394452897,33.0833333333333,1.94558316415147));
#9172=CARTESIAN_POINT('',(-61.2678788905793,41.8333333333333,1.94558316415147));
#9173=CARTESIAN_POINT('',(-61.2678788905793,17.7916666666667,1.94558316415147));
#9174=CARTESIAN_POINT('',(-37.7678788905793,41.8333333333333,1.94558316415147));
#9175=CARTESIAN_POINT('',(-61.8839394452897,41.8333333333333,1.94558316415147));
#9176=CARTESIAN_POINT('',(-37.7678788905793,22.1666666666667,1.94558316415147));
#9177=CARTESIAN_POINT('Origin',(-61.2678788905793,33.0833333333333,2.49632054513295));
#9178=CARTESIAN_POINT('',(-61.2678788905793,33.0833333333333,2.49632054513295));
#9179=CARTESIAN_POINT('',(-61.2678788905793,33.0833333333333,2.49632054513295));
#9180=CARTESIAN_POINT('',(-61.2678788905793,41.8333333333333,2.49632054513295));
#9181=CARTESIAN_POINT('',(-61.2678788905793,41.8333333333333,2.49632054513295));
#9182=CARTESIAN_POINT('',(-61.2678788905793,41.8333333333333,2.49632054513295));
#9183=CARTESIAN_POINT('Origin',(-37.7678788905793,33.0833333333333,2.49632054513294));
#9184=CARTESIAN_POINT('',(-37.7678788905793,33.0833333333333,2.49632054513294));
#9185=CARTESIAN_POINT('',(-37.7678788905793,33.0833333333333,2.49632054513294));
#9186=CARTESIAN_POINT('',(-61.2678788905793,33.0833333333333,2.49632054513295));
#9187=CARTESIAN_POINT('Origin',(-37.7678788905793,41.8333333333333,2.49632054513294));
#9188=CARTESIAN_POINT('',(-37.7678788905793,41.8333333333333,2.49632054513294));
#9189=CARTESIAN_POINT('',(-37.7678788905793,41.8333333333333,2.49632054513294));
#9190=CARTESIAN_POINT('',(-37.7678788905793,33.0833333333333,2.49632054513294));
#9191=CARTESIAN_POINT('Origin',(-61.2678788905793,41.8333333333333,2.49632054513295));
#9192=CARTESIAN_POINT('',(-37.7678788905793,41.8333333333333,2.49632054513294));
#9193=CARTESIAN_POINT('Origin',(-49.5178788905793,37.4583333333333,2.49632054513294));
#9194=CARTESIAN_POINT('Origin',(13.7321211094207,43.0833333333333,2.49632054513295));
#9195=CARTESIAN_POINT('',(13.7321211094207,51.8333333333333,1.86224983081813));
#9196=CARTESIAN_POINT('',(13.7321211094207,49.633148988088,4.0624341760635));
#9197=CARTESIAN_POINT('',(13.7321211094207,43.0833333333333,2.49632054513295));
#9198=CARTESIAN_POINT('',(13.7321211094207,43.0833333333333,2.49632054513295));
#9199=CARTESIAN_POINT('',(13.7321211094207,51.8333333333333,2.49632054513295));
#9200=CARTESIAN_POINT('',(13.7321211094207,51.8333333333333,2.49632054513295));
#9201=CARTESIAN_POINT('',(13.7321211094207,51.8333333333333,2.49632054513295));
#9202=CARTESIAN_POINT('Origin',(37.2321211094207,43.0833333333333,2.49632054513294));
#9203=CARTESIAN_POINT('',(37.2321211094207,43.0833333333333,2.49632054513294));
#9204=CARTESIAN_POINT('',(37.2321211094207,43.0833333333333,2.49632054513294));
#9205=CARTESIAN_POINT('',(13.7321211094207,43.0833333333333,2.49632054513295));
#9206=CARTESIAN_POINT('Origin',(37.2321211094207,51.8333333333333,2.49632054513294));
#9207=CARTESIAN_POINT('',(37.2321211094207,51.8333333333333,1.86224983081813));
#9208=CARTESIAN_POINT('',(37.2321211094207,51.820648988088,1.8749341760635));
#9209=CARTESIAN_POINT('',(37.2321211094207,51.8333333333333,2.49632054513294));
#9210=CARTESIAN_POINT('',(37.2321211094207,51.8333333333333,2.49632054513294));
#9211=CARTESIAN_POINT('',(37.2321211094207,43.0833333333333,2.49632054513294));
#9212=CARTESIAN_POINT('Origin',(13.7321211094207,51.8333333333333,2.49632054513295));
#9213=CARTESIAN_POINT('',(-8.75893944528967,51.8333333333333,1.86224983081813));
#9214=CARTESIAN_POINT('',(37.2321211094207,51.8333333333333,2.49632054513294));
#9215=CARTESIAN_POINT('Origin',(25.4821211094207,47.4583333333333,2.49632054513294));
#9216=CARTESIAN_POINT('Origin',(-31.25,52.125,1.57058316415147));
#9217=CARTESIAN_POINT('',(38.7321211094207,51.8333333333333,1.86224983081814));
#9218=CARTESIAN_POINT('',(38.7321211094207,49.633148988088,4.0624341760635));
#9219=CARTESIAN_POINT('',(62.2321211094207,51.8333333333333,1.86224983081814));
#9220=CARTESIAN_POINT('',(3.74106055471033,51.8333333333333,1.86224983081814));
#9221=CARTESIAN_POINT('',(62.2321211094207,51.820648988088,1.87493417606349));
#9222=CARTESIAN_POINT('',(61.75,52.5,1.19558316415147));
#9223=CARTESIAN_POINT('',(61.75,52.5,1.19558316415147));
#9224=CARTESIAN_POINT('',(-61.75,52.5,1.19558316415147));
#9225=CARTESIAN_POINT('',(-31.25,52.5,1.19558316415147));
#9226=CARTESIAN_POINT('',(-61.75,52.5,1.19558316415147));
#9227=CARTESIAN_POINT('',(-61.2678788905793,51.8333333333333,1.86224983081813));
#9228=CARTESIAN_POINT('',(-61.2678788905793,49.633148988088,4.06243417606351));
#9229=CARTESIAN_POINT('',(-37.7678788905793,51.8333333333333,1.86224983081813));
#9230=CARTESIAN_POINT('',(-46.2589394452897,51.8333333333333,1.86224983081813));
#9231=CARTESIAN_POINT('',(-37.7678788905793,51.820648988088,1.8749341760635));
#9232=CARTESIAN_POINT('',(-36.2678788905793,51.8333333333333,1.86224983081813));
#9233=CARTESIAN_POINT('',(-36.2678788905793,49.633148988088,4.0624341760635));
#9234=CARTESIAN_POINT('',(-12.7678788905793,51.8333333333333,1.86224983081813));
#9235=CARTESIAN_POINT('',(-33.7589394452897,51.8333333333333,1.86224983081813));
#9236=CARTESIAN_POINT('',(-12.7678788905793,51.820648988088,1.8749341760635));
#9237=CARTESIAN_POINT('',(-11.2678788905793,51.8333333333333,1.86224983081813));
#9238=CARTESIAN_POINT('',(-11.2678788905793,49.633148988088,4.0624341760635));
#9239=CARTESIAN_POINT('',(12.2321211094207,51.8333333333333,1.86224983081813));
#9240=CARTESIAN_POINT('',(-21.2589394452897,51.8333333333333,1.86224983081813));
#9241=CARTESIAN_POINT('',(12.2321211094207,51.820648988088,1.8749341760635));
#9242=CARTESIAN_POINT('Origin',(-49.5178788905793,27.4583333333333,2.49632054513294));
#9243=CARTESIAN_POINT('',(-37.7678788905793,27.5,2.49632054513294));
#9244=CARTESIAN_POINT('',(-61.2678788905793,27.5,2.49632054513295));
#9245=CARTESIAN_POINT('',(-24.7589394452897,27.5,2.49632054513293));
#9246=CARTESIAN_POINT('',(-37.7678788905793,31.8333333333333,2.49632054513294));
#9247=CARTESIAN_POINT('',(-37.7678788905793,23.0833333333333,2.49632054513294));
#9248=CARTESIAN_POINT('',(-61.2678788905793,31.8333333333333,2.49632054513295));
#9249=CARTESIAN_POINT('',(-37.7678788905793,31.8333333333333,2.49632054513294));
#9250=CARTESIAN_POINT('',(-61.2678788905793,31.8333333333333,2.49632054513295));
#9251=CARTESIAN_POINT('Origin',(-37.7678788905793,31.8333333333333,2.49632054513294));
#9252=CARTESIAN_POINT('',(-37.7678788905793,27.5,7.98455606360435));
#9253=CARTESIAN_POINT('',(-37.7678788905793,31.8333333333333,2.49632054513294));
#9254=CARTESIAN_POINT('Origin',(-61.2678788905793,31.8333333333333,2.49632054513295));
#9255=CARTESIAN_POINT('',(-61.2678788905793,31.8333333333333,2.49632054513295));
#9256=CARTESIAN_POINT('Origin',(-61.2678788905793,23.0833333333333,2.49632054513295));
#9257=CARTESIAN_POINT('',(-61.2678788905793,27.5,7.98455606360436));
#9258=CARTESIAN_POINT('Origin',(-61.2678788905793,43.0833333333333,2.49632054513295));
#9259=CARTESIAN_POINT('',(-61.2678788905793,43.0833333333333,2.49632054513295));
#9260=CARTESIAN_POINT('',(-61.2678788905793,43.0833333333333,2.49632054513295));
#9261=CARTESIAN_POINT('',(-61.2678788905793,51.8333333333333,2.49632054513295));
#9262=CARTESIAN_POINT('',(-61.2678788905793,51.8333333333333,2.49632054513295));
#9263=CARTESIAN_POINT('',(-61.2678788905793,51.8333333333333,2.49632054513295));
#9264=CARTESIAN_POINT('Origin',(-37.7678788905793,43.0833333333333,2.49632054513294));
#9265=CARTESIAN_POINT('',(-37.7678788905793,43.0833333333333,2.49632054513294));
#9266=CARTESIAN_POINT('',(-37.7678788905793,43.0833333333333,2.49632054513294));
#9267=CARTESIAN_POINT('',(-61.2678788905793,43.0833333333333,2.49632054513295));
#9268=CARTESIAN_POINT('Origin',(-37.7678788905793,51.8333333333333,2.49632054513294));
#9269=CARTESIAN_POINT('',(-37.7678788905793,51.8333333333333,2.49632054513294));
#9270=CARTESIAN_POINT('',(-37.7678788905793,51.8333333333333,2.49632054513294));
#9271=CARTESIAN_POINT('',(-37.7678788905793,43.0833333333333,2.49632054513294));
#9272=CARTESIAN_POINT('Origin',(-61.2678788905793,51.8333333333333,2.49632054513295));
#9273=CARTESIAN_POINT('',(-37.7678788905793,51.8333333333333,2.49632054513294));
#9274=CARTESIAN_POINT('Origin',(-49.5178788905793,47.4583333333333,2.49632054513294));
#9275=CARTESIAN_POINT('Origin',(13.7321211094207,33.0833333333333,2.49632054513295));
#9276=CARTESIAN_POINT('',(13.7321211094207,33.0833333333333,2.49632054513295));
#9277=CARTESIAN_POINT('',(13.7321211094207,33.0833333333333,2.49632054513295));
#9278=CARTESIAN_POINT('',(13.7321211094207,41.8333333333333,2.49632054513295));
#9279=CARTESIAN_POINT('',(13.7321211094207,41.8333333333333,2.49632054513295));
#9280=CARTESIAN_POINT('',(13.7321211094207,41.8333333333333,2.49632054513295));
#9281=CARTESIAN_POINT('Origin',(37.2321211094207,33.0833333333333,2.49632054513294));
#9282=CARTESIAN_POINT('',(37.2321211094207,33.0833333333333,2.49632054513294));
#9283=CARTESIAN_POINT('',(37.2321211094207,33.0833333333333,2.49632054513294));
#9284=CARTESIAN_POINT('',(13.7321211094207,33.0833333333333,2.49632054513295));
#9285=CARTESIAN_POINT('Origin',(37.2321211094207,41.8333333333333,2.49632054513294));
#9286=CARTESIAN_POINT('',(37.2321211094207,41.8333333333333,2.49632054513294));
#9287=CARTESIAN_POINT('',(37.2321211094207,41.8333333333333,2.49632054513294));
#9288=CARTESIAN_POINT('',(37.2321211094207,33.0833333333333,2.49632054513294));
#9289=CARTESIAN_POINT('Origin',(13.7321211094207,41.8333333333333,2.49632054513295));
#9290=CARTESIAN_POINT('',(37.2321211094207,41.8333333333333,2.49632054513294));
#9291=CARTESIAN_POINT('Origin',(25.4821211094207,37.4583333333333,2.49632054513294));
#9292=CARTESIAN_POINT('Origin',(50.4821211094207,27.4583333333333,2.49632054513294));
#9293=CARTESIAN_POINT('',(62.2321211094207,27.5,2.49632054513294));
#9294=CARTESIAN_POINT('',(38.7321211094207,27.5,2.49632054513295));
#9295=CARTESIAN_POINT('',(25.2410605547103,27.5,2.49632054513296));
#9296=CARTESIAN_POINT('',(62.2321211094207,31.8333333333333,2.49632054513294));
#9297=CARTESIAN_POINT('',(62.2321211094207,23.0833333333333,2.49632054513294));
#9298=CARTESIAN_POINT('',(38.7321211094207,31.8333333333333,2.49632054513295));
#9299=CARTESIAN_POINT('',(62.2321211094207,31.8333333333333,2.49632054513294));
#9300=CARTESIAN_POINT('',(38.7321211094207,31.8333333333333,2.49632054513295));
#9301=CARTESIAN_POINT('Origin',(62.2321211094207,31.8333333333333,2.49632054513294));
#9302=CARTESIAN_POINT('',(62.2321211094207,27.5,7.98455606360433));
#9303=CARTESIAN_POINT('',(62.2321211094207,31.8333333333333,2.49632054513294));
#9304=CARTESIAN_POINT('Origin',(38.7321211094207,31.8333333333333,2.49632054513295));
#9305=CARTESIAN_POINT('',(38.7321211094207,31.8333333333333,2.49632054513295));
#9306=CARTESIAN_POINT('Origin',(38.7321211094207,23.0833333333333,2.49632054513295));
#9307=CARTESIAN_POINT('',(38.7321211094207,27.5,7.98455606360433));
#9308=CARTESIAN_POINT('Origin',(38.7321211094207,33.0833333333333,2.49632054513295));
#9309=CARTESIAN_POINT('',(38.7321211094207,33.0833333333333,2.49632054513295));
#9310=CARTESIAN_POINT('',(38.7321211094207,33.0833333333333,2.49632054513295));
#9311=CARTESIAN_POINT('',(38.7321211094207,41.8333333333333,2.49632054513295));
#9312=CARTESIAN_POINT('',(38.7321211094207,41.8333333333333,2.49632054513295));
#9313=CARTESIAN_POINT('',(38.7321211094207,41.8333333333333,2.49632054513295));
#9314=CARTESIAN_POINT('Origin',(62.2321211094207,33.0833333333333,2.49632054513294));
#9315=CARTESIAN_POINT('',(62.2321211094207,33.0833333333333,2.49632054513294));
#9316=CARTESIAN_POINT('',(62.2321211094207,33.0833333333333,2.49632054513294));
#9317=CARTESIAN_POINT('',(38.7321211094207,33.0833333333333,2.49632054513295));
#9318=CARTESIAN_POINT('Origin',(62.2321211094207,41.8333333333333,2.49632054513294));
#9319=CARTESIAN_POINT('',(62.2321211094207,41.8333333333333,2.49632054513294));
#9320=CARTESIAN_POINT('',(62.2321211094207,41.8333333333333,2.49632054513294));
#9321=CARTESIAN_POINT('',(62.2321211094207,33.0833333333333,2.49632054513294));
#9322=CARTESIAN_POINT('Origin',(38.7321211094207,41.8333333333333,2.49632054513295));
#9323=CARTESIAN_POINT('',(62.2321211094207,41.8333333333333,2.49632054513294));
#9324=CARTESIAN_POINT('Origin',(50.4821211094207,37.4583333333333,2.49632054513294));
#9325=CARTESIAN_POINT('Origin',(-36.2678788905793,33.0833333333333,2.49632054513295));
#9326=CARTESIAN_POINT('',(-36.2678788905793,33.0833333333333,2.49632054513295));
#9327=CARTESIAN_POINT('',(-36.2678788905793,33.0833333333333,2.49632054513295));
#9328=CARTESIAN_POINT('',(-36.2678788905793,41.8333333333333,2.49632054513295));
#9329=CARTESIAN_POINT('',(-36.2678788905793,41.8333333333333,2.49632054513295));
#9330=CARTESIAN_POINT('',(-36.2678788905793,41.8333333333333,2.49632054513295));
#9331=CARTESIAN_POINT('Origin',(-12.7678788905793,33.0833333333333,2.49632054513294));
#9332=CARTESIAN_POINT('',(-12.7678788905793,33.0833333333333,2.49632054513294));
#9333=CARTESIAN_POINT('',(-12.7678788905793,33.0833333333333,2.49632054513294));
#9334=CARTESIAN_POINT('',(-36.2678788905793,33.0833333333333,2.49632054513295));
#9335=CARTESIAN_POINT('Origin',(-12.7678788905793,41.8333333333333,2.49632054513294));
#9336=CARTESIAN_POINT('',(-12.7678788905793,41.8333333333333,2.49632054513294));
#9337=CARTESIAN_POINT('',(-12.7678788905793,41.8333333333333,2.49632054513294));
#9338=CARTESIAN_POINT('',(-12.7678788905793,33.0833333333333,2.49632054513294));
#9339=CARTESIAN_POINT('Origin',(-36.2678788905793,41.8333333333333,2.49632054513295));
#9340=CARTESIAN_POINT('',(-12.7678788905793,41.8333333333333,2.49632054513294));
#9341=CARTESIAN_POINT('Origin',(-24.5178788905793,37.4583333333333,2.49632054513294));
#9342=CARTESIAN_POINT('Origin',(0.482121109420666,27.4583333333333,2.49632054513294));
#9343=CARTESIAN_POINT('',(12.2321211094207,27.5,2.49632054513294));
#9344=CARTESIAN_POINT('',(-11.2678788905793,27.5,2.49632054513295));
#9345=CARTESIAN_POINT('',(0.241060554710328,27.5,2.49632054513294));
#9346=CARTESIAN_POINT('',(12.2321211094207,31.8333333333333,2.49632054513294));
#9347=CARTESIAN_POINT('',(12.2321211094207,23.0833333333333,2.49632054513294));
#9348=CARTESIAN_POINT('',(-11.2678788905793,31.8333333333333,2.49632054513295));
#9349=CARTESIAN_POINT('',(12.2321211094207,31.8333333333333,2.49632054513294));
#9350=CARTESIAN_POINT('',(-11.2678788905793,31.8333333333333,2.49632054513295));
#9351=CARTESIAN_POINT('Origin',(12.2321211094207,31.8333333333333,2.49632054513294));
#9352=CARTESIAN_POINT('',(12.2321211094207,27.5,7.98455606360434));
#9353=CARTESIAN_POINT('',(12.2321211094207,31.8333333333333,2.49632054513294));
#9354=CARTESIAN_POINT('Origin',(-11.2678788905793,31.8333333333333,2.49632054513295));
#9355=CARTESIAN_POINT('',(-11.2678788905793,31.8333333333333,2.49632054513295));
#9356=CARTESIAN_POINT('Origin',(-11.2678788905793,23.0833333333333,2.49632054513295));
#9357=CARTESIAN_POINT('',(-11.2678788905793,27.5,7.98455606360435));
#9358=CARTESIAN_POINT('Origin',(25.4821211094207,27.4583333333333,2.49632054513294));
#9359=CARTESIAN_POINT('',(37.2321211094207,27.5,2.49632054513294));
#9360=CARTESIAN_POINT('',(13.7321211094207,27.5,2.49632054513295));
#9361=CARTESIAN_POINT('',(12.7410605547103,27.5,2.49632054513295));
#9362=CARTESIAN_POINT('',(37.2321211094207,31.8333333333333,2.49632054513294));
#9363=CARTESIAN_POINT('',(37.2321211094207,23.0833333333333,2.49632054513294));
#9364=CARTESIAN_POINT('',(13.7321211094207,31.8333333333333,2.49632054513295));
#9365=CARTESIAN_POINT('',(37.2321211094207,31.8333333333333,2.49632054513294));
#9366=CARTESIAN_POINT('',(13.7321211094207,31.8333333333333,2.49632054513295));
#9367=CARTESIAN_POINT('Origin',(37.2321211094207,31.8333333333333,2.49632054513294));
#9368=CARTESIAN_POINT('',(37.2321211094207,27.5,7.98455606360433));
#9369=CARTESIAN_POINT('',(37.2321211094207,31.8333333333333,2.49632054513294));
#9370=CARTESIAN_POINT('Origin',(13.7321211094207,31.8333333333333,2.49632054513295));
#9371=CARTESIAN_POINT('',(13.7321211094207,31.8333333333333,2.49632054513295));
#9372=CARTESIAN_POINT('Origin',(13.7321211094207,23.0833333333333,2.49632054513295));
#9373=CARTESIAN_POINT('',(13.7321211094207,27.5,7.98455606360434));
#9374=CARTESIAN_POINT('Origin',(-12.7678788905793,43.0833333333333,2.49632054513294));
#9375=CARTESIAN_POINT('',(-12.7678788905793,43.0833333333333,2.49632054513294));
#9376=CARTESIAN_POINT('',(-12.7678788905793,43.0833333333333,2.49632054513294));
#9377=CARTESIAN_POINT('',(-36.2678788905793,43.0833333333333,2.49632054513295));
#9378=CARTESIAN_POINT('',(-36.2678788905793,43.0833333333333,2.49632054513295));
#9379=CARTESIAN_POINT('',(-36.2678788905793,43.0833333333333,2.49632054513295));
#9380=CARTESIAN_POINT('Origin',(-12.7678788905793,51.8333333333333,2.49632054513294));
#9381=CARTESIAN_POINT('',(-12.7678788905793,51.8333333333333,2.49632054513294));
#9382=CARTESIAN_POINT('',(-12.7678788905793,51.8333333333333,2.49632054513294));
#9383=CARTESIAN_POINT('',(-12.7678788905793,43.0833333333333,2.49632054513294));
#9384=CARTESIAN_POINT('Origin',(-36.2678788905793,51.8333333333333,2.49632054513295));
#9385=CARTESIAN_POINT('',(-36.2678788905793,51.8333333333333,2.49632054513295));
#9386=CARTESIAN_POINT('',(-36.2678788905793,51.8333333333333,2.49632054513295));
#9387=CARTESIAN_POINT('',(-12.7678788905793,51.8333333333333,2.49632054513294));
#9388=CARTESIAN_POINT('Origin',(-36.2678788905793,43.0833333333333,2.49632054513295));
#9389=CARTESIAN_POINT('',(-36.2678788905793,51.8333333333333,2.49632054513295));
#9390=CARTESIAN_POINT('Origin',(-24.5178788905793,47.4583333333333,2.49632054513294));
#9391=CARTESIAN_POINT('Origin',(12.2321211094207,43.0833333333333,2.49632054513294));
#9392=CARTESIAN_POINT('',(12.2321211094207,43.0833333333333,2.49632054513294));
#9393=CARTESIAN_POINT('',(12.2321211094207,43.0833333333333,2.49632054513294));
#9394=CARTESIAN_POINT('',(-11.2678788905793,43.0833333333333,2.49632054513295));
#9395=CARTESIAN_POINT('',(-11.2678788905793,43.0833333333333,2.49632054513295));
#9396=CARTESIAN_POINT('',(-11.2678788905793,43.0833333333333,2.49632054513295));
#9397=CARTESIAN_POINT('Origin',(12.2321211094207,51.8333333333333,2.49632054513294));
#9398=CARTESIAN_POINT('',(12.2321211094207,51.8333333333333,2.49632054513294));
#9399=CARTESIAN_POINT('',(12.2321211094207,51.8333333333333,2.49632054513294));
#9400=CARTESIAN_POINT('',(12.2321211094207,43.0833333333333,2.49632054513294));
#9401=CARTESIAN_POINT('Origin',(-11.2678788905793,51.8333333333333,2.49632054513295));
#9402=CARTESIAN_POINT('',(-11.2678788905793,51.8333333333333,2.49632054513295));
#9403=CARTESIAN_POINT('',(-11.2678788905793,51.8333333333333,2.49632054513295));
#9404=CARTESIAN_POINT('',(12.2321211094207,51.8333333333333,2.49632054513294));
#9405=CARTESIAN_POINT('Origin',(-11.2678788905793,43.0833333333333,2.49632054513295));
#9406=CARTESIAN_POINT('',(-11.2678788905793,51.8333333333333,2.49632054513295));
#9407=CARTESIAN_POINT('Origin',(0.482121109420666,47.4583333333333,2.49632054513294));
#9408=CARTESIAN_POINT('Origin',(-11.2678788905793,33.0833333333333,2.49632054513295));
#9409=CARTESIAN_POINT('',(-11.2678788905793,33.0833333333333,2.49632054513295));
#9410=CARTESIAN_POINT('',(-11.2678788905793,33.0833333333333,2.49632054513295));
#9411=CARTESIAN_POINT('',(-11.2678788905793,41.8333333333333,2.49632054513295));
#9412=CARTESIAN_POINT('',(-11.2678788905793,41.8333333333333,2.49632054513295));
#9413=CARTESIAN_POINT('',(-11.2678788905793,41.8333333333333,2.49632054513295));
#9414=CARTESIAN_POINT('Origin',(12.2321211094207,33.0833333333333,2.49632054513294));
#9415=CARTESIAN_POINT('',(12.2321211094207,33.0833333333333,2.49632054513294));
#9416=CARTESIAN_POINT('',(12.2321211094207,33.0833333333333,2.49632054513294));
#9417=CARTESIAN_POINT('',(-11.2678788905793,33.0833333333333,2.49632054513295));
#9418=CARTESIAN_POINT('Origin',(12.2321211094207,41.8333333333333,2.49632054513294));
#9419=CARTESIAN_POINT('',(12.2321211094207,41.8333333333333,2.49632054513294));
#9420=CARTESIAN_POINT('',(12.2321211094207,41.8333333333333,2.49632054513294));
#9421=CARTESIAN_POINT('',(12.2321211094207,33.0833333333333,2.49632054513294));
#9422=CARTESIAN_POINT('Origin',(-11.2678788905793,41.8333333333333,2.49632054513295));
#9423=CARTESIAN_POINT('',(12.2321211094207,41.8333333333333,2.49632054513294));
#9424=CARTESIAN_POINT('Origin',(0.482121109420666,37.4583333333333,2.49632054513294));
#9425=CARTESIAN_POINT('Ctrl Pts',(0.475444866519696,52.5,0.185227825092135));
#9426=CARTESIAN_POINT('Ctrl Pts',(0.481989851214678,52.5,0.185227825092135));
#9427=CARTESIAN_POINT('Ctrl Pts',(0.488494532988781,52.4973056725902,0.179839170272619));
#9428=CARTESIAN_POINT('Ctrl Pts',(0.493122536049363,52.4926776695296,0.17058316415145));
#9429=CARTESIAN_POINT('Ctrl Pts',(0.475444866519696,52.5,0.191772809787111));
#9430=CARTESIAN_POINT('Ctrl Pts',(0.483698754923415,52.5,0.191772809787111));
#9431=CARTESIAN_POINT('Ctrl Pts',(0.491889694957466,52.4958451659102,0.186538745619773));
#9432=CARTESIAN_POINT('Ctrl Pts',(0.49668517446648,52.4891150311125,0.177708440985683));
#9433=CARTESIAN_POINT('Ctrl Pts',(0.475444866519696,52.5026943274097,0.198277491561211));
#9434=CARTESIAN_POINT('Ctrl Pts',(0.486108241804377,52.5026943274097,0.198277491561211));
#9435=CARTESIAN_POINT('Ctrl Pts',(0.496718059813009,52.4976777799193,0.193199724484386));
#9436=CARTESIAN_POINT('Ctrl Pts',(0.503674928744797,52.4891150311125,0.184698195263999));
#9437=CARTESIAN_POINT('Ctrl Pts',(0.475444866519696,52.5073223304703,0.202905494621791));
#9438=CARTESIAN_POINT('Ctrl Pts',(0.488534835909656,52.5073223304703,0.202905494621791));
#9439=CARTESIAN_POINT('Ctrl Pts',(0.501544199457869,52.5019336756508,0.197516839802285));
#9440=CARTESIAN_POINT('Ctrl Pts',(0.510800205579032,52.4926776695296,0.188260833681116));
#9441=CARTESIAN_POINT('',(0.510800205579027,52.4926776695296,0.188260833681114));
#9442=CARTESIAN_POINT('',(0.493122536049357,52.4926776695296,0.17058316415145));
#9443=CARTESIAN_POINT('Origin',(0.510800205579027,52.5103553390593,0.170583164151452));
#9444=CARTESIAN_POINT('',(0.475444866519696,52.5,0.185227825092135));
#9445=CARTESIAN_POINT('Origin',(0.475444866519696,52.475,0.135227825092133));
#9446=CARTESIAN_POINT('',(0.501495135683685,52.5,0.195583164151465));
#9447=CARTESIAN_POINT('Ctrl Pts',(0.475444866519696,52.5,0.185227825092135));
#9448=CARTESIAN_POINT('Ctrl Pts',(0.475474959177429,52.5,0.185257917749867));
#9449=CARTESIAN_POINT('Ctrl Pts',(0.475505104092647,52.4999999999997,0.185287949045322));
#9450=CARTESIAN_POINT('Ctrl Pts',(0.475535303114206,52.4999999999575,0.185317920681281));
#9451=CARTESIAN_POINT('Ctrl Pts',(0.476701238082237,52.499999998331,0.186475076662128));
#9452=CARTESIAN_POINT('Ctrl Pts',(0.477931839674762,52.4999995110117,0.187527085300007));
#9453=CARTESIAN_POINT('Ctrl Pts',(0.479240917388176,52.4999989760386,0.188491665595469));
#9454=CARTESIAN_POINT('Ctrl Pts',(0.479691848900303,52.4999987917591,0.188823929789369));
#9455=CARTESIAN_POINT('Ctrl Pts',(0.480151845821445,52.4999986205954,0.189145407678425));
#9456=CARTESIAN_POINT('Ctrl Pts',(0.480620754191255,52.4999983883769,0.189455671487644));
#9457=CARTESIAN_POINT('Ctrl Pts',(0.482237866480019,52.4999975875312,0.190525670342326));
#9458=CARTESIAN_POINT('Ctrl Pts',(0.483942327452384,52.499996390596,0.191452445021024));
#9459=CARTESIAN_POINT('Ctrl Pts',(0.485716134665352,52.4999949671165,0.192242008381234));
#9460=CARTESIAN_POINT('Ctrl Pts',(0.485952598328461,52.4999947773545,0.192347263925944));
#9461=CARTESIAN_POINT('Ctrl Pts',(0.486190294986837,52.4999945596961,0.192450010070625));
#9462=CARTESIAN_POINT('Ctrl Pts',(0.486429183710572,52.499994287746,0.192550202326818));
#9463=CARTESIAN_POINT('Ctrl Pts',(0.488654943180537,52.4999917539486,0.193483707515142));
#9464=CARTESIAN_POINT('Ctrl Pts',(0.49097069999279,52.4999869694312,0.194197481369153));
#9465=CARTESIAN_POINT('Ctrl Pts',(0.49333559416847,52.4999810307114,0.194695046790872));
#9466=CARTESIAN_POINT('Ctrl Pts',(0.496012891940196,52.499974307484,0.195258340831068));
#9467=CARTESIAN_POINT('Ctrl Pts',(0.498743657393242,52.4999659030518,0.195542781741843));
#9468=CARTESIAN_POINT('Ctrl Pts',(0.50148078939193,52.4999682043353,0.195551368486779));
#9469=CARTESIAN_POINT('Origin',(0.475444866519696,52.4573223304703,0.152905494621796));
#9470=CARTESIAN_POINT('Origin',(-3.7106487504914,56.7318042951297,4.39203212022187));
#9471=CARTESIAN_POINT('',(1.21812253604935,51.7676776695297,-0.554416835848532));
#9472=CARTESIAN_POINT('',(1.23609919911204,51.7545883154144,-0.554416835848532));
#9473=CARTESIAN_POINT('Origin',(1.23580020557901,51.7853553390593,-0.554416835848532));
#9474=CARTESIAN_POINT('',(-3.72832642002106,56.7141266256001,4.39203212022187));
#9475=CARTESIAN_POINT('',(1.24615554463833,51.7573223304703,-0.547094505378194));
#9476=CARTESIAN_POINT('',(-3.7106487504914,56.7141266256001,4.40970978975154));
#9477=CARTESIAN_POINT('Origin',(1.24615554463833,51.775,-0.564772174907857));
#9478=CARTESIAN_POINT('Ctrl Pts',(1.23609919911204,51.7545883154144,-0.554416835848539));
#9479=CARTESIAN_POINT('Ctrl Pts',(1.23759594595768,51.7527685802835,-0.556550233504573));
#9480=CARTESIAN_POINT('Ctrl Pts',(1.23890363234349,51.7507853523588,-0.558882033279729));
#9481=CARTESIAN_POINT('Ctrl Pts',(1.23999300321009,51.7486822302657,-0.561365975947598));
#9482=CARTESIAN_POINT('Ctrl Pts',(1.23914941406271,51.7546179573634,-0.55139626284683));
#9483=CARTESIAN_POINT('Ctrl Pts',(1.24085035350889,51.7526066711827,-0.553520556230912));
#9484=CARTESIAN_POINT('Ctrl Pts',(1.24234831001943,51.750413541679,-0.555843734428548));
#9485=CARTESIAN_POINT('Ctrl Pts',(1.24360868468647,51.7480806692868,-0.558316279711705));
#9486=CARTESIAN_POINT('Ctrl Pts',(1.24265044823937,51.7555697822709,-0.548847053577669));
#9487=CARTESIAN_POINT('Ctrl Pts',(1.24462127006636,51.7534144312894,-0.551001409210287));
#9488=CARTESIAN_POINT('Ctrl Pts',(1.24638376611095,51.7510587754881,-0.553359552316216));
#9489=CARTESIAN_POINT('Ctrl Pts',(1.24790181304608,51.7485440259852,-0.55587280986337));
#9490=CARTESIAN_POINT('Ctrl Pts',(1.24615554463834,51.7573223304703,-0.547094505378185));
#9491=CARTESIAN_POINT('Ctrl Pts',(1.24839725360911,51.7550806214996,-0.549336214348954));
#9492=CARTESIAN_POINT('Ctrl Pts',(1.25042506954624,51.7526251171495,-0.551791718699018));
#9493=CARTESIAN_POINT('Ctrl Pts',(1.25220250538772,51.75,-0.554416835848536));
#9494=CARTESIAN_POINT('',(1.25220250538772,51.75,-0.554416835848534));
#9495=CARTESIAN_POINT('Ctrl Pts',(1.25220250538772,51.75,-0.554416835848536));
#9496=CARTESIAN_POINT('Ctrl Pts',(1.25000567768999,51.75,-0.554416835848534));
#9497=CARTESIAN_POINT('Ctrl Pts',(1.24781585878767,51.7503363054962,-0.554420271270547));
#9498=CARTESIAN_POINT('Ctrl Pts',(1.2456821631087,51.7508813602914,-0.554420573563894));
#9499=CARTESIAN_POINT('Ctrl Pts',(1.24510686973786,51.7510283195853,-0.554420655069124));
#9500=CARTESIAN_POINT('Ctrl Pts',(1.24453538820285,51.7511905559031,-0.554420603427606));
#9501=CARTESIAN_POINT('Ctrl Pts',(1.24396816304755,51.7513658179625,-0.55442051254375));
#9502=CARTESIAN_POINT('Ctrl Pts',(1.24152157031223,51.7521217697699,-0.554420120537541));
#9503=CARTESIAN_POINT('Ctrl Pts',(1.23912490783441,51.7531297781736,-0.554417932698983));
#9504=CARTESIAN_POINT('Ctrl Pts',(1.23681035138329,51.7542421676022,-0.554417008255837));
#9505=CARTESIAN_POINT('Ctrl Pts',(1.23657247089937,51.7543564943604,-0.554416913245416));
#9506=CARTESIAN_POINT('Ctrl Pts',(1.23633541716771,51.7544719292126,-0.554416850145939));
#9507=CARTESIAN_POINT('Ctrl Pts',(1.23609919911205,51.7545883154144,-0.554416835848534));
#9508=CARTESIAN_POINT('Origin',(1.21080020557901,51.721966991411,-0.582449844437517));
#9509=CARTESIAN_POINT('Origin',(-31.25,52.125,-0.179416835848533));
#9510=CARTESIAN_POINT('',(60.75,52.5,0.195583164151467));
#9511=CARTESIAN_POINT('',(-31.25,52.5,0.195583164151467));
#9512=CARTESIAN_POINT('',(60.,51.75,-0.554416835848532));
#9513=CARTESIAN_POINT('',(60.,51.75,-0.554416835848532));
#9514=CARTESIAN_POINT('',(-31.25,51.75,-0.554416835848532));
#9515=CARTESIAN_POINT('Ctrl Pts',(1.24615554463834,51.7573223304703,-22.5073223304703));
#9516=CARTESIAN_POINT('Ctrl Pts',(1.24839725360911,51.7550806214996,-22.5050806214996));
#9517=CARTESIAN_POINT('Ctrl Pts',(1.25042506954624,51.7526251171495,-22.5026251171495));
#9518=CARTESIAN_POINT('Ctrl Pts',(1.25220250538772,51.75,-22.5));
#9519=CARTESIAN_POINT('Ctrl Pts',(1.24265044823938,51.7555697822709,-22.5055697822709));
#9520=CARTESIAN_POINT('Ctrl Pts',(1.24462127006636,51.7534144312894,-22.5034154266382));
#9521=CARTESIAN_POINT('Ctrl Pts',(1.24638376611096,51.7510587754881,-22.5010572835323));
#9522=CARTESIAN_POINT('Ctrl Pts',(1.24790181304609,51.7485440259852,-22.4985440259852));
#9523=CARTESIAN_POINT('Ctrl Pts',(1.23914941406273,51.7546179573634,-22.5030205730017));
#9524=CARTESIAN_POINT('Ctrl Pts',(1.2408503535089,51.7526066711827,-22.5008962796176));
#9525=CARTESIAN_POINT('Ctrl Pts',(1.24234831001944,51.750413541679,-22.49857310142));
#9526=CARTESIAN_POINT('Ctrl Pts',(1.24360868468648,51.7480806692868,-22.4961005561368));
#9527=CARTESIAN_POINT('Ctrl Pts',(1.23609919911206,51.7545883154144,-22.5));
#9528=CARTESIAN_POINT('Ctrl Pts',(1.23759594595769,51.7527685802835,-22.497866602344));
#9529=CARTESIAN_POINT('Ctrl Pts',(1.23890363234351,51.7507853523588,-22.4955348025688));
#9530=CARTESIAN_POINT('Ctrl Pts',(1.23999300321011,51.7486822302657,-22.493050859901));
#9531=CARTESIAN_POINT('',(1.23609919911207,51.7545883154144,-22.5));
#9532=CARTESIAN_POINT('',(1.25220250538771,51.75,-22.5));
#9533=CARTESIAN_POINT('Ctrl Pts',(1.23609919911207,51.7545883154144,-22.5));
#9534=CARTESIAN_POINT('Ctrl Pts',(1.23840587866752,51.7534516838973,-22.4999996332918));
#9535=CARTESIAN_POINT('Ctrl Pts',(1.2407937986031,51.7524066670339,-22.4999969961636));
#9536=CARTESIAN_POINT('Ctrl Pts',(1.24323538661231,51.7516001161999,-22.4999964696042));
#9537=CARTESIAN_POINT('Ctrl Pts',(1.24341969039334,51.7515392335416,-22.4999964298567));
#9538=CARTESIAN_POINT('Ctrl Pts',(1.24360427688121,51.7514797117937,-22.4999963926085));
#9539=CARTESIAN_POINT('Ctrl Pts',(1.24378912226802,51.7514216150629,-22.4999963555874));
#9540=CARTESIAN_POINT('Ctrl Pts',(1.24589362332625,51.7507601723647,-22.4999959340952));
#9541=CARTESIAN_POINT('Ctrl Pts',(1.2480603913098,51.7502739118207,-22.4999973762681));
#9542=CARTESIAN_POINT('Ctrl Pts',(1.25025340392473,51.7500853405495,-22.4999990852543));
#9543=CARTESIAN_POINT('Ctrl Pts',(1.25090168296576,51.750029596774,-22.4999995904498));
#9544=CARTESIAN_POINT('Ctrl Pts',(1.25155196996258,51.75,-22.5));
#9545=CARTESIAN_POINT('Ctrl Pts',(1.25220250538772,51.75,-22.5));
#9546=CARTESIAN_POINT('',(1.24615554463834,51.7573223304703,-22.5073223304703));
#9547=CARTESIAN_POINT('Origin',(1.21080020557901,51.721966991411,-22.471966991411));
#9548=CARTESIAN_POINT('Origin',(1.24615554463834,51.775,-22.4896446609407));
#9549=CARTESIAN_POINT('Origin',(8.95148317985454,44.0696723647838,-14.7843170257245));
#9550=CARTESIAN_POINT('',(1.21812253604935,51.7676776695297,-22.5));
#9551=CARTESIAN_POINT('Origin',(1.23580020557901,51.7853553390593,-22.5));
#9552=CARTESIAN_POINT('',(0.510800205579018,52.4926776695297,-23.2426776695297));
#9553=CARTESIAN_POINT('',(8.95148317985454,44.0519946952541,-14.8019946952541));
#9554=CARTESIAN_POINT('',(0.493122536049357,52.4926776695296,-23.225));
#9555=CARTESIAN_POINT('Origin',(0.510800205579018,52.5103553390593,-23.225));
#9556=CARTESIAN_POINT('',(8.93380551032487,44.0519946952541,-14.7843170257245));
#9557=CARTESIAN_POINT('Ctrl Pts',(0.493122536049363,52.4926776695296,-23.225));
#9558=CARTESIAN_POINT('Ctrl Pts',(0.488494532988781,52.4973056725902,-23.2342560061212));
#9559=CARTESIAN_POINT('Ctrl Pts',(0.481989851214678,52.5,-23.2396446609407));
#9560=CARTESIAN_POINT('Ctrl Pts',(0.475444866519696,52.5,-23.2396446609407));
#9561=CARTESIAN_POINT('Ctrl Pts',(0.49668517446648,52.4891150311125,-23.2321252768342));
#9562=CARTESIAN_POINT('Ctrl Pts',(0.491889694957466,52.4958451659102,-23.2409555814683));
#9563=CARTESIAN_POINT('Ctrl Pts',(0.483698754923416,52.5,-23.2461896456356));
#9564=CARTESIAN_POINT('Ctrl Pts',(0.475444866519696,52.5,-23.2461896456356));
#9565=CARTESIAN_POINT('Ctrl Pts',(0.503674928744798,52.4891150311125,-23.2391150311125));
#9566=CARTESIAN_POINT('Ctrl Pts',(0.49671805981301,52.4976777799193,-23.2476165603329));
#9567=CARTESIAN_POINT('Ctrl Pts',(0.486108241804378,52.5026943274097,-23.2526943274097));
#9568=CARTESIAN_POINT('Ctrl Pts',(0.475444866519696,52.5026943274097,-23.2526943274097));
#9569=CARTESIAN_POINT('Ctrl Pts',(0.510800205579034,52.4926776695296,-23.2426776695296));
#9570=CARTESIAN_POINT('Ctrl Pts',(0.50154419945787,52.5019336756508,-23.2519336756508));
#9571=CARTESIAN_POINT('Ctrl Pts',(0.488534835909657,52.5073223304703,-23.2573223304703));
#9572=CARTESIAN_POINT('Ctrl Pts',(0.475444866519696,52.5073223304703,-23.2573223304703));
#9573=CARTESIAN_POINT('',(0.501495135683676,52.5,-23.25));
#9574=CARTESIAN_POINT('',(0.475444866519696,52.5,-23.2396446609407));
#9575=CARTESIAN_POINT('Ctrl Pts',(0.501480789391929,52.4999682043353,-23.2499682043353));
#9576=CARTESIAN_POINT('Ctrl Pts',(0.499528342411384,52.4999665627872,-23.249962079251));
#9577=CARTESIAN_POINT('Ctrl Pts',(0.497578662853937,52.4999706019562,-23.2498154123804));
#9578=CARTESIAN_POINT('Ctrl Pts',(0.495648213624251,52.4999752481526,-23.2495272411359));
#9579=CARTESIAN_POINT('Ctrl Pts',(0.493173103274942,52.499981205237,-23.2491577646334));
#9580=CARTESIAN_POINT('Ctrl Pts',(0.490735386752379,52.4999878425642,-23.2485567509876));
#9581=CARTESIAN_POINT('Ctrl Pts',(0.488378354007448,52.4999916232635,-23.2477205811412));
#9582=CARTESIAN_POINT('Ctrl Pts',(0.486433799342103,52.4999947423447,-23.2470307400776));
#9583=CARTESIAN_POINT('Ctrl Pts',(0.484552149652989,52.499995977088,-23.2461827066721));
#9584=CARTESIAN_POINT('Ctrl Pts',(0.482757558095579,52.4999972325672,-23.2451761145235));
#9585=CARTESIAN_POINT('Ctrl Pts',(0.482592192854913,52.4999973482551,-23.2450833606307));
#9586=CARTESIAN_POINT('Ctrl Pts',(0.482427573343721,52.4999974526006,-23.2449892254266));
#9587=CARTESIAN_POINT('Ctrl Pts',(0.48226372205114,52.499997541971,-23.2448936851531));
#9588=CARTESIAN_POINT('Ctrl Pts',(0.480826417288511,52.4999983259286,-23.24405560516));
#9589=CARTESIAN_POINT('Ctrl Pts',(0.479462877103718,52.4999984486737,-23.2431179211802));
#9590=CARTESIAN_POINT('Ctrl Pts',(0.478174925273379,52.4999991844859,-23.2420873809004));
#9591=CARTESIAN_POINT('Ctrl Pts',(0.477259298437934,52.4999997075874,-23.241354752309));
#9592=CARTESIAN_POINT('Ctrl Pts',(0.476381582947736,52.4999999987769,-23.2405746642414));
#9593=CARTESIAN_POINT('Ctrl Pts',(0.475535303114206,52.4999999999575,-23.2397347565298));
#9594=CARTESIAN_POINT('Ctrl Pts',(0.475505104092473,52.4999999999997,-23.2397047848937));
#9595=CARTESIAN_POINT('Ctrl Pts',(0.475474959177602,52.5,-23.2396747535986));
#9596=CARTESIAN_POINT('Ctrl Pts',(0.475444866519696,52.5,-23.2396446609407));
#9597=CARTESIAN_POINT('Origin',(0.475444866519696,52.475,-23.1896446609407));
#9598=CARTESIAN_POINT('Origin',(0.475444866519696,52.4573223304703,-23.2073223304703));
#9599=CARTESIAN_POINT('Origin',(1.21080020557901,51.7396446609407,-1.42261473136747));
#9600=CARTESIAN_POINT('',(1.22847787510867,51.7573223304703,-0.554416835848532));
#9601=CARTESIAN_POINT('',(1.23580020557901,51.7396446609407,-0.554416835848532));
#9602=CARTESIAN_POINT('Origin',(1.21080020557901,51.7396446609407,-0.554416835848532));
#9603=CARTESIAN_POINT('',(1.23580020557901,51.7396446609407,-22.5));
#9604=CARTESIAN_POINT('',(1.23580020557901,51.7396446609407,-1.42261473136747));
#9605=CARTESIAN_POINT('',(1.22847787510867,51.7573223304703,-22.5));
#9606=CARTESIAN_POINT('Origin',(1.21080020557901,51.7396446609407,-22.5));
#9607=CARTESIAN_POINT('',(1.22847787510867,51.7573223304703,-1.42261473136747));
#9608=CARTESIAN_POINT('Origin',(0.860800205579011,52.125,-4.7908126268864));
#9609=CARTESIAN_POINT('',(-2.57314984581571,55.5589500513947,-0.554416835848532));
#9610=CARTESIAN_POINT('',(28.6768501541842,24.3089500513947,-22.5));
#9611=CARTESIAN_POINT('',(0.493122536049357,52.4926776695296,-8.15901052240533));
#9612=CARTESIAN_POINT('Origin',(0.475444866519696,52.475,-8.15901052240533));
#9613=CARTESIAN_POINT('',(0.475444866519696,52.5,-8.15901052240533));
#9614=CARTESIAN_POINT('Origin',(0.,52.5,-11.5272084179243));
#9615=CARTESIAN_POINT('',(61.75,52.5,-24.25));
#9616=CARTESIAN_POINT('',(61.75,52.5,6.73639579103787));
#9617=CARTESIAN_POINT('',(-61.75,52.5,-24.25));
#9618=CARTESIAN_POINT('',(31.25,52.5,-24.25));
#9619=CARTESIAN_POINT('',(-61.75,52.5,-4.7908126268864));
#9620=CARTESIAN_POINT('',(-60.75,52.5,-23.25));
#9621=CARTESIAN_POINT('',(-60.75,52.5,0.195583164151467));
#9622=CARTESIAN_POINT('',(-60.75,52.5,-4.7908126268864));
#9623=CARTESIAN_POINT('',(-0.514199794420991,52.5,-23.25));
#9624=CARTESIAN_POINT('',(31.25,52.5,-23.25));
#9625=CARTESIAN_POINT('',(-0.514199794420991,52.5,0.195583164151467));
#9626=CARTESIAN_POINT('',(-0.514199794420991,52.5,-18.2636042089621));
#9627=CARTESIAN_POINT('',(-31.25,52.5,0.195583164151467));
#9628=CARTESIAN_POINT('',(60.75,52.5,-23.25));
#9629=CARTESIAN_POINT('',(31.25,52.5,-23.25));
#9630=CARTESIAN_POINT('',(60.75,52.5,6.73639579103787));
#9631=CARTESIAN_POINT('Origin',(1.23580020557901,2.5,1.94558316415147));
#9632=CARTESIAN_POINT('',(1.23580020557901,25.,-0.554416835848532));
#9633=CARTESIAN_POINT('',(1.23580020557901,2.5,-0.554416835848532));
#9634=CARTESIAN_POINT('',(1.23580020557901,25.,0.695583164151468));
#9635=CARTESIAN_POINT('',(1.23580020557901,25.,7.7091873731136));
#9636=CARTESIAN_POINT('',(1.23580020557901,2.5,0.695583164151468));
#9637=CARTESIAN_POINT('',(1.23580020557901,2.5,0.695583164151468));
#9638=CARTESIAN_POINT('',(1.23580020557901,2.5,-22.5));
#9639=CARTESIAN_POINT('',(1.23580020557901,2.5,0.972791582075734));
#9640=CARTESIAN_POINT('',(1.23580020557901,2.5,-22.5));
#9641=CARTESIAN_POINT('Origin',(-60.375,52.125,-4.7908126268864));
#9642=CARTESIAN_POINT('',(-60.,51.75,-0.554416835848532));
#9643=CARTESIAN_POINT('',(-60.75,52.5,0.195583164151467));
#9644=CARTESIAN_POINT('',(-60.,51.75,-22.5));
#9645=CARTESIAN_POINT('',(-60.,51.75,-4.7908126268864));
#9646=CARTESIAN_POINT('',(-60.,51.75,-22.5));
#9647=CARTESIAN_POINT('Origin',(-31.25,52.125,-0.179416835848533));
#9648=CARTESIAN_POINT('',(-1.26419979442099,51.75,-0.554416835848532));
#9649=CARTESIAN_POINT('',(-0.514199794420991,52.5,0.195583164151467));
#9650=CARTESIAN_POINT('',(-31.25,51.75,-0.554416835848532));
#9651=CARTESIAN_POINT('Origin',(-0.889199794420996,52.125,-18.2636042089621));
#9652=CARTESIAN_POINT('',(-1.26419979442099,51.75,-22.5));
#9653=CARTESIAN_POINT('',(-0.514199794420991,52.5,-23.25));
#9654=CARTESIAN_POINT('',(-1.26419979442099,51.75,-18.2636042089621));
#9655=CARTESIAN_POINT('Origin',(31.25,52.125,-22.875));
#9656=CARTESIAN_POINT('',(31.25,51.75,-22.5));
#9657=CARTESIAN_POINT('Origin',(62.5,2.5,-22.5));
#9658=CARTESIAN_POINT('',(-60.,2.5,-22.5));
#9659=CARTESIAN_POINT('',(-60.,2.5,-22.5));
#9660=CARTESIAN_POINT('',(-1.26419979442099,2.5,-22.5));
#9661=CARTESIAN_POINT('',(31.25,2.5,-22.5));
#9662=CARTESIAN_POINT('',(-1.26419979442099,2.5,-22.5));
#9663=CARTESIAN_POINT('Origin',(-60.,2.5,1.94558316415147));
#9664=CARTESIAN_POINT('',(-60.,25.,-0.554416835848532));
#9665=CARTESIAN_POINT('',(-60.,2.5,-0.554416835848532));
#9666=CARTESIAN_POINT('',(-60.,25.,0.695583164151468));
#9667=CARTESIAN_POINT('',(-60.,25.,7.7091873731136));
#9668=CARTESIAN_POINT('',(-60.,2.5,0.695583164151468));
#9669=CARTESIAN_POINT('',(-60.,2.5,0.695583164151468));
#9670=CARTESIAN_POINT('',(-60.,2.5,0.972791582075734));
#9671=CARTESIAN_POINT('Origin',(60.375,52.125,6.73639579103787));
#9672=CARTESIAN_POINT('',(60.,51.75,-22.5));
#9673=CARTESIAN_POINT('',(60.75,52.5,-23.25));
#9674=CARTESIAN_POINT('',(60.,51.75,6.73639579103787));
#9675=CARTESIAN_POINT('Origin',(31.25,52.125,-22.875));
#9676=CARTESIAN_POINT('',(46.875,51.75,-22.5));
#9677=CARTESIAN_POINT('Origin',(-62.5,2.5,-0.554416835848532));
#9678=CARTESIAN_POINT('',(60.,25.,-0.554416835848532));
#9679=CARTESIAN_POINT('',(60.,2.5,-0.554416835848532));
#9680=CARTESIAN_POINT('',(-31.25,25.,-0.554416835848532));
#9681=CARTESIAN_POINT('Origin',(60.,2.5,25.));
#9682=CARTESIAN_POINT('',(60.,2.5,-22.5));
#9683=CARTESIAN_POINT('',(60.,2.5,-22.5));
#9684=CARTESIAN_POINT('',(60.,2.5,0.695583164151468));
#9685=CARTESIAN_POINT('',(60.,2.5,12.5));
#9686=CARTESIAN_POINT('',(60.,25.,0.695583164151468));
#9687=CARTESIAN_POINT('',(60.,2.5,0.695583164151468));
#9688=CARTESIAN_POINT('',(60.,25.,19.2363957910379));
#9689=CARTESIAN_POINT('Origin',(-62.125,52.125,-4.7908126268864));
#9690=CARTESIAN_POINT('',(-62.4166666666667,51.8333333333333,-23.3004549752554));
#9691=CARTESIAN_POINT('',(-62.5,51.75,-23.3004549752554));
#9692=CARTESIAN_POINT('',(-62.24533003099,52.00466996901,-23.3004549752554));
#9693=CARTESIAN_POINT('',(-62.4166666666667,51.8333333333333,0.199545024744636));
#9694=CARTESIAN_POINT('',(-62.4166666666667,51.8333333333333,-2.29563380107088));
#9695=CARTESIAN_POINT('',(-62.5,51.75,0.199545024744636));
#9696=CARTESIAN_POINT('',(-64.43283003099,49.81716996901,0.199545024744638));
#9697=CARTESIAN_POINT('',(-62.5,51.75,-4.7908126268864));
#9698=CARTESIAN_POINT('',(-62.5,51.75,-25.));
#9699=CARTESIAN_POINT('',(-61.75,52.5,-24.25));
#9700=CARTESIAN_POINT('',(-62.5,51.75,-4.7908126268864));
#9701=CARTESIAN_POINT('Origin',(31.25,52.125,-24.625));
#9702=CARTESIAN_POINT('',(-37.7678788905793,51.8333333333333,-24.9166666666667));
#9703=CARTESIAN_POINT('',(-37.7678788905794,51.75,-25.));
#9704=CARTESIAN_POINT('',(-37.7678788905793,52.0199134696166,-24.7300865303834));
#9705=CARTESIAN_POINT('',(-61.2678788905794,51.8333333333333,-24.9166666666667));
#9706=CARTESIAN_POINT('',(-15.0089394452897,51.8333333333333,-24.9166666666667));
#9707=CARTESIAN_POINT('',(-61.2678788905794,51.75,-25.));
#9708=CARTESIAN_POINT('',(-61.2678788905794,49.8324134696166,-26.9175865303834));
#9709=CARTESIAN_POINT('',(31.25,51.75,-25.));
#9710=CARTESIAN_POINT('',(62.5,51.75,-25.));
#9711=CARTESIAN_POINT('',(61.75,52.5,-24.25));
#9712=CARTESIAN_POINT('',(62.2321211094206,51.75,-25.));
#9713=CARTESIAN_POINT('',(31.25,51.75,-25.));
#9714=CARTESIAN_POINT('',(62.2321211094206,51.8333333333333,-24.9166666666667));
#9715=CARTESIAN_POINT('',(62.2321211094206,52.0199134696166,-24.7300865303834));
#9716=CARTESIAN_POINT('',(38.7321211094207,51.8333333333333,-24.9166666666667));
#9717=CARTESIAN_POINT('',(34.9910605547103,51.8333333333333,-24.9166666666667));
#9718=CARTESIAN_POINT('',(38.7321211094206,51.75,-25.));
#9719=CARTESIAN_POINT('',(38.7321211094207,49.8324134696166,-26.9175865303834));
#9720=CARTESIAN_POINT('',(37.2321211094207,51.75,-25.));
#9721=CARTESIAN_POINT('',(31.25,51.75,-25.));
#9722=CARTESIAN_POINT('',(37.2321211094207,51.8333333333333,-24.9166666666667));
#9723=CARTESIAN_POINT('',(37.2321211094207,52.0199134696166,-24.7300865303834));
#9724=CARTESIAN_POINT('',(13.7321211094206,51.8333333333333,-24.9166666666667));
#9725=CARTESIAN_POINT('',(22.4910605547103,51.8333333333333,-24.9166666666667));
#9726=CARTESIAN_POINT('',(13.7321211094206,51.75,-25.));
#9727=CARTESIAN_POINT('',(13.7321211094206,49.8324134696166,-26.9175865303834));
#9728=CARTESIAN_POINT('',(12.2321211094207,51.75,-25.));
#9729=CARTESIAN_POINT('',(31.25,51.75,-25.));
#9730=CARTESIAN_POINT('',(12.2321211094207,51.8333333333333,-24.9166666666667));
#9731=CARTESIAN_POINT('',(12.2321211094207,52.0199134696166,-24.7300865303834));
#9732=CARTESIAN_POINT('',(-11.2678788905794,51.8333333333333,-24.9166666666667));
#9733=CARTESIAN_POINT('',(9.99106055471032,51.8333333333333,-24.9166666666667));
#9734=CARTESIAN_POINT('',(-11.2678788905794,51.75,-25.));
#9735=CARTESIAN_POINT('',(-11.2678788905794,49.8324134696166,-26.9175865303834));
#9736=CARTESIAN_POINT('',(-12.7678788905793,51.75,-25.));
#9737=CARTESIAN_POINT('',(31.25,51.75,-25.));
#9738=CARTESIAN_POINT('',(-12.7678788905793,51.8333333333333,-24.9166666666667));
#9739=CARTESIAN_POINT('',(-12.7678788905793,52.0199134696166,-24.7300865303834));
#9740=CARTESIAN_POINT('',(-36.2678788905794,51.8333333333333,-24.9166666666667));
#9741=CARTESIAN_POINT('',(-2.50893944528968,51.8333333333333,-24.9166666666667));
#9742=CARTESIAN_POINT('',(-36.2678788905794,51.75,-25.));
#9743=CARTESIAN_POINT('',(-36.2678788905794,49.8324134696166,-26.9175865303834));
#9744=CARTESIAN_POINT('',(31.25,51.75,-25.));
#9745=CARTESIAN_POINT('Origin',(62.125,52.125,6.73639579103787));
#9746=CARTESIAN_POINT('',(62.5,51.75,6.73639579103787));
#9747=CARTESIAN_POINT('Origin',(62.5,2.5,25.));
#9748=CARTESIAN_POINT('',(62.5,27.5,25.));
#9749=CARTESIAN_POINT('',(62.5,27.5,-25.));
#9750=CARTESIAN_POINT('',(62.5,0.,25.));
#9751=CARTESIAN_POINT('',(62.5,2.5,25.));
#9752=CARTESIAN_POINT('',(62.5,0.,-25.));
#9753=CARTESIAN_POINT('',(62.5,0.,-25.));
#9754=CARTESIAN_POINT('',(62.5,2.5,-25.));
#9755=CARTESIAN_POINT('',(62.5,13.3333333333333,0.246320545132916));
#9756=CARTESIAN_POINT('',(62.5,13.3333333333333,23.7463205451329));
#9757=CARTESIAN_POINT('',(62.5,13.3333333333333,24.3731602725665));
#9758=CARTESIAN_POINT('',(62.5,22.0833333333333,23.7463205451329));
#9759=CARTESIAN_POINT('',(62.5,12.2916666666667,23.7463205451329));
#9760=CARTESIAN_POINT('',(62.5,22.0833333333333,0.246320545132916));
#9761=CARTESIAN_POINT('',(62.5,22.0833333333333,12.6231602725665));
#9762=CARTESIAN_POINT('',(62.5,7.91666666666666,0.246320545132916));
#9763=CARTESIAN_POINT('',(62.5,3.33333333333334,0.246320545132916));
#9764=CARTESIAN_POINT('',(62.5,3.33333333333334,23.7463205451329));
#9765=CARTESIAN_POINT('',(62.5,3.33333333333334,24.3731602725665));
#9766=CARTESIAN_POINT('',(62.5,12.0833333333333,23.7463205451329));
#9767=CARTESIAN_POINT('',(62.5,7.29166666666667,23.7463205451329));
#9768=CARTESIAN_POINT('',(62.5,12.0833333333333,0.246320545132916));
#9769=CARTESIAN_POINT('',(62.5,12.0833333333333,12.6231602725665));
#9770=CARTESIAN_POINT('',(62.5,2.91666666666667,0.246320545132916));
#9771=CARTESIAN_POINT('',(62.5,13.3333333333333,-24.7536794548671));
#9772=CARTESIAN_POINT('',(62.5,13.3333333333333,-0.753679454867084));
#9773=CARTESIAN_POINT('',(62.5,13.3333333333333,12.1231602725665));
#9774=CARTESIAN_POINT('',(62.5,22.0833333333333,-0.753679454867084));
#9775=CARTESIAN_POINT('',(62.5,12.2916666666667,-0.753679454867084));
#9776=CARTESIAN_POINT('',(62.5,22.0833333333333,-24.7536794548671));
#9777=CARTESIAN_POINT('',(62.5,22.0833333333333,0.373160272566457));
#9778=CARTESIAN_POINT('',(62.5,7.91666666666666,-24.7536794548671));
#9779=CARTESIAN_POINT('',(62.5,22.7083333333333,-24.7536794548671));
#9780=CARTESIAN_POINT('',(62.5,22.7083333333333,-1.25367945486708));
#9781=CARTESIAN_POINT('',(62.5,22.7083333333333,11.8731602725665));
#9782=CARTESIAN_POINT('',(62.5,31.4583333333333,-1.25367945486708));
#9783=CARTESIAN_POINT('',(62.5,16.9791666666667,-1.25367945486708));
#9784=CARTESIAN_POINT('',(62.5,31.4583333333333,-24.7536794548671));
#9785=CARTESIAN_POINT('',(62.5,31.4583333333333,0.123160272566458));
#9786=CARTESIAN_POINT('',(62.5,12.6041666666667,-24.7536794548671));
#9787=CARTESIAN_POINT('',(62.5,32.0833333333333,-24.7536794548671));
#9788=CARTESIAN_POINT('',(62.5,32.0833333333333,-1.25367945486708));
#9789=CARTESIAN_POINT('',(62.5,32.0833333333333,11.8731602725665));
#9790=CARTESIAN_POINT('',(62.5,40.8333333333333,-1.25367945486708));
#9791=CARTESIAN_POINT('',(62.5,21.6666666666667,-1.25367945486708));
#9792=CARTESIAN_POINT('',(62.5,40.8333333333333,-24.7536794548671));
#9793=CARTESIAN_POINT('',(62.5,40.8333333333333,0.123160272566458));
#9794=CARTESIAN_POINT('',(62.5,17.2916666666667,-24.7536794548671));
#9795=CARTESIAN_POINT('',(62.5,41.5833333333333,-24.7536794548671));
#9796=CARTESIAN_POINT('',(62.5,41.5833333333333,-1.25367945486708));
#9797=CARTESIAN_POINT('',(62.5,41.5833333333333,11.8731602725665));
#9798=CARTESIAN_POINT('',(62.5,50.3333333333333,-1.25367945486708));
#9799=CARTESIAN_POINT('',(62.5,26.4166666666667,-1.25367945486708));
#9800=CARTESIAN_POINT('',(62.5,50.3333333333333,-24.7536794548671));
#9801=CARTESIAN_POINT('',(62.5,50.3333333333333,0.123160272566458));
#9802=CARTESIAN_POINT('',(62.5,22.0416666666667,-24.7536794548671));
#9803=CARTESIAN_POINT('',(62.5,3.33333333333334,-24.2536794548671));
#9804=CARTESIAN_POINT('',(62.5,3.33333333333334,-0.753679454867084));
#9805=CARTESIAN_POINT('',(62.5,3.33333333333334,12.1231602725665));
#9806=CARTESIAN_POINT('',(62.5,12.0833333333333,-0.753679454867084));
#9807=CARTESIAN_POINT('',(62.5,7.29166666666667,-0.753679454867084));
#9808=CARTESIAN_POINT('',(62.5,12.0833333333333,-24.2536794548671));
#9809=CARTESIAN_POINT('',(62.5,12.0833333333333,0.373160272566457));
#9810=CARTESIAN_POINT('',(62.5,2.91666666666667,-24.2536794548671));
#9811=CARTESIAN_POINT('Origin',(-37.7678788905793,51.8333333333333,-24.7536794548671));
#9812=CARTESIAN_POINT('',(-37.7678788905793,43.0833333333333,-25.));
#9813=CARTESIAN_POINT('',(-37.7678788905794,27.1666666666667,-25.));
#9814=CARTESIAN_POINT('',(-37.7678788905793,43.0833333333333,-25.5036794548671));
#9815=CARTESIAN_POINT('',(-37.7678788905793,43.0833333333333,-24.7536794548671));
#9816=CARTESIAN_POINT('',(-37.7678788905793,51.8333333333333,-25.5036794548671));
#9817=CARTESIAN_POINT('',(-37.7678788905793,43.0833333333333,-25.5036794548671));
#9818=CARTESIAN_POINT('',(-37.7678788905793,51.8333333333333,-24.7536794548671));
#9819=CARTESIAN_POINT('Origin',(-37.7678788905793,43.0833333333333,-24.7536794548671));
#9820=CARTESIAN_POINT('',(-61.2678788905794,43.0833333333333,-25.));
#9821=CARTESIAN_POINT('',(12.3660605547103,43.0833333333333,-25.));
#9822=CARTESIAN_POINT('',(-61.2678788905794,43.0833333333333,-25.503679454867));
#9823=CARTESIAN_POINT('',(-61.2678788905794,43.0833333333333,-24.753679454867));
#9824=CARTESIAN_POINT('',(-61.2678788905794,43.0833333333333,-25.503679454867));
#9825=CARTESIAN_POINT('Origin',(-61.2678788905794,51.8333333333333,-24.753679454867));
#9826=CARTESIAN_POINT('',(-61.2678788905794,51.8333333333333,-25.503679454867));
#9827=CARTESIAN_POINT('',(-37.7678788905793,51.8333333333333,-25.5036794548671));
#9828=CARTESIAN_POINT('',(-61.2678788905794,51.8333333333333,-24.753679454867));
#9829=CARTESIAN_POINT('Origin',(-61.2678788905794,43.0833333333333,-24.753679454867));
#9830=CARTESIAN_POINT('',(-61.2678788905794,51.8333333333333,-25.503679454867));
#9831=CARTESIAN_POINT('',(-61.2678788905794,22.7916666666667,-25.));
#9832=CARTESIAN_POINT('Origin',(-49.5178788905793,47.4583333333333,-25.5036794548671));
#9833=CARTESIAN_POINT('Origin',(-62.3146534572932,12.0833333333333,1.19954502474463));
#9834=CARTESIAN_POINT('',(-62.5,3.33333333333334,1.19954502474463));
#9835=CARTESIAN_POINT('',(-62.5,12.0833333333333,1.19954502474463));
#9836=CARTESIAN_POINT('',(-62.5,7.29166666666667,1.19954502474463));
#9837=CARTESIAN_POINT('',(-63.0646534572933,3.33333333333334,1.19954502474463));
#9838=CARTESIAN_POINT('',(-62.3146534572932,3.33333333333334,1.19954502474463));
#9839=CARTESIAN_POINT('',(-63.0646534572933,12.0833333333333,1.19954502474463));
#9840=CARTESIAN_POINT('',(-63.0646534572933,3.33333333333334,1.19954502474463));
#9841=CARTESIAN_POINT('',(-62.3146534572932,12.0833333333333,1.19954502474463));
#9842=CARTESIAN_POINT('Origin',(-62.3146534572932,3.33333333333334,1.19954502474463));
#9843=CARTESIAN_POINT('',(-62.5,3.33333333333334,24.6995450247446));
#9844=CARTESIAN_POINT('',(-62.5,3.33333333333334,1.57256409444805));
#9845=CARTESIAN_POINT('',(-63.0646534572932,3.33333333333334,24.6995450247446));
#9846=CARTESIAN_POINT('',(-62.3146534572932,3.33333333333334,24.6995450247446));
#9847=CARTESIAN_POINT('',(-63.0646534572932,3.33333333333334,24.6995450247446));
#9848=CARTESIAN_POINT('Origin',(-62.3146534572932,12.0833333333333,24.6995450247446));
#9849=CARTESIAN_POINT('',(-62.5,12.0833333333333,24.6995450247446));
#9850=CARTESIAN_POINT('',(-62.5,12.0833333333333,13.3225640944481));
#9851=CARTESIAN_POINT('',(-63.0646534572932,12.0833333333333,24.6995450247446));
#9852=CARTESIAN_POINT('',(-63.0646534572933,12.0833333333333,1.19954502474463));
#9853=CARTESIAN_POINT('',(-62.3146534572932,12.0833333333333,24.6995450247446));
#9854=CARTESIAN_POINT('Origin',(-62.3146534572932,3.33333333333334,24.6995450247446));
#9855=CARTESIAN_POINT('',(-62.5,2.91666666666667,24.6995450247446));
#9856=CARTESIAN_POINT('',(-63.0646534572932,12.0833333333333,24.6995450247446));
#9857=CARTESIAN_POINT('Origin',(-63.0646534572932,7.70833333333334,12.9495450247446));
#9858=CARTESIAN_POINT('Origin',(-62.3146534572933,11.8333333333333,-23.3004549752554));
#9859=CARTESIAN_POINT('',(-62.5,3.08333333333334,-23.3004549752554));
#9860=CARTESIAN_POINT('',(-62.5,11.8333333333333,-23.3004549752554));
#9861=CARTESIAN_POINT('',(-62.5,7.16666666666667,-23.3004549752554));
#9862=CARTESIAN_POINT('',(-63.0646534572933,3.08333333333334,-23.3004549752554));
#9863=CARTESIAN_POINT('',(-62.3146534572933,3.08333333333334,-23.3004549752554));
#9864=CARTESIAN_POINT('',(-63.0646534572933,11.8333333333333,-23.3004549752554));
#9865=CARTESIAN_POINT('',(-63.0646534572933,3.08333333333334,-23.3004549752554));
#9866=CARTESIAN_POINT('',(-62.3146534572933,11.8333333333333,-23.3004549752554));
#9867=CARTESIAN_POINT('Origin',(-62.3146534572933,3.08333333333334,-23.3004549752554));
#9868=CARTESIAN_POINT('',(-62.5,3.08333333333334,0.199545024744636));
#9869=CARTESIAN_POINT('',(-62.5,3.08333333333334,-10.677435905552));
#9870=CARTESIAN_POINT('',(-63.0646534572932,3.08333333333334,0.199545024744636));
#9871=CARTESIAN_POINT('',(-62.3146534572932,3.08333333333334,0.199545024744636));
#9872=CARTESIAN_POINT('',(-63.0646534572932,3.08333333333334,0.199545024744636));
#9873=CARTESIAN_POINT('Origin',(-62.3146534572932,11.8333333333333,0.199545024744636));
#9874=CARTESIAN_POINT('',(-62.5,11.8333333333333,0.199545024744636));
#9875=CARTESIAN_POINT('',(-62.5,11.8333333333333,1.07256409444805));
#9876=CARTESIAN_POINT('',(-63.0646534572932,11.8333333333333,0.199545024744636));
#9877=CARTESIAN_POINT('',(-63.0646534572933,11.8333333333333,-23.3004549752554));
#9878=CARTESIAN_POINT('',(-62.3146534572932,11.8333333333333,0.199545024744636));
#9879=CARTESIAN_POINT('Origin',(-62.3146534572932,3.08333333333334,0.199545024744636));
#9880=CARTESIAN_POINT('',(-62.5,2.79166666666667,0.199545024744636));
#9881=CARTESIAN_POINT('',(-63.0646534572932,11.8333333333333,0.199545024744636));
#9882=CARTESIAN_POINT('Origin',(-63.0646534572933,7.45833333333334,-11.5504549752554));
#9883=CARTESIAN_POINT('Origin',(-62.3146534572932,22.0833333333333,1.19954502474463));
#9884=CARTESIAN_POINT('',(-62.5,13.3333333333333,1.19954502474463));
#9885=CARTESIAN_POINT('',(-62.5,22.0833333333333,1.19954502474463));
#9886=CARTESIAN_POINT('',(-62.5,12.2916666666667,1.19954502474463));
#9887=CARTESIAN_POINT('',(-63.0646534572933,13.3333333333333,1.19954502474463));
#9888=CARTESIAN_POINT('',(-62.3146534572932,13.3333333333333,1.19954502474463));
#9889=CARTESIAN_POINT('',(-63.0646534572933,22.0833333333333,1.19954502474463));
#9890=CARTESIAN_POINT('',(-63.0646534572933,13.3333333333333,1.19954502474463));
#9891=CARTESIAN_POINT('',(-62.3146534572932,22.0833333333333,1.19954502474463));
#9892=CARTESIAN_POINT('Origin',(-62.3146534572932,13.3333333333333,1.19954502474463));
#9893=CARTESIAN_POINT('',(-62.5,13.3333333333333,24.6995450247446));
#9894=CARTESIAN_POINT('',(-62.5,13.3333333333333,1.57256409444805));
#9895=CARTESIAN_POINT('',(-63.0646534572932,13.3333333333333,24.6995450247446));
#9896=CARTESIAN_POINT('',(-62.3146534572932,13.3333333333333,24.6995450247446));
#9897=CARTESIAN_POINT('',(-63.0646534572932,13.3333333333333,24.6995450247446));
#9898=CARTESIAN_POINT('Origin',(-62.3146534572932,22.0833333333333,24.6995450247446));
#9899=CARTESIAN_POINT('',(-62.5,22.0833333333333,24.6995450247446));
#9900=CARTESIAN_POINT('',(-62.5,22.0833333333333,13.3225640944481));
#9901=CARTESIAN_POINT('',(-63.0646534572932,22.0833333333333,24.6995450247446));
#9902=CARTESIAN_POINT('',(-63.0646534572933,22.0833333333333,1.19954502474463));
#9903=CARTESIAN_POINT('',(-62.3146534572932,22.0833333333333,24.6995450247446));
#9904=CARTESIAN_POINT('Origin',(-62.3146534572932,13.3333333333333,24.6995450247446));
#9905=CARTESIAN_POINT('',(-62.5,7.91666666666666,24.6995450247446));
#9906=CARTESIAN_POINT('',(-63.0646534572932,22.0833333333333,24.6995450247446));
#9907=CARTESIAN_POINT('Origin',(-63.0646534572932,17.7083333333333,12.9495450247446));
#9908=CARTESIAN_POINT('Origin',(-62.3146534572933,21.8333333333333,-23.3004549752554));
#9909=CARTESIAN_POINT('',(-62.5,13.0833333333333,-23.3004549752554));
#9910=CARTESIAN_POINT('',(-62.5,21.8333333333333,-23.3004549752554));
#9911=CARTESIAN_POINT('',(-62.5,12.1666666666667,-23.3004549752554));
#9912=CARTESIAN_POINT('',(-63.0646534572933,13.0833333333333,-23.3004549752554));
#9913=CARTESIAN_POINT('',(-62.3146534572933,13.0833333333333,-23.3004549752554));
#9914=CARTESIAN_POINT('',(-63.0646534572933,21.8333333333333,-23.3004549752554));
#9915=CARTESIAN_POINT('',(-63.0646534572933,13.0833333333333,-23.3004549752554));
#9916=CARTESIAN_POINT('',(-62.3146534572933,21.8333333333333,-23.3004549752554));
#9917=CARTESIAN_POINT('Origin',(-62.3146534572933,13.0833333333333,-23.3004549752554));
#9918=CARTESIAN_POINT('',(-62.5,13.0833333333333,0.199545024744636));
#9919=CARTESIAN_POINT('',(-62.5,13.0833333333333,-10.677435905552));
#9920=CARTESIAN_POINT('',(-63.0646534572932,13.0833333333333,0.199545024744636));
#9921=CARTESIAN_POINT('',(-62.3146534572932,13.0833333333333,0.199545024744636));
#9922=CARTESIAN_POINT('',(-63.0646534572932,13.0833333333333,0.199545024744636));
#9923=CARTESIAN_POINT('Origin',(-62.3146534572932,21.8333333333333,0.199545024744636));
#9924=CARTESIAN_POINT('',(-62.5,21.8333333333333,0.199545024744636));
#9925=CARTESIAN_POINT('',(-62.5,21.8333333333333,1.07256409444805));
#9926=CARTESIAN_POINT('',(-63.0646534572932,21.8333333333333,0.199545024744636));
#9927=CARTESIAN_POINT('',(-63.0646534572933,21.8333333333333,-23.3004549752554));
#9928=CARTESIAN_POINT('',(-62.3146534572932,21.8333333333333,0.199545024744636));
#9929=CARTESIAN_POINT('Origin',(-62.3146534572932,13.0833333333333,0.199545024744636));
#9930=CARTESIAN_POINT('',(-62.5,7.79166666666667,0.199545024744636));
#9931=CARTESIAN_POINT('',(-63.0646534572932,21.8333333333333,0.199545024744636));
#9932=CARTESIAN_POINT('Origin',(-63.0646534572933,17.4583333333333,-11.5504549752554));
#9933=CARTESIAN_POINT('Origin',(-62.3146534572933,31.8333333333333,-23.3004549752554));
#9934=CARTESIAN_POINT('',(-62.5,23.0833333333333,-23.3004549752554));
#9935=CARTESIAN_POINT('',(-62.5,31.8333333333333,-23.3004549752554));
#9936=CARTESIAN_POINT('',(-62.5,17.1666666666667,-23.3004549752554));
#9937=CARTESIAN_POINT('',(-63.0646534572933,23.0833333333333,-23.3004549752554));
#9938=CARTESIAN_POINT('',(-62.3146534572933,23.0833333333333,-23.3004549752554));
#9939=CARTESIAN_POINT('',(-63.0646534572933,31.8333333333333,-23.3004549752554));
#9940=CARTESIAN_POINT('',(-63.0646534572933,23.0833333333333,-23.3004549752554));
#9941=CARTESIAN_POINT('',(-62.3146534572933,31.8333333333333,-23.3004549752554));
#9942=CARTESIAN_POINT('Origin',(-62.3146534572933,23.0833333333333,-23.3004549752554));
#9943=CARTESIAN_POINT('',(-62.5,23.0833333333333,0.199545024744636));
#9944=CARTESIAN_POINT('',(-62.5,23.0833333333333,-10.677435905552));
#9945=CARTESIAN_POINT('',(-63.0646534572932,23.0833333333333,0.199545024744636));
#9946=CARTESIAN_POINT('',(-62.3146534572932,23.0833333333333,0.199545024744636));
#9947=CARTESIAN_POINT('',(-63.0646534572932,23.0833333333333,0.199545024744636));
#9948=CARTESIAN_POINT('Origin',(-62.3146534572932,31.8333333333333,0.199545024744636));
#9949=CARTESIAN_POINT('',(-62.5,31.8333333333333,0.199545024744636));
#9950=CARTESIAN_POINT('',(-62.5,31.8333333333333,1.07256409444805));
#9951=CARTESIAN_POINT('',(-63.0646534572932,31.8333333333333,0.199545024744636));
#9952=CARTESIAN_POINT('',(-63.0646534572933,31.8333333333333,-23.3004549752554));
#9953=CARTESIAN_POINT('',(-62.3146534572932,31.8333333333333,0.199545024744636));
#9954=CARTESIAN_POINT('Origin',(-62.3146534572932,23.0833333333333,0.199545024744636));
#9955=CARTESIAN_POINT('',(-62.5,12.7916666666667,0.199545024744636));
#9956=CARTESIAN_POINT('',(-63.0646534572932,31.8333333333333,0.199545024744636));
#9957=CARTESIAN_POINT('Origin',(-63.0646534572933,27.4583333333333,-11.5504549752554));
#9958=CARTESIAN_POINT('Origin',(-62.3146534572933,41.8333333333333,-23.3004549752554));
#9959=CARTESIAN_POINT('',(-62.5,33.0833333333333,-23.3004549752554));
#9960=CARTESIAN_POINT('',(-62.5,41.8333333333333,-23.3004549752554));
#9961=CARTESIAN_POINT('',(-62.5,22.1666666666667,-23.3004549752554));
#9962=CARTESIAN_POINT('',(-63.0646534572933,33.0833333333333,-23.3004549752554));
#9963=CARTESIAN_POINT('',(-62.3146534572933,33.0833333333333,-23.3004549752554));
#9964=CARTESIAN_POINT('',(-63.0646534572933,41.8333333333333,-23.3004549752554));
#9965=CARTESIAN_POINT('',(-63.0646534572933,33.0833333333333,-23.3004549752554));
#9966=CARTESIAN_POINT('',(-62.3146534572933,41.8333333333333,-23.3004549752554));
#9967=CARTESIAN_POINT('Origin',(-62.3146534572933,33.0833333333333,-23.3004549752554));
#9968=CARTESIAN_POINT('',(-62.5,33.0833333333333,0.199545024744636));
#9969=CARTESIAN_POINT('',(-62.5,33.0833333333333,-10.677435905552));
#9970=CARTESIAN_POINT('',(-63.0646534572932,33.0833333333333,0.199545024744636));
#9971=CARTESIAN_POINT('',(-62.3146534572932,33.0833333333333,0.199545024744636));
#9972=CARTESIAN_POINT('',(-63.0646534572932,33.0833333333333,0.199545024744636));
#9973=CARTESIAN_POINT('Origin',(-62.3146534572932,41.8333333333333,0.199545024744636));
#9974=CARTESIAN_POINT('',(-62.5,41.8333333333333,0.199545024744636));
#9975=CARTESIAN_POINT('',(-62.5,41.8333333333333,1.07256409444805));
#9976=CARTESIAN_POINT('',(-63.0646534572932,41.8333333333333,0.199545024744636));
#9977=CARTESIAN_POINT('',(-63.0646534572933,41.8333333333333,-23.3004549752554));
#9978=CARTESIAN_POINT('',(-62.3146534572932,41.8333333333333,0.199545024744636));
#9979=CARTESIAN_POINT('Origin',(-62.3146534572932,33.0833333333333,0.199545024744636));
#9980=CARTESIAN_POINT('',(-62.5,17.7916666666667,0.199545024744636));
#9981=CARTESIAN_POINT('',(-63.0646534572932,41.8333333333333,0.199545024744636));
#9982=CARTESIAN_POINT('Origin',(-63.0646534572933,37.4583333333333,-11.5504549752554));
#9983=CARTESIAN_POINT('Origin',(62.2321211094207,12.0833333333333,-0.753679454867084));
#9984=CARTESIAN_POINT('',(62.9821211094207,3.33333333333334,-0.753679454867084));
#9985=CARTESIAN_POINT('',(62.2321211094207,3.33333333333334,-0.753679454867084));
#9986=CARTESIAN_POINT('',(62.9821211094207,12.0833333333333,-0.753679454867084));
#9987=CARTESIAN_POINT('',(62.9821211094207,3.33333333333334,-0.753679454867084));
#9988=CARTESIAN_POINT('',(62.2321211094207,12.0833333333333,-0.753679454867084));
#9989=CARTESIAN_POINT('Origin',(62.2321211094207,3.33333333333334,-0.753679454867084));
#9990=CARTESIAN_POINT('',(62.9821211094207,3.33333333333334,-24.2536794548671));
#9991=CARTESIAN_POINT('',(62.2321211094207,3.33333333333334,-24.2536794548671));
#9992=CARTESIAN_POINT('',(62.9821211094207,3.33333333333334,-24.2536794548671));
#9993=CARTESIAN_POINT('Origin',(62.2321211094207,12.0833333333333,-24.2536794548671));
#9994=CARTESIAN_POINT('',(62.9821211094207,12.0833333333333,-24.2536794548671));
#9995=CARTESIAN_POINT('',(62.9821211094207,12.0833333333333,-0.753679454867084));
#9996=CARTESIAN_POINT('',(62.2321211094207,12.0833333333333,-24.2536794548671));
#9997=CARTESIAN_POINT('Origin',(62.2321211094207,3.33333333333334,-24.2536794548671));
#9998=CARTESIAN_POINT('',(62.9821211094207,12.0833333333333,-24.2536794548671));
#9999=CARTESIAN_POINT('Origin',(62.9821211094207,7.70833333333334,-12.5036794548671));
#10000=CARTESIAN_POINT('Origin',(-62.3146534572933,51.8333333333333,-23.3004549752554));
#10001=CARTESIAN_POINT('',(-62.5,43.0833333333333,-23.3004549752554));
#10002=CARTESIAN_POINT('',(-62.5,27.1666666666667,-23.3004549752554));
#10003=CARTESIAN_POINT('',(-63.0646534572933,43.0833333333333,-23.3004549752554));
#10004=CARTESIAN_POINT('',(-62.3146534572933,43.0833333333333,-23.3004549752554));
#10005=CARTESIAN_POINT('',(-63.0646534572933,51.8333333333333,-23.3004549752554));
#10006=CARTESIAN_POINT('',(-63.0646534572933,43.0833333333333,-23.3004549752554));
#10007=CARTESIAN_POINT('',(-62.3146534572933,51.8333333333333,-23.3004549752554));
#10008=CARTESIAN_POINT('Origin',(-62.3146534572933,43.0833333333333,-23.3004549752554));
#10009=CARTESIAN_POINT('',(-62.5,43.0833333333333,0.199545024744636));
#10010=CARTESIAN_POINT('',(-62.5,43.0833333333333,-10.677435905552));
#10011=CARTESIAN_POINT('',(-63.0646534572932,43.0833333333333,0.199545024744636));
#10012=CARTESIAN_POINT('',(-62.3146534572932,43.0833333333333,0.199545024744636));
#10013=CARTESIAN_POINT('',(-63.0646534572932,43.0833333333333,0.199545024744636));
#10014=CARTESIAN_POINT('Origin',(-62.3146534572932,51.8333333333333,0.199545024744636));
#10015=CARTESIAN_POINT('',(-63.0646534572932,51.8333333333333,0.199545024744636));
#10016=CARTESIAN_POINT('',(-63.0646534572933,51.8333333333333,-23.3004549752554));
#10017=CARTESIAN_POINT('',(-62.3146534572932,51.8333333333333,0.199545024744636));
#10018=CARTESIAN_POINT('Origin',(-62.3146534572932,43.0833333333333,0.199545024744636));
#10019=CARTESIAN_POINT('',(-63.0646534572932,51.8333333333333,0.199545024744636));
#10020=CARTESIAN_POINT('',(-62.5,22.7916666666667,0.199545024744636));
#10021=CARTESIAN_POINT('Origin',(-63.0646534572933,47.4583333333333,-11.5504549752554));
#10022=CARTESIAN_POINT('Origin',(-37.7678788905793,41.8333333333333,-24.7536794548671));
#10023=CARTESIAN_POINT('',(-37.7678788905793,33.0833333333333,-25.));
#10024=CARTESIAN_POINT('',(-37.7678788905793,41.8333333333333,-25.));
#10025=CARTESIAN_POINT('',(-37.7678788905794,22.1666666666667,-25.));
#10026=CARTESIAN_POINT('',(-37.7678788905793,33.0833333333333,-25.5036794548671));
#10027=CARTESIAN_POINT('',(-37.7678788905793,33.0833333333333,-24.7536794548671));
#10028=CARTESIAN_POINT('',(-37.7678788905793,41.8333333333333,-25.5036794548671));
#10029=CARTESIAN_POINT('',(-37.7678788905793,33.0833333333333,-25.5036794548671));
#10030=CARTESIAN_POINT('',(-37.7678788905793,41.8333333333333,-24.7536794548671));
#10031=CARTESIAN_POINT('Origin',(-37.7678788905793,33.0833333333333,-24.7536794548671));
#10032=CARTESIAN_POINT('',(-61.2678788905794,33.0833333333333,-25.));
#10033=CARTESIAN_POINT('',(12.3660605547103,33.0833333333333,-25.));
#10034=CARTESIAN_POINT('',(-61.2678788905794,33.0833333333333,-25.503679454867));
#10035=CARTESIAN_POINT('',(-61.2678788905794,33.0833333333333,-24.753679454867));
#10036=CARTESIAN_POINT('',(-61.2678788905794,33.0833333333333,-25.503679454867));
#10037=CARTESIAN_POINT('Origin',(-61.2678788905794,41.8333333333333,-24.753679454867));
#10038=CARTESIAN_POINT('',(-61.2678788905794,41.8333333333333,-25.));
#10039=CARTESIAN_POINT('',(0.616060554710325,41.8333333333333,-25.));
#10040=CARTESIAN_POINT('',(-61.2678788905794,41.8333333333333,-25.503679454867));
#10041=CARTESIAN_POINT('',(-37.7678788905793,41.8333333333333,-25.5036794548671));
#10042=CARTESIAN_POINT('',(-61.2678788905794,41.8333333333333,-24.753679454867));
#10043=CARTESIAN_POINT('Origin',(-61.2678788905794,33.0833333333333,-24.753679454867));
#10044=CARTESIAN_POINT('',(-61.2678788905794,17.7916666666667,-25.));
#10045=CARTESIAN_POINT('',(-61.2678788905794,41.8333333333333,-25.503679454867));
#10046=CARTESIAN_POINT('Origin',(-49.5178788905793,37.4583333333333,-25.5036794548671));
#10047=CARTESIAN_POINT('Origin',(-37.7678788905793,31.8333333333333,-24.7536794548671));
#10048=CARTESIAN_POINT('',(-37.7678788905793,23.0833333333333,-25.));
#10049=CARTESIAN_POINT('',(-37.7678788905793,31.8333333333333,-25.));
#10050=CARTESIAN_POINT('',(-37.7678788905794,17.1666666666667,-25.));
#10051=CARTESIAN_POINT('',(-37.7678788905793,23.0833333333333,-25.5036794548671));
#10052=CARTESIAN_POINT('',(-37.7678788905793,23.0833333333333,-24.7536794548671));
#10053=CARTESIAN_POINT('',(-37.7678788905793,31.8333333333333,-25.5036794548671));
#10054=CARTESIAN_POINT('',(-37.7678788905793,23.0833333333333,-25.5036794548671));
#10055=CARTESIAN_POINT('',(-37.7678788905793,31.8333333333333,-24.7536794548671));
#10056=CARTESIAN_POINT('Origin',(-37.7678788905793,23.0833333333333,-24.7536794548671));
#10057=CARTESIAN_POINT('',(-61.2678788905794,23.0833333333333,-25.));
#10058=CARTESIAN_POINT('',(12.3660605547103,23.0833333333333,-25.));
#10059=CARTESIAN_POINT('',(-61.2678788905794,23.0833333333333,-25.503679454867));
#10060=CARTESIAN_POINT('',(-61.2678788905794,23.0833333333333,-24.753679454867));
#10061=CARTESIAN_POINT('',(-61.2678788905794,23.0833333333333,-25.503679454867));
#10062=CARTESIAN_POINT('Origin',(-61.2678788905794,31.8333333333333,-24.753679454867));
#10063=CARTESIAN_POINT('',(-61.2678788905794,31.8333333333333,-25.));
#10064=CARTESIAN_POINT('',(0.616060554710325,31.8333333333333,-25.));
#10065=CARTESIAN_POINT('',(-61.2678788905794,31.8333333333333,-25.503679454867));
#10066=CARTESIAN_POINT('',(-37.7678788905793,31.8333333333333,-25.5036794548671));
#10067=CARTESIAN_POINT('',(-61.2678788905794,31.8333333333333,-24.753679454867));
#10068=CARTESIAN_POINT('Origin',(-61.2678788905794,23.0833333333333,-24.753679454867));
#10069=CARTESIAN_POINT('',(-61.2678788905794,12.7916666666667,-25.));
#10070=CARTESIAN_POINT('',(-61.2678788905794,31.8333333333333,-25.503679454867));
#10071=CARTESIAN_POINT('Origin',(-49.5178788905793,27.4583333333333,-25.5036794548671));
#10072=CARTESIAN_POINT('Origin',(-37.7678788905793,21.8333333333333,-24.7536794548671));
#10073=CARTESIAN_POINT('',(-37.7678788905793,13.0833333333333,-25.));
#10074=CARTESIAN_POINT('',(-37.7678788905793,21.8333333333333,-25.));
#10075=CARTESIAN_POINT('',(-37.7678788905794,12.1666666666667,-25.));
#10076=CARTESIAN_POINT('',(-37.7678788905793,13.0833333333333,-25.5036794548671));
#10077=CARTESIAN_POINT('',(-37.7678788905793,13.0833333333333,-24.7536794548671));
#10078=CARTESIAN_POINT('',(-37.7678788905793,21.8333333333333,-25.5036794548671));
#10079=CARTESIAN_POINT('',(-37.7678788905793,13.0833333333333,-25.5036794548671));
#10080=CARTESIAN_POINT('',(-37.7678788905793,21.8333333333333,-24.7536794548671));
#10081=CARTESIAN_POINT('Origin',(-37.7678788905793,13.0833333333333,-24.7536794548671));
#10082=CARTESIAN_POINT('',(-61.2678788905794,13.0833333333333,-25.));
#10083=CARTESIAN_POINT('',(12.3660605547103,13.0833333333333,-25.));
#10084=CARTESIAN_POINT('',(-61.2678788905794,13.0833333333333,-25.503679454867));
#10085=CARTESIAN_POINT('',(-61.2678788905794,13.0833333333333,-24.753679454867));
#10086=CARTESIAN_POINT('',(-61.2678788905794,13.0833333333333,-25.503679454867));
#10087=CARTESIAN_POINT('Origin',(-61.2678788905794,21.8333333333333,-24.753679454867));
#10088=CARTESIAN_POINT('',(-61.2678788905794,21.8333333333333,-25.));
#10089=CARTESIAN_POINT('',(0.616060554710325,21.8333333333333,-25.));
#10090=CARTESIAN_POINT('',(-61.2678788905794,21.8333333333333,-25.503679454867));
#10091=CARTESIAN_POINT('',(-37.7678788905793,21.8333333333333,-25.5036794548671));
#10092=CARTESIAN_POINT('',(-61.2678788905794,21.8333333333333,-24.753679454867));
#10093=CARTESIAN_POINT('Origin',(-61.2678788905794,13.0833333333333,-24.753679454867));
#10094=CARTESIAN_POINT('',(-61.2678788905794,7.79166666666667,-25.));
#10095=CARTESIAN_POINT('',(-61.2678788905794,21.8333333333333,-25.503679454867));
#10096=CARTESIAN_POINT('Origin',(-49.5178788905793,17.4583333333333,-25.5036794548671));
#10097=CARTESIAN_POINT('Origin',(-37.7678788905793,11.8333333333333,-24.7536794548671));
#10098=CARTESIAN_POINT('',(-37.7678788905793,3.08333333333334,-25.));
#10099=CARTESIAN_POINT('',(-37.7678788905793,11.8333333333333,-25.));
#10100=CARTESIAN_POINT('',(-37.7678788905794,7.16666666666667,-25.));
#10101=CARTESIAN_POINT('',(-37.7678788905793,3.08333333333334,-25.5036794548671));
#10102=CARTESIAN_POINT('',(-37.7678788905793,3.08333333333334,-24.7536794548671));
#10103=CARTESIAN_POINT('',(-37.7678788905793,11.8333333333333,-25.5036794548671));
#10104=CARTESIAN_POINT('',(-37.7678788905793,3.08333333333334,-25.5036794548671));
#10105=CARTESIAN_POINT('',(-37.7678788905793,11.8333333333333,-24.7536794548671));
#10106=CARTESIAN_POINT('Origin',(-37.7678788905793,3.08333333333334,-24.7536794548671));
#10107=CARTESIAN_POINT('',(-61.2678788905794,3.08333333333334,-25.));
#10108=CARTESIAN_POINT('',(12.3660605547103,3.08333333333334,-25.));
#10109=CARTESIAN_POINT('',(-61.2678788905794,3.08333333333334,-25.503679454867));
#10110=CARTESIAN_POINT('',(-61.2678788905794,3.08333333333334,-24.753679454867));
#10111=CARTESIAN_POINT('',(-61.2678788905794,3.08333333333334,-25.503679454867));
#10112=CARTESIAN_POINT('Origin',(-61.2678788905794,11.8333333333333,-24.753679454867));
#10113=CARTESIAN_POINT('',(-61.2678788905794,11.8333333333333,-25.));
#10114=CARTESIAN_POINT('',(0.616060554710325,11.8333333333333,-25.));
#10115=CARTESIAN_POINT('',(-61.2678788905794,11.8333333333333,-25.503679454867));
#10116=CARTESIAN_POINT('',(-37.7678788905793,11.8333333333333,-25.5036794548671));
#10117=CARTESIAN_POINT('',(-61.2678788905794,11.8333333333333,-24.753679454867));
#10118=CARTESIAN_POINT('Origin',(-61.2678788905794,3.08333333333334,-24.753679454867));
#10119=CARTESIAN_POINT('',(-61.2678788905794,2.79166666666667,-25.));
#10120=CARTESIAN_POINT('',(-61.2678788905794,11.8333333333333,-25.503679454867));
#10121=CARTESIAN_POINT('Origin',(-49.5178788905793,7.45833333333334,-25.5036794548671));
#10122=CARTESIAN_POINT('Origin',(-12.7678788905793,41.8333333333333,-24.7536794548671));
#10123=CARTESIAN_POINT('',(-12.7678788905793,33.0833333333333,-25.));
#10124=CARTESIAN_POINT('',(-12.7678788905793,41.8333333333333,-25.));
#10125=CARTESIAN_POINT('',(-12.7678788905793,22.1666666666667,-25.));
#10126=CARTESIAN_POINT('',(-12.7678788905793,33.0833333333333,-25.5036794548671));
#10127=CARTESIAN_POINT('',(-12.7678788905793,33.0833333333333,-24.7536794548671));
#10128=CARTESIAN_POINT('',(-12.7678788905793,41.8333333333333,-25.5036794548671));
#10129=CARTESIAN_POINT('',(-12.7678788905793,33.0833333333333,-25.5036794548671));
#10130=CARTESIAN_POINT('',(-12.7678788905793,41.8333333333333,-24.7536794548671));
#10131=CARTESIAN_POINT('Origin',(-12.7678788905793,33.0833333333333,-24.7536794548671));
#10132=CARTESIAN_POINT('',(-36.2678788905794,33.0833333333333,-25.));
#10133=CARTESIAN_POINT('',(24.8660605547103,33.0833333333333,-25.));
#10134=CARTESIAN_POINT('',(-36.2678788905794,33.0833333333333,-25.503679454867));
#10135=CARTESIAN_POINT('',(-36.2678788905794,33.0833333333333,-24.753679454867));
#10136=CARTESIAN_POINT('',(-36.2678788905794,33.0833333333333,-25.503679454867));
#10137=CARTESIAN_POINT('Origin',(-36.2678788905794,41.8333333333333,-24.753679454867));
#10138=CARTESIAN_POINT('',(-36.2678788905794,41.8333333333333,-25.));
#10139=CARTESIAN_POINT('',(13.1160605547103,41.8333333333333,-25.));
#10140=CARTESIAN_POINT('',(-36.2678788905794,41.8333333333333,-25.503679454867));
#10141=CARTESIAN_POINT('',(-12.7678788905793,41.8333333333333,-25.5036794548671));
#10142=CARTESIAN_POINT('',(-36.2678788905794,41.8333333333333,-24.753679454867));
#10143=CARTESIAN_POINT('Origin',(-36.2678788905794,33.0833333333333,-24.753679454867));
#10144=CARTESIAN_POINT('',(-36.2678788905794,17.7916666666667,-25.));
#10145=CARTESIAN_POINT('',(-36.2678788905794,41.8333333333333,-25.503679454867));
#10146=CARTESIAN_POINT('Origin',(-24.5178788905793,37.4583333333333,-25.5036794548671));
#10147=CARTESIAN_POINT('Origin',(-12.7678788905793,51.8333333333333,-24.7536794548671));
#10148=CARTESIAN_POINT('',(-12.7678788905793,43.0833333333333,-25.));
#10149=CARTESIAN_POINT('',(-12.7678788905793,27.1666666666667,-25.));
#10150=CARTESIAN_POINT('',(-12.7678788905793,43.0833333333333,-25.5036794548671));
#10151=CARTESIAN_POINT('',(-12.7678788905793,43.0833333333333,-24.7536794548671));
#10152=CARTESIAN_POINT('',(-12.7678788905793,51.8333333333333,-25.5036794548671));
#10153=CARTESIAN_POINT('',(-12.7678788905793,43.0833333333333,-25.5036794548671));
#10154=CARTESIAN_POINT('',(-12.7678788905793,51.8333333333333,-24.7536794548671));
#10155=CARTESIAN_POINT('Origin',(-12.7678788905793,43.0833333333333,-24.7536794548671));
#10156=CARTESIAN_POINT('',(-36.2678788905794,43.0833333333333,-25.));
#10157=CARTESIAN_POINT('',(24.8660605547103,43.0833333333333,-25.));
#10158=CARTESIAN_POINT('',(-36.2678788905794,43.0833333333333,-25.503679454867));
#10159=CARTESIAN_POINT('',(-36.2678788905794,43.0833333333333,-24.753679454867));
#10160=CARTESIAN_POINT('',(-36.2678788905794,43.0833333333333,-25.503679454867));
#10161=CARTESIAN_POINT('Origin',(-36.2678788905794,51.8333333333333,-24.753679454867));
#10162=CARTESIAN_POINT('',(-36.2678788905794,51.8333333333333,-25.503679454867));
#10163=CARTESIAN_POINT('',(-12.7678788905793,51.8333333333333,-25.5036794548671));
#10164=CARTESIAN_POINT('',(-36.2678788905794,51.8333333333333,-24.753679454867));
#10165=CARTESIAN_POINT('Origin',(-36.2678788905794,43.0833333333333,-24.753679454867));
#10166=CARTESIAN_POINT('',(-36.2678788905794,51.8333333333333,-25.503679454867));
#10167=CARTESIAN_POINT('',(-36.2678788905794,22.7916666666667,-25.));
#10168=CARTESIAN_POINT('Origin',(-24.5178788905793,47.4583333333333,-25.5036794548671));
#10169=CARTESIAN_POINT('Origin',(-12.7678788905793,31.8333333333333,-24.7536794548671));
#10170=CARTESIAN_POINT('',(-12.7678788905793,23.0833333333333,-25.));
#10171=CARTESIAN_POINT('',(-12.7678788905793,31.8333333333333,-25.));
#10172=CARTESIAN_POINT('',(-12.7678788905793,17.1666666666667,-25.));
#10173=CARTESIAN_POINT('',(-12.7678788905793,23.0833333333333,-25.5036794548671));
#10174=CARTESIAN_POINT('',(-12.7678788905793,23.0833333333333,-24.7536794548671));
#10175=CARTESIAN_POINT('',(-12.7678788905793,31.8333333333333,-25.5036794548671));
#10176=CARTESIAN_POINT('',(-12.7678788905793,23.0833333333333,-25.5036794548671));
#10177=CARTESIAN_POINT('',(-12.7678788905793,31.8333333333333,-24.7536794548671));
#10178=CARTESIAN_POINT('Origin',(-12.7678788905793,23.0833333333333,-24.7536794548671));
#10179=CARTESIAN_POINT('',(-36.2678788905794,23.0833333333333,-25.));
#10180=CARTESIAN_POINT('',(24.8660605547103,23.0833333333333,-25.));
#10181=CARTESIAN_POINT('',(-36.2678788905794,23.0833333333333,-25.503679454867));
#10182=CARTESIAN_POINT('',(-36.2678788905794,23.0833333333333,-24.753679454867));
#10183=CARTESIAN_POINT('',(-36.2678788905794,23.0833333333333,-25.503679454867));
#10184=CARTESIAN_POINT('Origin',(-36.2678788905794,31.8333333333333,-24.753679454867));
#10185=CARTESIAN_POINT('',(-36.2678788905794,31.8333333333333,-25.));
#10186=CARTESIAN_POINT('',(13.1160605547103,31.8333333333333,-25.));
#10187=CARTESIAN_POINT('',(-36.2678788905794,31.8333333333333,-25.503679454867));
#10188=CARTESIAN_POINT('',(-12.7678788905793,31.8333333333333,-25.5036794548671));
#10189=CARTESIAN_POINT('',(-36.2678788905794,31.8333333333333,-24.753679454867));
#10190=CARTESIAN_POINT('Origin',(-36.2678788905794,23.0833333333333,-24.753679454867));
#10191=CARTESIAN_POINT('',(-36.2678788905794,12.7916666666667,-25.));
#10192=CARTESIAN_POINT('',(-36.2678788905794,31.8333333333333,-25.503679454867));
#10193=CARTESIAN_POINT('Origin',(-24.5178788905793,27.4583333333333,-25.5036794548671));
#10194=CARTESIAN_POINT('Origin',(-12.7678788905793,21.8333333333333,-24.7536794548671));
#10195=CARTESIAN_POINT('',(-12.7678788905793,13.0833333333333,-25.));
#10196=CARTESIAN_POINT('',(-12.7678788905793,21.8333333333333,-25.));
#10197=CARTESIAN_POINT('',(-12.7678788905793,12.1666666666667,-25.));
#10198=CARTESIAN_POINT('',(-12.7678788905793,13.0833333333333,-25.5036794548671));
#10199=CARTESIAN_POINT('',(-12.7678788905793,13.0833333333333,-24.7536794548671));
#10200=CARTESIAN_POINT('',(-12.7678788905793,21.8333333333333,-25.5036794548671));
#10201=CARTESIAN_POINT('',(-12.7678788905793,13.0833333333333,-25.5036794548671));
#10202=CARTESIAN_POINT('',(-12.7678788905793,21.8333333333333,-24.7536794548671));
#10203=CARTESIAN_POINT('Origin',(-12.7678788905793,13.0833333333333,-24.7536794548671));
#10204=CARTESIAN_POINT('',(-36.2678788905794,13.0833333333333,-25.));
#10205=CARTESIAN_POINT('',(24.8660605547103,13.0833333333333,-25.));
#10206=CARTESIAN_POINT('',(-36.2678788905794,13.0833333333333,-25.503679454867));
#10207=CARTESIAN_POINT('',(-36.2678788905794,13.0833333333333,-24.753679454867));
#10208=CARTESIAN_POINT('',(-36.2678788905794,13.0833333333333,-25.503679454867));
#10209=CARTESIAN_POINT('Origin',(-36.2678788905794,21.8333333333333,-24.753679454867));
#10210=CARTESIAN_POINT('',(-36.2678788905794,21.8333333333333,-25.));
#10211=CARTESIAN_POINT('',(13.1160605547103,21.8333333333333,-25.));
#10212=CARTESIAN_POINT('',(-36.2678788905794,21.8333333333333,-25.503679454867));
#10213=CARTESIAN_POINT('',(-12.7678788905793,21.8333333333333,-25.5036794548671));
#10214=CARTESIAN_POINT('',(-36.2678788905794,21.8333333333333,-24.753679454867));
#10215=CARTESIAN_POINT('Origin',(-36.2678788905794,13.0833333333333,-24.753679454867));
#10216=CARTESIAN_POINT('',(-36.2678788905794,7.79166666666667,-25.));
#10217=CARTESIAN_POINT('',(-36.2678788905794,21.8333333333333,-25.503679454867));
#10218=CARTESIAN_POINT('Origin',(-24.5178788905793,17.4583333333333,-25.5036794548671));
#10219=CARTESIAN_POINT('Origin',(-12.7678788905793,11.8333333333333,-24.7536794548671));
#10220=CARTESIAN_POINT('',(-12.7678788905793,3.08333333333334,-25.));
#10221=CARTESIAN_POINT('',(-12.7678788905793,11.8333333333333,-25.));
#10222=CARTESIAN_POINT('',(-12.7678788905793,7.16666666666667,-25.));
#10223=CARTESIAN_POINT('',(-12.7678788905793,3.08333333333334,-25.5036794548671));
#10224=CARTESIAN_POINT('',(-12.7678788905793,3.08333333333334,-24.7536794548671));
#10225=CARTESIAN_POINT('',(-12.7678788905793,11.8333333333333,-25.5036794548671));
#10226=CARTESIAN_POINT('',(-12.7678788905793,3.08333333333334,-25.5036794548671));
#10227=CARTESIAN_POINT('',(-12.7678788905793,11.8333333333333,-24.7536794548671));
#10228=CARTESIAN_POINT('Origin',(-12.7678788905793,3.08333333333334,-24.7536794548671));
#10229=CARTESIAN_POINT('',(-36.2678788905794,3.08333333333334,-25.));
#10230=CARTESIAN_POINT('',(24.8660605547103,3.08333333333334,-25.));
#10231=CARTESIAN_POINT('',(-36.2678788905794,3.08333333333334,-25.503679454867));
#10232=CARTESIAN_POINT('',(-36.2678788905794,3.08333333333334,-24.753679454867));
#10233=CARTESIAN_POINT('',(-36.2678788905794,3.08333333333334,-25.503679454867));
#10234=CARTESIAN_POINT('Origin',(-36.2678788905794,11.8333333333333,-24.753679454867));
#10235=CARTESIAN_POINT('',(-36.2678788905794,11.8333333333333,-25.));
#10236=CARTESIAN_POINT('',(13.1160605547103,11.8333333333333,-25.));
#10237=CARTESIAN_POINT('',(-36.2678788905794,11.8333333333333,-25.503679454867));
#10238=CARTESIAN_POINT('',(-12.7678788905793,11.8333333333333,-25.5036794548671));
#10239=CARTESIAN_POINT('',(-36.2678788905794,11.8333333333333,-24.753679454867));
#10240=CARTESIAN_POINT('Origin',(-36.2678788905794,3.08333333333334,-24.753679454867));
#10241=CARTESIAN_POINT('',(-36.2678788905794,2.79166666666667,-25.));
#10242=CARTESIAN_POINT('',(-36.2678788905794,11.8333333333333,-25.503679454867));
#10243=CARTESIAN_POINT('Origin',(-24.5178788905793,7.45833333333334,-25.5036794548671));
#10244=CARTESIAN_POINT('Origin',(12.2321211094207,41.8333333333333,-24.7536794548671));
#10245=CARTESIAN_POINT('',(12.2321211094207,33.0833333333333,-25.));
#10246=CARTESIAN_POINT('',(12.2321211094207,41.8333333333333,-25.));
#10247=CARTESIAN_POINT('',(12.2321211094207,22.1666666666667,-25.));
#10248=CARTESIAN_POINT('',(12.2321211094207,33.0833333333333,-25.5036794548671));
#10249=CARTESIAN_POINT('',(12.2321211094207,33.0833333333333,-24.7536794548671));
#10250=CARTESIAN_POINT('',(12.2321211094207,41.8333333333333,-25.5036794548671));
#10251=CARTESIAN_POINT('',(12.2321211094207,33.0833333333333,-25.5036794548671));
#10252=CARTESIAN_POINT('',(12.2321211094207,41.8333333333333,-24.7536794548671));
#10253=CARTESIAN_POINT('Origin',(12.2321211094207,33.0833333333333,-24.7536794548671));
#10254=CARTESIAN_POINT('',(-11.2678788905794,33.0833333333333,-25.));
#10255=CARTESIAN_POINT('',(37.3660605547103,33.0833333333333,-25.));
#10256=CARTESIAN_POINT('',(-11.2678788905794,33.0833333333333,-25.503679454867));
#10257=CARTESIAN_POINT('',(-11.2678788905794,33.0833333333333,-24.753679454867));
#10258=CARTESIAN_POINT('',(-11.2678788905794,33.0833333333333,-25.503679454867));
#10259=CARTESIAN_POINT('Origin',(-11.2678788905794,41.8333333333333,-24.753679454867));
#10260=CARTESIAN_POINT('',(-11.2678788905794,41.8333333333333,-25.));
#10261=CARTESIAN_POINT('',(25.6160605547103,41.8333333333333,-25.));
#10262=CARTESIAN_POINT('',(-11.2678788905794,41.8333333333333,-25.503679454867));
#10263=CARTESIAN_POINT('',(12.2321211094207,41.8333333333333,-25.5036794548671));
#10264=CARTESIAN_POINT('',(-11.2678788905794,41.8333333333333,-24.753679454867));
#10265=CARTESIAN_POINT('Origin',(-11.2678788905794,33.0833333333333,-24.753679454867));
#10266=CARTESIAN_POINT('',(-11.2678788905794,17.7916666666667,-25.));
#10267=CARTESIAN_POINT('',(-11.2678788905794,41.8333333333333,-25.503679454867));
#10268=CARTESIAN_POINT('Origin',(0.482121109420657,37.4583333333333,-25.5036794548671));
#10269=CARTESIAN_POINT('Origin',(12.2321211094207,51.8333333333333,-24.7536794548671));
#10270=CARTESIAN_POINT('',(12.2321211094207,43.0833333333333,-25.));
#10271=CARTESIAN_POINT('',(12.2321211094207,27.1666666666667,-25.));
#10272=CARTESIAN_POINT('',(12.2321211094207,43.0833333333333,-25.5036794548671));
#10273=CARTESIAN_POINT('',(12.2321211094207,43.0833333333333,-24.7536794548671));
#10274=CARTESIAN_POINT('',(12.2321211094207,51.8333333333333,-25.5036794548671));
#10275=CARTESIAN_POINT('',(12.2321211094207,43.0833333333333,-25.5036794548671));
#10276=CARTESIAN_POINT('',(12.2321211094207,51.8333333333333,-24.7536794548671));
#10277=CARTESIAN_POINT('Origin',(12.2321211094207,43.0833333333333,-24.7536794548671));
#10278=CARTESIAN_POINT('',(-11.2678788905794,43.0833333333333,-25.));
#10279=CARTESIAN_POINT('',(37.3660605547103,43.0833333333333,-25.));
#10280=CARTESIAN_POINT('',(-11.2678788905794,43.0833333333333,-25.503679454867));
#10281=CARTESIAN_POINT('',(-11.2678788905794,43.0833333333333,-24.753679454867));
#10282=CARTESIAN_POINT('',(-11.2678788905794,43.0833333333333,-25.503679454867));
#10283=CARTESIAN_POINT('Origin',(-11.2678788905794,51.8333333333333,-24.753679454867));
#10284=CARTESIAN_POINT('',(-11.2678788905794,51.8333333333333,-25.503679454867));
#10285=CARTESIAN_POINT('',(12.2321211094207,51.8333333333333,-25.5036794548671));
#10286=CARTESIAN_POINT('',(-11.2678788905794,51.8333333333333,-24.753679454867));
#10287=CARTESIAN_POINT('Origin',(-11.2678788905794,43.0833333333333,-24.753679454867));
#10288=CARTESIAN_POINT('',(-11.2678788905794,51.8333333333333,-25.503679454867));
#10289=CARTESIAN_POINT('',(-11.2678788905794,22.7916666666667,-25.));
#10290=CARTESIAN_POINT('Origin',(0.482121109420657,47.4583333333333,-25.5036794548671));
#10291=CARTESIAN_POINT('Origin',(12.2321211094207,31.8333333333333,-24.7536794548671));
#10292=CARTESIAN_POINT('',(12.2321211094207,23.0833333333333,-25.));
#10293=CARTESIAN_POINT('',(12.2321211094207,31.8333333333333,-25.));
#10294=CARTESIAN_POINT('',(12.2321211094207,17.1666666666667,-25.));
#10295=CARTESIAN_POINT('',(12.2321211094207,23.0833333333333,-25.5036794548671));
#10296=CARTESIAN_POINT('',(12.2321211094207,23.0833333333333,-24.7536794548671));
#10297=CARTESIAN_POINT('',(12.2321211094207,31.8333333333333,-25.5036794548671));
#10298=CARTESIAN_POINT('',(12.2321211094207,23.0833333333333,-25.5036794548671));
#10299=CARTESIAN_POINT('',(12.2321211094207,31.8333333333333,-24.7536794548671));
#10300=CARTESIAN_POINT('Origin',(12.2321211094207,23.0833333333333,-24.7536794548671));
#10301=CARTESIAN_POINT('',(-11.2678788905794,23.0833333333333,-25.));
#10302=CARTESIAN_POINT('',(37.3660605547103,23.0833333333333,-25.));
#10303=CARTESIAN_POINT('',(-11.2678788905794,23.0833333333333,-25.503679454867));
#10304=CARTESIAN_POINT('',(-11.2678788905794,23.0833333333333,-24.753679454867));
#10305=CARTESIAN_POINT('',(-11.2678788905794,23.0833333333333,-25.503679454867));
#10306=CARTESIAN_POINT('Origin',(-11.2678788905794,31.8333333333333,-24.753679454867));
#10307=CARTESIAN_POINT('',(-11.2678788905794,31.8333333333333,-25.));
#10308=CARTESIAN_POINT('',(25.6160605547103,31.8333333333333,-25.));
#10309=CARTESIAN_POINT('',(-11.2678788905794,31.8333333333333,-25.503679454867));
#10310=CARTESIAN_POINT('',(12.2321211094207,31.8333333333333,-25.5036794548671));
#10311=CARTESIAN_POINT('',(-11.2678788905794,31.8333333333333,-24.753679454867));
#10312=CARTESIAN_POINT('Origin',(-11.2678788905794,23.0833333333333,-24.753679454867));
#10313=CARTESIAN_POINT('',(-11.2678788905794,12.7916666666667,-25.));
#10314=CARTESIAN_POINT('',(-11.2678788905794,31.8333333333333,-25.503679454867));
#10315=CARTESIAN_POINT('Origin',(0.482121109420657,27.4583333333333,-25.5036794548671));
#10316=CARTESIAN_POINT('Origin',(12.2321211094207,21.8333333333333,-24.7536794548671));
#10317=CARTESIAN_POINT('',(12.2321211094207,13.0833333333333,-25.));
#10318=CARTESIAN_POINT('',(12.2321211094207,21.8333333333333,-25.));
#10319=CARTESIAN_POINT('',(12.2321211094207,12.1666666666667,-25.));
#10320=CARTESIAN_POINT('',(12.2321211094207,13.0833333333333,-25.5036794548671));
#10321=CARTESIAN_POINT('',(12.2321211094207,13.0833333333333,-24.7536794548671));
#10322=CARTESIAN_POINT('',(12.2321211094207,21.8333333333333,-25.5036794548671));
#10323=CARTESIAN_POINT('',(12.2321211094207,13.0833333333333,-25.5036794548671));
#10324=CARTESIAN_POINT('',(12.2321211094207,21.8333333333333,-24.7536794548671));
#10325=CARTESIAN_POINT('Origin',(12.2321211094207,13.0833333333333,-24.7536794548671));
#10326=CARTESIAN_POINT('',(-11.2678788905794,13.0833333333333,-25.));
#10327=CARTESIAN_POINT('',(37.3660605547103,13.0833333333333,-25.));
#10328=CARTESIAN_POINT('',(-11.2678788905794,13.0833333333333,-25.503679454867));
#10329=CARTESIAN_POINT('',(-11.2678788905794,13.0833333333333,-24.753679454867));
#10330=CARTESIAN_POINT('',(-11.2678788905794,13.0833333333333,-25.503679454867));
#10331=CARTESIAN_POINT('Origin',(-11.2678788905794,21.8333333333333,-24.753679454867));
#10332=CARTESIAN_POINT('',(-11.2678788905794,21.8333333333333,-25.));
#10333=CARTESIAN_POINT('',(25.6160605547103,21.8333333333333,-25.));
#10334=CARTESIAN_POINT('',(-11.2678788905794,21.8333333333333,-25.503679454867));
#10335=CARTESIAN_POINT('',(12.2321211094207,21.8333333333333,-25.5036794548671));
#10336=CARTESIAN_POINT('',(-11.2678788905794,21.8333333333333,-24.753679454867));
#10337=CARTESIAN_POINT('Origin',(-11.2678788905794,13.0833333333333,-24.753679454867));
#10338=CARTESIAN_POINT('',(-11.2678788905794,7.79166666666667,-25.));
#10339=CARTESIAN_POINT('',(-11.2678788905794,21.8333333333333,-25.503679454867));
#10340=CARTESIAN_POINT('Origin',(0.482121109420657,17.4583333333333,-25.5036794548671));
#10341=CARTESIAN_POINT('Origin',(12.2321211094207,11.8333333333333,-24.7536794548671));
#10342=CARTESIAN_POINT('',(12.2321211094207,3.08333333333334,-25.));
#10343=CARTESIAN_POINT('',(12.2321211094207,11.8333333333333,-25.));
#10344=CARTESIAN_POINT('',(12.2321211094207,7.16666666666667,-25.));
#10345=CARTESIAN_POINT('',(12.2321211094207,3.08333333333334,-25.5036794548671));
#10346=CARTESIAN_POINT('',(12.2321211094207,3.08333333333334,-24.7536794548671));
#10347=CARTESIAN_POINT('',(12.2321211094207,11.8333333333333,-25.5036794548671));
#10348=CARTESIAN_POINT('',(12.2321211094207,3.08333333333334,-25.5036794548671));
#10349=CARTESIAN_POINT('',(12.2321211094207,11.8333333333333,-24.7536794548671));
#10350=CARTESIAN_POINT('Origin',(12.2321211094207,3.08333333333334,-24.7536794548671));
#10351=CARTESIAN_POINT('',(-11.2678788905794,3.08333333333334,-25.));
#10352=CARTESIAN_POINT('',(37.3660605547103,3.08333333333334,-25.));
#10353=CARTESIAN_POINT('',(-11.2678788905794,3.08333333333334,-25.503679454867));
#10354=CARTESIAN_POINT('',(-11.2678788905794,3.08333333333334,-24.753679454867));
#10355=CARTESIAN_POINT('',(-11.2678788905794,3.08333333333334,-25.503679454867));
#10356=CARTESIAN_POINT('Origin',(-11.2678788905794,11.8333333333333,-24.753679454867));
#10357=CARTESIAN_POINT('',(-11.2678788905794,11.8333333333333,-25.));
#10358=CARTESIAN_POINT('',(25.6160605547103,11.8333333333333,-25.));
#10359=CARTESIAN_POINT('',(-11.2678788905794,11.8333333333333,-25.503679454867));
#10360=CARTESIAN_POINT('',(12.2321211094207,11.8333333333333,-25.5036794548671));
#10361=CARTESIAN_POINT('',(-11.2678788905794,11.8333333333333,-24.753679454867));
#10362=CARTESIAN_POINT('Origin',(-11.2678788905794,3.08333333333334,-24.753679454867));
#10363=CARTESIAN_POINT('',(-11.2678788905794,2.79166666666667,-25.));
#10364=CARTESIAN_POINT('',(-11.2678788905794,11.8333333333333,-25.503679454867));
#10365=CARTESIAN_POINT('Origin',(0.482121109420657,7.45833333333334,-25.5036794548671));
#10366=CARTESIAN_POINT('Origin',(37.2321211094207,51.8333333333333,-24.7536794548671));
#10367=CARTESIAN_POINT('',(37.2321211094207,43.0833333333333,-25.));
#10368=CARTESIAN_POINT('',(37.2321211094207,27.1666666666667,-25.));
#10369=CARTESIAN_POINT('',(37.2321211094207,43.0833333333333,-25.5036794548671));
#10370=CARTESIAN_POINT('',(37.2321211094207,43.0833333333333,-24.7536794548671));
#10371=CARTESIAN_POINT('',(37.2321211094207,51.8333333333333,-25.5036794548671));
#10372=CARTESIAN_POINT('',(37.2321211094207,43.0833333333333,-25.5036794548671));
#10373=CARTESIAN_POINT('',(37.2321211094207,51.8333333333333,-24.7536794548671));
#10374=CARTESIAN_POINT('Origin',(37.2321211094207,43.0833333333333,-24.7536794548671));
#10375=CARTESIAN_POINT('',(13.7321211094206,43.0833333333333,-25.));
#10376=CARTESIAN_POINT('',(49.8660605547103,43.0833333333333,-25.));
#10377=CARTESIAN_POINT('',(13.7321211094206,43.0833333333333,-25.503679454867));
#10378=CARTESIAN_POINT('',(13.7321211094206,43.0833333333333,-24.753679454867));
#10379=CARTESIAN_POINT('',(13.7321211094206,43.0833333333333,-25.503679454867));
#10380=CARTESIAN_POINT('Origin',(13.7321211094206,51.8333333333333,-24.753679454867));
#10381=CARTESIAN_POINT('',(13.7321211094206,51.8333333333333,-25.503679454867));
#10382=CARTESIAN_POINT('',(37.2321211094207,51.8333333333333,-25.5036794548671));
#10383=CARTESIAN_POINT('',(13.7321211094206,51.8333333333333,-24.753679454867));
#10384=CARTESIAN_POINT('Origin',(13.7321211094206,43.0833333333333,-24.753679454867));
#10385=CARTESIAN_POINT('',(13.7321211094206,51.8333333333333,-25.503679454867));
#10386=CARTESIAN_POINT('',(13.7321211094206,22.7916666666667,-25.));
#10387=CARTESIAN_POINT('Origin',(25.4821211094207,47.4583333333333,-25.5036794548671));
#10388=CARTESIAN_POINT('Origin',(37.2321211094207,41.8333333333333,-24.7536794548671));
#10389=CARTESIAN_POINT('',(37.2321211094207,33.0833333333333,-25.));
#10390=CARTESIAN_POINT('',(37.2321211094207,41.8333333333333,-25.));
#10391=CARTESIAN_POINT('',(37.2321211094207,22.1666666666667,-25.));
#10392=CARTESIAN_POINT('',(37.2321211094207,33.0833333333333,-25.5036794548671));
#10393=CARTESIAN_POINT('',(37.2321211094207,33.0833333333333,-24.7536794548671));
#10394=CARTESIAN_POINT('',(37.2321211094207,41.8333333333333,-25.5036794548671));
#10395=CARTESIAN_POINT('',(37.2321211094207,33.0833333333333,-25.5036794548671));
#10396=CARTESIAN_POINT('',(37.2321211094207,41.8333333333333,-24.7536794548671));
#10397=CARTESIAN_POINT('Origin',(37.2321211094207,33.0833333333333,-24.7536794548671));
#10398=CARTESIAN_POINT('',(13.7321211094206,33.0833333333333,-25.));
#10399=CARTESIAN_POINT('',(49.8660605547103,33.0833333333333,-25.));
#10400=CARTESIAN_POINT('',(13.7321211094206,33.0833333333333,-25.503679454867));
#10401=CARTESIAN_POINT('',(13.7321211094206,33.0833333333333,-24.753679454867));
#10402=CARTESIAN_POINT('',(13.7321211094206,33.0833333333333,-25.503679454867));
#10403=CARTESIAN_POINT('Origin',(13.7321211094206,41.8333333333333,-24.753679454867));
#10404=CARTESIAN_POINT('',(13.7321211094206,41.8333333333333,-25.));
#10405=CARTESIAN_POINT('',(38.1160605547103,41.8333333333333,-25.));
#10406=CARTESIAN_POINT('',(13.7321211094206,41.8333333333333,-25.503679454867));
#10407=CARTESIAN_POINT('',(37.2321211094207,41.8333333333333,-25.5036794548671));
#10408=CARTESIAN_POINT('',(13.7321211094206,41.8333333333333,-24.753679454867));
#10409=CARTESIAN_POINT('Origin',(13.7321211094206,33.0833333333333,-24.753679454867));
#10410=CARTESIAN_POINT('',(13.7321211094206,17.7916666666667,-25.));
#10411=CARTESIAN_POINT('',(13.7321211094206,41.8333333333333,-25.503679454867));
#10412=CARTESIAN_POINT('Origin',(25.4821211094207,37.4583333333333,-25.5036794548671));
#10413=CARTESIAN_POINT('Origin',(37.2321211094207,31.8333333333333,-24.7536794548671));
#10414=CARTESIAN_POINT('',(37.2321211094207,23.0833333333333,-25.));
#10415=CARTESIAN_POINT('',(37.2321211094207,31.8333333333333,-25.));
#10416=CARTESIAN_POINT('',(37.2321211094207,17.1666666666667,-25.));
#10417=CARTESIAN_POINT('',(37.2321211094207,23.0833333333333,-25.5036794548671));
#10418=CARTESIAN_POINT('',(37.2321211094207,23.0833333333333,-24.7536794548671));
#10419=CARTESIAN_POINT('',(37.2321211094207,31.8333333333333,-25.5036794548671));
#10420=CARTESIAN_POINT('',(37.2321211094207,23.0833333333333,-25.5036794548671));
#10421=CARTESIAN_POINT('',(37.2321211094207,31.8333333333333,-24.7536794548671));
#10422=CARTESIAN_POINT('Origin',(37.2321211094207,23.0833333333333,-24.7536794548671));
#10423=CARTESIAN_POINT('',(13.7321211094206,23.0833333333333,-25.));
#10424=CARTESIAN_POINT('',(49.8660605547103,23.0833333333333,-25.));
#10425=CARTESIAN_POINT('',(13.7321211094206,23.0833333333333,-25.503679454867));
#10426=CARTESIAN_POINT('',(13.7321211094206,23.0833333333333,-24.753679454867));
#10427=CARTESIAN_POINT('',(13.7321211094206,23.0833333333333,-25.503679454867));
#10428=CARTESIAN_POINT('Origin',(13.7321211094206,31.8333333333333,-24.753679454867));
#10429=CARTESIAN_POINT('',(13.7321211094206,31.8333333333333,-25.));
#10430=CARTESIAN_POINT('',(38.1160605547103,31.8333333333333,-25.));
#10431=CARTESIAN_POINT('',(13.7321211094206,31.8333333333333,-25.503679454867));
#10432=CARTESIAN_POINT('',(37.2321211094207,31.8333333333333,-25.5036794548671));
#10433=CARTESIAN_POINT('',(13.7321211094206,31.8333333333333,-24.753679454867));
#10434=CARTESIAN_POINT('Origin',(13.7321211094206,23.0833333333333,-24.753679454867));
#10435=CARTESIAN_POINT('',(13.7321211094206,12.7916666666667,-25.));
#10436=CARTESIAN_POINT('',(13.7321211094206,31.8333333333333,-25.503679454867));
#10437=CARTESIAN_POINT('Origin',(25.4821211094207,27.4583333333333,-25.5036794548671));
#10438=CARTESIAN_POINT('Origin',(37.2321211094207,21.8333333333333,-24.7536794548671));
#10439=CARTESIAN_POINT('',(37.2321211094207,13.0833333333333,-25.));
#10440=CARTESIAN_POINT('',(37.2321211094207,21.8333333333333,-25.));
#10441=CARTESIAN_POINT('',(37.2321211094207,12.1666666666667,-25.));
#10442=CARTESIAN_POINT('',(37.2321211094207,13.0833333333333,-25.5036794548671));
#10443=CARTESIAN_POINT('',(37.2321211094207,13.0833333333333,-24.7536794548671));
#10444=CARTESIAN_POINT('',(37.2321211094207,21.8333333333333,-25.5036794548671));
#10445=CARTESIAN_POINT('',(37.2321211094207,13.0833333333333,-25.5036794548671));
#10446=CARTESIAN_POINT('',(37.2321211094207,21.8333333333333,-24.7536794548671));
#10447=CARTESIAN_POINT('Origin',(37.2321211094207,13.0833333333333,-24.7536794548671));
#10448=CARTESIAN_POINT('',(13.7321211094206,13.0833333333333,-25.));
#10449=CARTESIAN_POINT('',(49.8660605547103,13.0833333333333,-25.));
#10450=CARTESIAN_POINT('',(13.7321211094206,13.0833333333333,-25.503679454867));
#10451=CARTESIAN_POINT('',(13.7321211094206,13.0833333333333,-24.753679454867));
#10452=CARTESIAN_POINT('',(13.7321211094206,13.0833333333333,-25.503679454867));
#10453=CARTESIAN_POINT('Origin',(13.7321211094206,21.8333333333333,-24.753679454867));
#10454=CARTESIAN_POINT('',(13.7321211094206,21.8333333333333,-25.));
#10455=CARTESIAN_POINT('',(38.1160605547103,21.8333333333333,-25.));
#10456=CARTESIAN_POINT('',(13.7321211094206,21.8333333333333,-25.503679454867));
#10457=CARTESIAN_POINT('',(37.2321211094207,21.8333333333333,-25.5036794548671));
#10458=CARTESIAN_POINT('',(13.7321211094206,21.8333333333333,-24.753679454867));
#10459=CARTESIAN_POINT('Origin',(13.7321211094206,13.0833333333333,-24.753679454867));
#10460=CARTESIAN_POINT('',(13.7321211094206,7.79166666666667,-25.));
#10461=CARTESIAN_POINT('',(13.7321211094206,21.8333333333333,-25.503679454867));
#10462=CARTESIAN_POINT('Origin',(25.4821211094207,17.4583333333333,-25.5036794548671));
#10463=CARTESIAN_POINT('Origin',(37.2321211094207,11.8333333333333,-24.7536794548671));
#10464=CARTESIAN_POINT('',(37.2321211094207,3.08333333333334,-25.));
#10465=CARTESIAN_POINT('',(37.2321211094207,11.8333333333333,-25.));
#10466=CARTESIAN_POINT('',(37.2321211094207,7.16666666666667,-25.));
#10467=CARTESIAN_POINT('',(37.2321211094207,3.08333333333334,-25.5036794548671));
#10468=CARTESIAN_POINT('',(37.2321211094207,3.08333333333334,-24.7536794548671));
#10469=CARTESIAN_POINT('',(37.2321211094207,11.8333333333333,-25.5036794548671));
#10470=CARTESIAN_POINT('',(37.2321211094207,3.08333333333334,-25.5036794548671));
#10471=CARTESIAN_POINT('',(37.2321211094207,11.8333333333333,-24.7536794548671));
#10472=CARTESIAN_POINT('Origin',(37.2321211094207,3.08333333333334,-24.7536794548671));
#10473=CARTESIAN_POINT('',(13.7321211094206,3.08333333333334,-25.));
#10474=CARTESIAN_POINT('',(49.8660605547103,3.08333333333334,-25.));
#10475=CARTESIAN_POINT('',(13.7321211094206,3.08333333333334,-25.503679454867));
#10476=CARTESIAN_POINT('',(13.7321211094206,3.08333333333334,-24.753679454867));
#10477=CARTESIAN_POINT('',(13.7321211094206,3.08333333333334,-25.503679454867));
#10478=CARTESIAN_POINT('Origin',(13.7321211094206,11.8333333333333,-24.753679454867));
#10479=CARTESIAN_POINT('',(13.7321211094206,11.8333333333333,-25.));
#10480=CARTESIAN_POINT('',(38.1160605547103,11.8333333333333,-25.));
#10481=CARTESIAN_POINT('',(13.7321211094206,11.8333333333333,-25.503679454867));
#10482=CARTESIAN_POINT('',(37.2321211094207,11.8333333333333,-25.5036794548671));
#10483=CARTESIAN_POINT('',(13.7321211094206,11.8333333333333,-24.753679454867));
#10484=CARTESIAN_POINT('Origin',(13.7321211094206,3.08333333333334,-24.753679454867));
#10485=CARTESIAN_POINT('',(13.7321211094206,2.79166666666667,-25.));
#10486=CARTESIAN_POINT('',(13.7321211094206,11.8333333333333,-25.503679454867));
#10487=CARTESIAN_POINT('Origin',(25.4821211094207,7.45833333333334,-25.5036794548671));
#10488=CARTESIAN_POINT('Origin',(38.7321211094207,43.0833333333333,2.49632054513295));
#10489=CARTESIAN_POINT('',(38.7321211094207,43.0833333333333,2.49632054513295));
#10490=CARTESIAN_POINT('',(38.7321211094207,43.0833333333333,2.49632054513295));
#10491=CARTESIAN_POINT('',(38.7321211094207,51.8333333333333,2.49632054513295));
#10492=CARTESIAN_POINT('',(38.7321211094207,51.8333333333333,2.49632054513295));
#10493=CARTESIAN_POINT('',(38.7321211094207,51.8333333333333,2.49632054513295));
#10494=CARTESIAN_POINT('Origin',(62.2321211094207,43.0833333333333,2.49632054513294));
#10495=CARTESIAN_POINT('',(62.2321211094207,43.0833333333333,2.49632054513294));
#10496=CARTESIAN_POINT('',(62.2321211094207,43.0833333333333,2.49632054513294));
#10497=CARTESIAN_POINT('',(38.7321211094207,43.0833333333333,2.49632054513295));
#10498=CARTESIAN_POINT('Origin',(62.2321211094207,51.8333333333333,2.49632054513294));
#10499=CARTESIAN_POINT('',(62.2321211094207,51.8333333333333,2.49632054513294));
#10500=CARTESIAN_POINT('',(62.2321211094207,51.8333333333333,2.49632054513294));
#10501=CARTESIAN_POINT('',(62.2321211094207,43.0833333333333,2.49632054513294));
#10502=CARTESIAN_POINT('Origin',(38.7321211094207,51.8333333333333,2.49632054513295));
#10503=CARTESIAN_POINT('',(62.2321211094207,51.8333333333333,2.49632054513294));
#10504=CARTESIAN_POINT('Origin',(50.4821211094207,47.4583333333333,2.49632054513294));
#10505=CARTESIAN_POINT('Origin',(62.2321211094207,51.8333333333333,-24.7536794548671));
#10506=CARTESIAN_POINT('',(62.2321211094207,43.0833333333333,-25.));
#10507=CARTESIAN_POINT('',(62.2321211094206,27.1666666666667,-25.));
#10508=CARTESIAN_POINT('',(62.2321211094207,43.0833333333333,-25.5036794548671));
#10509=CARTESIAN_POINT('',(62.2321211094207,43.0833333333333,-24.7536794548671));
#10510=CARTESIAN_POINT('',(62.2321211094207,51.8333333333333,-25.5036794548671));
#10511=CARTESIAN_POINT('',(62.2321211094207,43.0833333333333,-25.5036794548671));
#10512=CARTESIAN_POINT('',(62.2321211094207,51.8333333333333,-24.7536794548671));
#10513=CARTESIAN_POINT('Origin',(62.2321211094207,43.0833333333333,-24.7536794548671));
#10514=CARTESIAN_POINT('',(38.7321211094207,43.0833333333333,-25.));
#10515=CARTESIAN_POINT('',(62.3660605547103,43.0833333333333,-25.));
#10516=CARTESIAN_POINT('',(38.7321211094207,43.0833333333333,-25.503679454867));
#10517=CARTESIAN_POINT('',(38.7321211094207,43.0833333333333,-24.753679454867));
#10518=CARTESIAN_POINT('',(38.7321211094207,43.0833333333333,-25.503679454867));
#10519=CARTESIAN_POINT('Origin',(38.7321211094207,51.8333333333333,-24.753679454867));
#10520=CARTESIAN_POINT('',(38.7321211094207,51.8333333333333,-25.503679454867));
#10521=CARTESIAN_POINT('',(62.2321211094207,51.8333333333333,-25.5036794548671));
#10522=CARTESIAN_POINT('',(38.7321211094207,51.8333333333333,-24.753679454867));
#10523=CARTESIAN_POINT('Origin',(38.7321211094207,43.0833333333333,-24.753679454867));
#10524=CARTESIAN_POINT('',(38.7321211094207,51.8333333333333,-25.503679454867));
#10525=CARTESIAN_POINT('',(38.7321211094206,22.7916666666667,-25.));
#10526=CARTESIAN_POINT('Origin',(50.4821211094207,47.4583333333333,-25.5036794548671));
#10527=CARTESIAN_POINT('Origin',(62.2321211094207,31.8333333333333,-24.7536794548671));
#10528=CARTESIAN_POINT('',(62.2321211094207,23.0833333333333,-25.));
#10529=CARTESIAN_POINT('',(62.2321211094207,31.8333333333333,-25.));
#10530=CARTESIAN_POINT('',(62.2321211094206,17.1666666666667,-25.));
#10531=CARTESIAN_POINT('',(62.2321211094207,23.0833333333333,-25.5036794548671));
#10532=CARTESIAN_POINT('',(62.2321211094207,23.0833333333333,-24.7536794548671));
#10533=CARTESIAN_POINT('',(62.2321211094207,31.8333333333333,-25.5036794548671));
#10534=CARTESIAN_POINT('',(62.2321211094207,23.0833333333333,-25.5036794548671));
#10535=CARTESIAN_POINT('',(62.2321211094207,31.8333333333333,-24.7536794548671));
#10536=CARTESIAN_POINT('Origin',(62.2321211094207,23.0833333333333,-24.7536794548671));
#10537=CARTESIAN_POINT('',(38.7321211094207,23.0833333333333,-25.));
#10538=CARTESIAN_POINT('',(62.3660605547103,23.0833333333333,-25.));
#10539=CARTESIAN_POINT('',(38.7321211094207,23.0833333333333,-25.503679454867));
#10540=CARTESIAN_POINT('',(38.7321211094207,23.0833333333333,-24.753679454867));
#10541=CARTESIAN_POINT('',(38.7321211094207,23.0833333333333,-25.503679454867));
#10542=CARTESIAN_POINT('Origin',(38.7321211094207,31.8333333333333,-24.753679454867));
#10543=CARTESIAN_POINT('',(38.7321211094207,31.8333333333333,-25.));
#10544=CARTESIAN_POINT('',(50.6160605547103,31.8333333333333,-25.));
#10545=CARTESIAN_POINT('',(38.7321211094207,31.8333333333333,-25.503679454867));
#10546=CARTESIAN_POINT('',(62.2321211094207,31.8333333333333,-25.5036794548671));
#10547=CARTESIAN_POINT('',(38.7321211094207,31.8333333333333,-24.753679454867));
#10548=CARTESIAN_POINT('Origin',(38.7321211094207,23.0833333333333,-24.753679454867));
#10549=CARTESIAN_POINT('',(38.7321211094206,12.7916666666667,-25.));
#10550=CARTESIAN_POINT('',(38.7321211094207,31.8333333333333,-25.503679454867));
#10551=CARTESIAN_POINT('Origin',(50.4821211094207,27.4583333333333,-25.5036794548671));
#10552=CARTESIAN_POINT('Origin',(62.2321211094207,21.8333333333333,-24.7536794548671));
#10553=CARTESIAN_POINT('',(62.2321211094207,13.0833333333333,-25.));
#10554=CARTESIAN_POINT('',(62.2321211094207,21.8333333333333,-25.));
#10555=CARTESIAN_POINT('',(62.2321211094206,12.1666666666667,-25.));
#10556=CARTESIAN_POINT('',(62.2321211094207,13.0833333333333,-25.5036794548671));
#10557=CARTESIAN_POINT('',(62.2321211094207,13.0833333333333,-24.7536794548671));
#10558=CARTESIAN_POINT('',(62.2321211094207,21.8333333333333,-25.5036794548671));
#10559=CARTESIAN_POINT('',(62.2321211094207,13.0833333333333,-25.5036794548671));
#10560=CARTESIAN_POINT('',(62.2321211094207,21.8333333333333,-24.7536794548671));
#10561=CARTESIAN_POINT('Origin',(62.2321211094207,13.0833333333333,-24.7536794548671));
#10562=CARTESIAN_POINT('',(38.7321211094207,13.0833333333333,-25.));
#10563=CARTESIAN_POINT('',(62.3660605547103,13.0833333333333,-25.));
#10564=CARTESIAN_POINT('',(38.7321211094207,13.0833333333333,-25.503679454867));
#10565=CARTESIAN_POINT('',(38.7321211094207,13.0833333333333,-24.753679454867));
#10566=CARTESIAN_POINT('',(38.7321211094207,13.0833333333333,-25.503679454867));
#10567=CARTESIAN_POINT('Origin',(38.7321211094207,21.8333333333333,-24.753679454867));
#10568=CARTESIAN_POINT('',(38.7321211094207,21.8333333333333,-25.));
#10569=CARTESIAN_POINT('',(50.6160605547103,21.8333333333333,-25.));
#10570=CARTESIAN_POINT('',(38.7321211094207,21.8333333333333,-25.503679454867));
#10571=CARTESIAN_POINT('',(62.2321211094207,21.8333333333333,-25.5036794548671));
#10572=CARTESIAN_POINT('',(38.7321211094207,21.8333333333333,-24.753679454867));
#10573=CARTESIAN_POINT('Origin',(38.7321211094207,13.0833333333333,-24.753679454867));
#10574=CARTESIAN_POINT('',(38.7321211094206,7.79166666666667,-25.));
#10575=CARTESIAN_POINT('',(38.7321211094207,21.8333333333333,-25.503679454867));
#10576=CARTESIAN_POINT('Origin',(50.4821211094207,17.4583333333333,-25.5036794548671));
#10577=CARTESIAN_POINT('Origin',(62.2321211094207,50.3333333333333,-1.25367945486708));
#10578=CARTESIAN_POINT('',(62.9821211094207,41.5833333333333,-1.25367945486708));
#10579=CARTESIAN_POINT('',(62.2321211094207,41.5833333333333,-1.25367945486708));
#10580=CARTESIAN_POINT('',(62.9821211094207,50.3333333333333,-1.25367945486708));
#10581=CARTESIAN_POINT('',(62.9821211094207,41.5833333333333,-1.25367945486708));
#10582=CARTESIAN_POINT('',(62.2321211094207,50.3333333333333,-1.25367945486708));
#10583=CARTESIAN_POINT('Origin',(62.2321211094207,41.5833333333333,-1.25367945486708));
#10584=CARTESIAN_POINT('',(62.9821211094207,41.5833333333333,-24.7536794548671));
#10585=CARTESIAN_POINT('',(62.2321211094207,41.5833333333333,-24.7536794548671));
#10586=CARTESIAN_POINT('',(62.9821211094207,41.5833333333333,-24.7536794548671));
#10587=CARTESIAN_POINT('Origin',(62.2321211094207,50.3333333333333,-24.7536794548671));
#10588=CARTESIAN_POINT('',(62.9821211094207,50.3333333333333,-24.7536794548671));
#10589=CARTESIAN_POINT('',(62.9821211094207,50.3333333333333,-1.25367945486708));
#10590=CARTESIAN_POINT('',(62.2321211094207,50.3333333333333,-24.7536794548671));
#10591=CARTESIAN_POINT('Origin',(62.2321211094207,41.5833333333333,-24.7536794548671));
#10592=CARTESIAN_POINT('',(62.9821211094207,50.3333333333333,-24.7536794548671));
#10593=CARTESIAN_POINT('Origin',(62.9821211094207,45.9583333333333,-13.0036794548671));
#10594=CARTESIAN_POINT('Origin',(62.2321211094207,40.8333333333333,-1.25367945486708));
#10595=CARTESIAN_POINT('',(62.9821211094207,32.0833333333333,-1.25367945486708));
#10596=CARTESIAN_POINT('',(62.2321211094207,32.0833333333333,-1.25367945486708));
#10597=CARTESIAN_POINT('',(62.9821211094207,40.8333333333333,-1.25367945486708));
#10598=CARTESIAN_POINT('',(62.9821211094207,32.0833333333333,-1.25367945486708));
#10599=CARTESIAN_POINT('',(62.2321211094207,40.8333333333333,-1.25367945486708));
#10600=CARTESIAN_POINT('Origin',(62.2321211094207,32.0833333333333,-1.25367945486708));
#10601=CARTESIAN_POINT('',(62.9821211094207,32.0833333333333,-24.7536794548671));
#10602=CARTESIAN_POINT('',(62.2321211094207,32.0833333333333,-24.7536794548671));
#10603=CARTESIAN_POINT('',(62.9821211094207,32.0833333333333,-24.7536794548671));
#10604=CARTESIAN_POINT('Origin',(62.2321211094207,40.8333333333333,-24.7536794548671));
#10605=CARTESIAN_POINT('',(62.9821211094207,40.8333333333333,-24.7536794548671));
#10606=CARTESIAN_POINT('',(62.9821211094207,40.8333333333333,-1.25367945486708));
#10607=CARTESIAN_POINT('',(62.2321211094207,40.8333333333333,-24.7536794548671));
#10608=CARTESIAN_POINT('Origin',(62.2321211094207,32.0833333333333,-24.7536794548671));
#10609=CARTESIAN_POINT('',(62.9821211094207,40.8333333333333,-24.7536794548671));
#10610=CARTESIAN_POINT('Origin',(62.9821211094207,36.4583333333333,-13.0036794548671));
#10611=CARTESIAN_POINT('Origin',(62.2321211094207,31.4583333333333,-1.25367945486708));
#10612=CARTESIAN_POINT('',(62.9821211094207,22.7083333333333,-1.25367945486708));
#10613=CARTESIAN_POINT('',(62.2321211094207,22.7083333333333,-1.25367945486708));
#10614=CARTESIAN_POINT('',(62.9821211094207,31.4583333333333,-1.25367945486708));
#10615=CARTESIAN_POINT('',(62.9821211094207,22.7083333333333,-1.25367945486708));
#10616=CARTESIAN_POINT('',(62.2321211094207,31.4583333333333,-1.25367945486708));
#10617=CARTESIAN_POINT('Origin',(62.2321211094207,22.7083333333333,-1.25367945486708));
#10618=CARTESIAN_POINT('',(62.9821211094207,22.7083333333333,-24.7536794548671));
#10619=CARTESIAN_POINT('',(62.2321211094207,22.7083333333333,-24.7536794548671));
#10620=CARTESIAN_POINT('',(62.9821211094207,22.7083333333333,-24.7536794548671));
#10621=CARTESIAN_POINT('Origin',(62.2321211094207,31.4583333333333,-24.7536794548671));
#10622=CARTESIAN_POINT('',(62.9821211094207,31.4583333333333,-24.7536794548671));
#10623=CARTESIAN_POINT('',(62.9821211094207,31.4583333333333,-1.25367945486708));
#10624=CARTESIAN_POINT('',(62.2321211094207,31.4583333333333,-24.7536794548671));
#10625=CARTESIAN_POINT('Origin',(62.2321211094207,22.7083333333333,-24.7536794548671));
#10626=CARTESIAN_POINT('',(62.9821211094207,31.4583333333333,-24.7536794548671));
#10627=CARTESIAN_POINT('Origin',(62.9821211094207,27.0833333333333,-13.0036794548671));
#10628=CARTESIAN_POINT('Origin',(62.2321211094207,11.8333333333333,-24.7536794548671));
#10629=CARTESIAN_POINT('',(62.2321211094207,3.08333333333334,-25.));
#10630=CARTESIAN_POINT('',(62.2321211094207,11.8333333333333,-25.));
#10631=CARTESIAN_POINT('',(62.2321211094206,7.16666666666667,-25.));
#10632=CARTESIAN_POINT('',(62.2321211094207,3.08333333333334,-25.5036794548671));
#10633=CARTESIAN_POINT('',(62.2321211094207,3.08333333333334,-24.7536794548671));
#10634=CARTESIAN_POINT('',(62.2321211094207,11.8333333333333,-25.5036794548671));
#10635=CARTESIAN_POINT('',(62.2321211094207,3.08333333333334,-25.5036794548671));
#10636=CARTESIAN_POINT('',(62.2321211094207,11.8333333333333,-24.7536794548671));
#10637=CARTESIAN_POINT('Origin',(62.2321211094207,3.08333333333334,-24.7536794548671));
#10638=CARTESIAN_POINT('',(38.7321211094207,3.08333333333334,-25.));
#10639=CARTESIAN_POINT('',(62.3660605547103,3.08333333333334,-25.));
#10640=CARTESIAN_POINT('',(38.7321211094207,3.08333333333334,-25.503679454867));
#10641=CARTESIAN_POINT('',(38.7321211094207,3.08333333333334,-24.753679454867));
#10642=CARTESIAN_POINT('',(38.7321211094207,3.08333333333334,-25.503679454867));
#10643=CARTESIAN_POINT('Origin',(38.7321211094207,11.8333333333333,-24.753679454867));
#10644=CARTESIAN_POINT('',(38.7321211094207,11.8333333333333,-25.));
#10645=CARTESIAN_POINT('',(50.6160605547103,11.8333333333333,-25.));
#10646=CARTESIAN_POINT('',(38.7321211094207,11.8333333333333,-25.503679454867));
#10647=CARTESIAN_POINT('',(62.2321211094207,11.8333333333333,-25.5036794548671));
#10648=CARTESIAN_POINT('',(38.7321211094207,11.8333333333333,-24.753679454867));
#10649=CARTESIAN_POINT('Origin',(38.7321211094207,3.08333333333334,-24.753679454867));
#10650=CARTESIAN_POINT('',(38.7321211094206,2.79166666666667,-25.));
#10651=CARTESIAN_POINT('',(38.7321211094207,11.8333333333333,-25.503679454867));
#10652=CARTESIAN_POINT('Origin',(50.4821211094207,7.45833333333334,-25.5036794548671));
#10653=CARTESIAN_POINT('Origin',(62.2321211094207,13.3333333333333,-24.7536794548671));
#10654=CARTESIAN_POINT('',(62.9821211094207,22.0833333333333,-24.7536794548671));
#10655=CARTESIAN_POINT('',(62.2321211094207,22.0833333333333,-24.7536794548671));
#10656=CARTESIAN_POINT('',(62.9821211094207,13.3333333333333,-24.7536794548671));
#10657=CARTESIAN_POINT('',(62.9821211094207,22.0833333333333,-24.7536794548671));
#10658=CARTESIAN_POINT('',(62.2321211094207,13.3333333333333,-24.7536794548671));
#10659=CARTESIAN_POINT('Origin',(62.2321211094207,13.3333333333333,-0.753679454867084));
#10660=CARTESIAN_POINT('',(62.9821211094207,13.3333333333333,-0.753679454867084));
#10661=CARTESIAN_POINT('',(62.9821211094207,13.3333333333333,-24.7536794548671));
#10662=CARTESIAN_POINT('',(62.2321211094207,13.3333333333333,-0.753679454867084));
#10663=CARTESIAN_POINT('Origin',(62.9821211094207,17.7083333333333,-12.5036794548671));
#10664=CARTESIAN_POINT('',(62.9821211094207,22.0833333333333,-0.753679454867084));
#10665=CARTESIAN_POINT('',(62.9821211094207,22.0833333333333,-0.753679454867084));
#10666=CARTESIAN_POINT('',(62.9821211094207,13.3333333333333,-0.753679454867084));
#10667=CARTESIAN_POINT('Origin',(62.2321211094207,22.0833333333333,-24.2536794548671));
#10668=CARTESIAN_POINT('',(62.2321211094207,22.0833333333333,-0.753679454867084));
#10669=CARTESIAN_POINT('Origin',(62.2321211094207,12.0833333333333,23.7463205451329));
#10670=CARTESIAN_POINT('',(62.9821211094207,3.33333333333334,23.7463205451329));
#10671=CARTESIAN_POINT('',(62.2321211094207,3.33333333333334,23.7463205451329));
#10672=CARTESIAN_POINT('',(62.9821211094207,12.0833333333333,23.7463205451329));
#10673=CARTESIAN_POINT('',(62.9821211094207,3.33333333333334,23.7463205451329));
#10674=CARTESIAN_POINT('',(62.2321211094207,12.0833333333333,23.7463205451329));
#10675=CARTESIAN_POINT('Origin',(62.2321211094207,3.33333333333334,23.7463205451329));
#10676=CARTESIAN_POINT('',(62.9821211094207,3.33333333333334,0.246320545132916));
#10677=CARTESIAN_POINT('',(62.2321211094207,3.33333333333334,0.246320545132916));
#10678=CARTESIAN_POINT('',(62.9821211094207,3.33333333333334,0.246320545132916));
#10679=CARTESIAN_POINT('Origin',(62.2321211094207,12.0833333333333,0.246320545132916));
#10680=CARTESIAN_POINT('',(62.9821211094207,12.0833333333333,0.246320545132916));
#10681=CARTESIAN_POINT('',(62.9821211094207,12.0833333333333,23.7463205451329));
#10682=CARTESIAN_POINT('',(62.2321211094207,12.0833333333333,0.246320545132916));
#10683=CARTESIAN_POINT('Origin',(62.2321211094207,3.33333333333334,0.246320545132916));
#10684=CARTESIAN_POINT('',(62.9821211094207,12.0833333333333,0.246320545132916));
#10685=CARTESIAN_POINT('Origin',(62.9821211094207,7.70833333333334,11.9963205451329));
#10686=CARTESIAN_POINT('Origin',(62.2321211094207,22.0833333333333,-0.753679454867084));
#10687=CARTESIAN_POINT('Origin',(62.2321211094207,22.0833333333333,23.7463205451329));
#10688=CARTESIAN_POINT('',(62.9821211094207,13.3333333333333,23.7463205451329));
#10689=CARTESIAN_POINT('',(62.2321211094207,13.3333333333333,23.7463205451329));
#10690=CARTESIAN_POINT('',(62.9821211094207,22.0833333333333,23.7463205451329));
#10691=CARTESIAN_POINT('',(62.9821211094207,13.3333333333333,23.7463205451329));
#10692=CARTESIAN_POINT('',(62.2321211094207,22.0833333333333,23.7463205451329));
#10693=CARTESIAN_POINT('Origin',(62.2321211094207,13.3333333333333,23.7463205451329));
#10694=CARTESIAN_POINT('',(62.9821211094207,13.3333333333333,0.246320545132916));
#10695=CARTESIAN_POINT('',(62.2321211094207,13.3333333333333,0.246320545132916));
#10696=CARTESIAN_POINT('',(62.9821211094207,13.3333333333333,0.246320545132916));
#10697=CARTESIAN_POINT('Origin',(62.2321211094207,22.0833333333333,0.246320545132916));
#10698=CARTESIAN_POINT('',(62.9821211094207,22.0833333333333,0.246320545132916));
#10699=CARTESIAN_POINT('',(62.9821211094207,22.0833333333333,23.7463205451329));
#10700=CARTESIAN_POINT('',(62.2321211094207,22.0833333333333,0.246320545132916));
#10701=CARTESIAN_POINT('Origin',(62.2321211094207,13.3333333333333,0.246320545132916));
#10702=CARTESIAN_POINT('',(62.9821211094207,22.0833333333333,0.246320545132916));
#10703=CARTESIAN_POINT('Origin',(62.9821211094207,17.7083333333333,11.9963205451329));
#10704=CARTESIAN_POINT('Origin',(-61.264199794421,3.33333333333334,25.));
#10705=CARTESIAN_POINT('',(-37.764199794421,3.33333333333334,25.));
#10706=CARTESIAN_POINT('',(-61.264199794421,3.33333333333334,25.));
#10707=CARTESIAN_POINT('',(-61.8820998972105,3.33333333333334,25.));
#10708=CARTESIAN_POINT('',(-37.764199794421,3.33333333333334,25.75));
#10709=CARTESIAN_POINT('',(-37.764199794421,3.33333333333334,25.));
#10710=CARTESIAN_POINT('',(-61.264199794421,3.33333333333334,25.75));
#10711=CARTESIAN_POINT('',(-37.764199794421,3.33333333333334,25.75));
#10712=CARTESIAN_POINT('',(-61.264199794421,3.33333333333334,25.));
#10713=CARTESIAN_POINT('Origin',(-61.264199794421,12.0833333333333,25.));
#10714=CARTESIAN_POINT('',(-61.264199794421,12.0833333333333,25.));
#10715=CARTESIAN_POINT('',(-61.264199794421,7.29166666666667,25.));
#10716=CARTESIAN_POINT('',(-61.264199794421,12.0833333333333,25.75));
#10717=CARTESIAN_POINT('',(-61.264199794421,3.33333333333334,25.75));
#10718=CARTESIAN_POINT('',(-61.264199794421,12.0833333333333,25.));
#10719=CARTESIAN_POINT('Origin',(-37.764199794421,12.0833333333333,25.));
#10720=CARTESIAN_POINT('',(-37.764199794421,12.0833333333333,25.));
#10721=CARTESIAN_POINT('',(-50.1320998972105,12.0833333333333,25.));
#10722=CARTESIAN_POINT('',(-37.764199794421,12.0833333333333,25.75));
#10723=CARTESIAN_POINT('',(-61.264199794421,12.0833333333333,25.75));
#10724=CARTESIAN_POINT('',(-37.764199794421,12.0833333333333,25.));
#10725=CARTESIAN_POINT('Origin',(-37.764199794421,3.33333333333334,25.));
#10726=CARTESIAN_POINT('',(-37.764199794421,2.91666666666667,25.));
#10727=CARTESIAN_POINT('',(-37.764199794421,12.0833333333333,25.75));
#10728=CARTESIAN_POINT('Origin',(-49.514199794421,7.70833333333334,25.75));
#10729=CARTESIAN_POINT('Origin',(36.235800205579,3.33333333333334,25.));
#10730=CARTESIAN_POINT('',(59.735800205579,3.33333333333334,25.));
#10731=CARTESIAN_POINT('',(36.235800205579,3.33333333333334,25.));
#10732=CARTESIAN_POINT('',(-13.1320998972105,3.33333333333334,25.));
#10733=CARTESIAN_POINT('',(59.735800205579,3.33333333333334,25.75));
#10734=CARTESIAN_POINT('',(59.735800205579,3.33333333333334,25.));
#10735=CARTESIAN_POINT('',(36.235800205579,3.33333333333334,25.75));
#10736=CARTESIAN_POINT('',(59.735800205579,3.33333333333334,25.75));
#10737=CARTESIAN_POINT('',(36.235800205579,3.33333333333334,25.));
#10738=CARTESIAN_POINT('Origin',(36.235800205579,12.0833333333333,25.));
#10739=CARTESIAN_POINT('',(36.235800205579,12.0833333333333,25.));
#10740=CARTESIAN_POINT('',(36.235800205579,7.29166666666667,25.));
#10741=CARTESIAN_POINT('',(36.235800205579,12.0833333333333,25.75));
#10742=CARTESIAN_POINT('',(36.235800205579,3.33333333333334,25.75));
#10743=CARTESIAN_POINT('',(36.235800205579,12.0833333333333,25.));
#10744=CARTESIAN_POINT('Origin',(59.735800205579,12.0833333333333,25.));
#10745=CARTESIAN_POINT('',(59.735800205579,12.0833333333333,25.));
#10746=CARTESIAN_POINT('',(-1.3820998972105,12.0833333333333,25.));
#10747=CARTESIAN_POINT('',(59.735800205579,12.0833333333333,25.75));
#10748=CARTESIAN_POINT('',(36.235800205579,12.0833333333333,25.75));
#10749=CARTESIAN_POINT('',(59.735800205579,12.0833333333333,25.));
#10750=CARTESIAN_POINT('Origin',(59.735800205579,3.33333333333334,25.));
#10751=CARTESIAN_POINT('',(59.735800205579,2.91666666666667,25.));
#10752=CARTESIAN_POINT('',(59.735800205579,12.0833333333333,25.75));
#10753=CARTESIAN_POINT('Origin',(47.985800205579,7.70833333333334,25.75));
#10754=CARTESIAN_POINT('Origin',(-36.889199794421,14.5833333333333,25.));
#10755=CARTESIAN_POINT('',(-13.389199794421,14.5833333333333,25.));
#10756=CARTESIAN_POINT('',(-36.889199794421,14.5833333333333,25.));
#10757=CARTESIAN_POINT('',(-49.6945998972105,14.5833333333333,25.));
#10758=CARTESIAN_POINT('',(-13.389199794421,14.5833333333333,25.75));
#10759=CARTESIAN_POINT('',(-13.389199794421,14.5833333333333,25.));
#10760=CARTESIAN_POINT('',(-36.889199794421,14.5833333333333,25.75));
#10761=CARTESIAN_POINT('',(-13.389199794421,14.5833333333333,25.75));
#10762=CARTESIAN_POINT('',(-36.889199794421,14.5833333333333,25.));
#10763=CARTESIAN_POINT('Origin',(-36.889199794421,23.3333333333333,25.));
#10764=CARTESIAN_POINT('',(-36.889199794421,23.3333333333333,25.));
#10765=CARTESIAN_POINT('',(-36.889199794421,12.9166666666667,25.));
#10766=CARTESIAN_POINT('',(-36.889199794421,23.3333333333333,25.75));
#10767=CARTESIAN_POINT('',(-36.889199794421,14.5833333333333,25.75));
#10768=CARTESIAN_POINT('',(-36.889199794421,23.3333333333333,25.));
#10769=CARTESIAN_POINT('Origin',(-13.389199794421,23.3333333333333,25.));
#10770=CARTESIAN_POINT('',(-13.389199794421,23.3333333333333,25.));
#10771=CARTESIAN_POINT('',(-37.9445998972105,23.3333333333333,25.));
#10772=CARTESIAN_POINT('',(-13.389199794421,23.3333333333333,25.75));
#10773=CARTESIAN_POINT('',(-36.889199794421,23.3333333333333,25.75));
#10774=CARTESIAN_POINT('',(-13.389199794421,23.3333333333333,25.));
#10775=CARTESIAN_POINT('Origin',(-13.389199794421,14.5833333333333,25.));
#10776=CARTESIAN_POINT('',(-13.389199794421,8.54166666666666,25.));
#10777=CARTESIAN_POINT('',(-13.389199794421,23.3333333333333,25.75));
#10778=CARTESIAN_POINT('Origin',(-25.139199794421,18.9583333333333,25.75));
#10779=CARTESIAN_POINT('Origin',(-12.514199794421,14.5833333333333,25.));
#10780=CARTESIAN_POINT('',(10.985800205579,14.5833333333333,25.));
#10781=CARTESIAN_POINT('',(-12.514199794421,14.5833333333333,25.));
#10782=CARTESIAN_POINT('',(-37.5070998972105,14.5833333333333,25.));
#10783=CARTESIAN_POINT('',(10.985800205579,14.5833333333333,25.75));
#10784=CARTESIAN_POINT('',(10.985800205579,14.5833333333333,25.));
#10785=CARTESIAN_POINT('',(-12.514199794421,14.5833333333333,25.75));
#10786=CARTESIAN_POINT('',(10.985800205579,14.5833333333333,25.75));
#10787=CARTESIAN_POINT('',(-12.514199794421,14.5833333333333,25.));
#10788=CARTESIAN_POINT('Origin',(-12.514199794421,23.3333333333333,25.));
#10789=CARTESIAN_POINT('',(-12.514199794421,23.3333333333333,25.));
#10790=CARTESIAN_POINT('',(-12.514199794421,12.9166666666667,25.));
#10791=CARTESIAN_POINT('',(-12.514199794421,23.3333333333333,25.75));
#10792=CARTESIAN_POINT('',(-12.514199794421,14.5833333333333,25.75));
#10793=CARTESIAN_POINT('',(-12.514199794421,23.3333333333333,25.));
#10794=CARTESIAN_POINT('Origin',(10.985800205579,23.3333333333333,25.));
#10795=CARTESIAN_POINT('',(10.985800205579,23.3333333333333,25.));
#10796=CARTESIAN_POINT('',(-25.7570998972105,23.3333333333333,25.));
#10797=CARTESIAN_POINT('',(10.985800205579,23.3333333333333,25.75));
#10798=CARTESIAN_POINT('',(-12.514199794421,23.3333333333333,25.75));
#10799=CARTESIAN_POINT('',(10.985800205579,23.3333333333333,25.));
#10800=CARTESIAN_POINT('Origin',(10.985800205579,14.5833333333333,25.));
#10801=CARTESIAN_POINT('',(10.985800205579,8.54166666666666,25.));
#10802=CARTESIAN_POINT('',(10.985800205579,23.3333333333333,25.75));
#10803=CARTESIAN_POINT('Origin',(-0.764199794420994,18.9583333333333,25.75));
#10804=CARTESIAN_POINT('Origin',(-36.889199794421,3.33333333333334,25.));
#10805=CARTESIAN_POINT('',(-13.389199794421,3.33333333333334,25.));
#10806=CARTESIAN_POINT('',(-36.889199794421,3.33333333333334,25.));
#10807=CARTESIAN_POINT('',(-49.6945998972105,3.33333333333334,25.));
#10808=CARTESIAN_POINT('',(-13.389199794421,3.33333333333334,25.75));
#10809=CARTESIAN_POINT('',(-13.389199794421,3.33333333333334,25.));
#10810=CARTESIAN_POINT('',(-36.889199794421,3.33333333333334,25.75));
#10811=CARTESIAN_POINT('',(-13.389199794421,3.33333333333334,25.75));
#10812=CARTESIAN_POINT('',(-36.889199794421,3.33333333333334,25.));
#10813=CARTESIAN_POINT('Origin',(-36.889199794421,12.0833333333333,25.));
#10814=CARTESIAN_POINT('',(-36.889199794421,12.0833333333333,25.));
#10815=CARTESIAN_POINT('',(-36.889199794421,7.29166666666667,25.));
#10816=CARTESIAN_POINT('',(-36.889199794421,12.0833333333333,25.75));
#10817=CARTESIAN_POINT('',(-36.889199794421,3.33333333333334,25.75));
#10818=CARTESIAN_POINT('',(-36.889199794421,12.0833333333333,25.));
#10819=CARTESIAN_POINT('Origin',(-13.389199794421,12.0833333333333,25.));
#10820=CARTESIAN_POINT('',(-13.389199794421,12.0833333333333,25.));
#10821=CARTESIAN_POINT('',(-37.9445998972105,12.0833333333333,25.));
#10822=CARTESIAN_POINT('',(-13.389199794421,12.0833333333333,25.75));
#10823=CARTESIAN_POINT('',(-36.889199794421,12.0833333333333,25.75));
#10824=CARTESIAN_POINT('',(-13.389199794421,12.0833333333333,25.));
#10825=CARTESIAN_POINT('Origin',(-13.389199794421,3.33333333333334,25.));
#10826=CARTESIAN_POINT('',(-13.389199794421,2.91666666666667,25.));
#10827=CARTESIAN_POINT('',(-13.389199794421,12.0833333333333,25.75));
#10828=CARTESIAN_POINT('Origin',(-25.139199794421,7.70833333333334,25.75));
#10829=CARTESIAN_POINT('Origin',(11.860800205579,3.33333333333334,25.));
#10830=CARTESIAN_POINT('',(35.360800205579,3.33333333333334,25.));
#10831=CARTESIAN_POINT('',(11.860800205579,3.33333333333334,25.));
#10832=CARTESIAN_POINT('',(-25.3195998972105,3.33333333333334,25.));
#10833=CARTESIAN_POINT('',(35.360800205579,3.33333333333334,25.75));
#10834=CARTESIAN_POINT('',(35.360800205579,3.33333333333334,25.));
#10835=CARTESIAN_POINT('',(11.860800205579,3.33333333333334,25.75));
#10836=CARTESIAN_POINT('',(35.360800205579,3.33333333333334,25.75));
#10837=CARTESIAN_POINT('',(11.860800205579,3.33333333333334,25.));
#10838=CARTESIAN_POINT('Origin',(11.860800205579,12.0833333333333,25.));
#10839=CARTESIAN_POINT('',(11.860800205579,12.0833333333333,25.));
#10840=CARTESIAN_POINT('',(11.860800205579,7.29166666666667,25.));
#10841=CARTESIAN_POINT('',(11.860800205579,12.0833333333333,25.75));
#10842=CARTESIAN_POINT('',(11.860800205579,3.33333333333334,25.75));
#10843=CARTESIAN_POINT('',(11.860800205579,12.0833333333333,25.));
#10844=CARTESIAN_POINT('Origin',(35.360800205579,12.0833333333333,25.));
#10845=CARTESIAN_POINT('',(35.360800205579,12.0833333333333,25.));
#10846=CARTESIAN_POINT('',(-13.5695998972105,12.0833333333333,25.));
#10847=CARTESIAN_POINT('',(35.360800205579,12.0833333333333,25.75));
#10848=CARTESIAN_POINT('',(11.860800205579,12.0833333333333,25.75));
#10849=CARTESIAN_POINT('',(35.360800205579,12.0833333333333,25.));
#10850=CARTESIAN_POINT('Origin',(35.360800205579,3.33333333333334,25.));
#10851=CARTESIAN_POINT('',(35.360800205579,2.91666666666667,25.));
#10852=CARTESIAN_POINT('',(35.360800205579,12.0833333333333,25.75));
#10853=CARTESIAN_POINT('Origin',(23.610800205579,7.70833333333334,25.75));
#10854=CARTESIAN_POINT('Origin',(36.235800205579,14.5833333333333,25.));
#10855=CARTESIAN_POINT('',(59.735800205579,14.5833333333333,25.));
#10856=CARTESIAN_POINT('',(36.235800205579,14.5833333333333,25.));
#10857=CARTESIAN_POINT('',(-13.1320998972105,14.5833333333333,25.));
#10858=CARTESIAN_POINT('',(59.735800205579,14.5833333333333,25.75));
#10859=CARTESIAN_POINT('',(59.735800205579,14.5833333333333,25.));
#10860=CARTESIAN_POINT('',(36.235800205579,14.5833333333333,25.75));
#10861=CARTESIAN_POINT('',(59.735800205579,14.5833333333333,25.75));
#10862=CARTESIAN_POINT('',(36.235800205579,14.5833333333333,25.));
#10863=CARTESIAN_POINT('Origin',(36.235800205579,23.3333333333333,25.));
#10864=CARTESIAN_POINT('',(36.235800205579,23.3333333333333,25.));
#10865=CARTESIAN_POINT('',(36.235800205579,12.9166666666667,25.));
#10866=CARTESIAN_POINT('',(36.235800205579,23.3333333333333,25.75));
#10867=CARTESIAN_POINT('',(36.235800205579,14.5833333333333,25.75));
#10868=CARTESIAN_POINT('',(36.235800205579,23.3333333333333,25.));
#10869=CARTESIAN_POINT('Origin',(59.735800205579,23.3333333333333,25.));
#10870=CARTESIAN_POINT('',(59.735800205579,23.3333333333333,25.));
#10871=CARTESIAN_POINT('',(-1.3820998972105,23.3333333333333,25.));
#10872=CARTESIAN_POINT('',(59.735800205579,23.3333333333333,25.75));
#10873=CARTESIAN_POINT('',(36.235800205579,23.3333333333333,25.75));
#10874=CARTESIAN_POINT('',(59.735800205579,23.3333333333333,25.));
#10875=CARTESIAN_POINT('Origin',(59.735800205579,14.5833333333333,25.));
#10876=CARTESIAN_POINT('',(59.735800205579,8.54166666666666,25.));
#10877=CARTESIAN_POINT('',(59.735800205579,23.3333333333333,25.75));
#10878=CARTESIAN_POINT('Origin',(47.985800205579,18.9583333333333,25.75));
#10879=CARTESIAN_POINT('Origin',(-61.264199794421,23.3333333333333,25.));
#10880=CARTESIAN_POINT('',(-61.264199794421,14.5833333333333,25.));
#10881=CARTESIAN_POINT('',(-61.264199794421,23.3333333333333,25.));
#10882=CARTESIAN_POINT('',(-61.264199794421,12.9166666666667,25.));
#10883=CARTESIAN_POINT('',(-61.264199794421,14.5833333333333,25.75));
#10884=CARTESIAN_POINT('',(-61.264199794421,14.5833333333333,25.));
#10885=CARTESIAN_POINT('',(-61.264199794421,23.3333333333333,25.75));
#10886=CARTESIAN_POINT('',(-61.264199794421,14.5833333333333,25.75));
#10887=CARTESIAN_POINT('',(-61.264199794421,23.3333333333333,25.));
#10888=CARTESIAN_POINT('Origin',(-37.764199794421,23.3333333333333,25.));
#10889=CARTESIAN_POINT('',(-37.764199794421,23.3333333333333,25.));
#10890=CARTESIAN_POINT('',(-50.1320998972105,23.3333333333333,25.));
#10891=CARTESIAN_POINT('',(-37.764199794421,23.3333333333333,25.75));
#10892=CARTESIAN_POINT('',(-61.264199794421,23.3333333333333,25.75));
#10893=CARTESIAN_POINT('',(-37.764199794421,23.3333333333333,25.));
#10894=CARTESIAN_POINT('Origin',(-37.764199794421,14.5833333333333,25.));
#10895=CARTESIAN_POINT('',(-37.764199794421,14.5833333333333,25.));
#10896=CARTESIAN_POINT('',(-37.764199794421,8.54166666666666,25.));
#10897=CARTESIAN_POINT('',(-37.764199794421,14.5833333333333,25.75));
#10898=CARTESIAN_POINT('',(-37.764199794421,23.3333333333333,25.75));
#10899=CARTESIAN_POINT('',(-37.764199794421,14.5833333333333,25.));
#10900=CARTESIAN_POINT('Origin',(-61.264199794421,14.5833333333333,25.));
#10901=CARTESIAN_POINT('',(-61.8820998972105,14.5833333333333,25.));
#10902=CARTESIAN_POINT('',(-37.764199794421,14.5833333333333,25.75));
#10903=CARTESIAN_POINT('Origin',(-49.514199794421,18.9583333333333,25.75));
#10904=CARTESIAN_POINT('Origin',(11.860800205579,14.5833333333333,25.));
#10905=CARTESIAN_POINT('',(35.360800205579,14.5833333333333,25.));
#10906=CARTESIAN_POINT('',(11.860800205579,14.5833333333333,25.));
#10907=CARTESIAN_POINT('',(-25.3195998972105,14.5833333333333,25.));
#10908=CARTESIAN_POINT('',(35.360800205579,14.5833333333333,25.75));
#10909=CARTESIAN_POINT('',(35.360800205579,14.5833333333333,25.));
#10910=CARTESIAN_POINT('',(11.860800205579,14.5833333333333,25.75));
#10911=CARTESIAN_POINT('',(35.360800205579,14.5833333333333,25.75));
#10912=CARTESIAN_POINT('',(11.860800205579,14.5833333333333,25.));
#10913=CARTESIAN_POINT('Origin',(11.860800205579,23.3333333333333,25.));
#10914=CARTESIAN_POINT('',(11.860800205579,23.3333333333333,25.));
#10915=CARTESIAN_POINT('',(11.860800205579,12.9166666666667,25.));
#10916=CARTESIAN_POINT('',(11.860800205579,23.3333333333333,25.75));
#10917=CARTESIAN_POINT('',(11.860800205579,14.5833333333333,25.75));
#10918=CARTESIAN_POINT('',(11.860800205579,23.3333333333333,25.));
#10919=CARTESIAN_POINT('Origin',(35.360800205579,23.3333333333333,25.));
#10920=CARTESIAN_POINT('',(35.360800205579,23.3333333333333,25.));
#10921=CARTESIAN_POINT('',(-13.5695998972105,23.3333333333333,25.));
#10922=CARTESIAN_POINT('',(35.360800205579,23.3333333333333,25.75));
#10923=CARTESIAN_POINT('',(11.860800205579,23.3333333333333,25.75));
#10924=CARTESIAN_POINT('',(35.360800205579,23.3333333333333,25.));
#10925=CARTESIAN_POINT('Origin',(35.360800205579,14.5833333333333,25.));
#10926=CARTESIAN_POINT('',(35.360800205579,8.54166666666666,25.));
#10927=CARTESIAN_POINT('',(35.360800205579,23.3333333333333,25.75));
#10928=CARTESIAN_POINT('Origin',(23.610800205579,18.9583333333333,25.75));
#10929=CARTESIAN_POINT('Origin',(-12.514199794421,3.33333333333334,25.));
#10930=CARTESIAN_POINT('',(10.985800205579,3.33333333333334,25.));
#10931=CARTESIAN_POINT('',(-12.514199794421,3.33333333333334,25.));
#10932=CARTESIAN_POINT('',(-37.5070998972105,3.33333333333334,25.));
#10933=CARTESIAN_POINT('',(10.985800205579,3.33333333333334,25.75));
#10934=CARTESIAN_POINT('',(10.985800205579,3.33333333333334,25.));
#10935=CARTESIAN_POINT('',(-12.514199794421,3.33333333333334,25.75));
#10936=CARTESIAN_POINT('',(10.985800205579,3.33333333333334,25.75));
#10937=CARTESIAN_POINT('',(-12.514199794421,3.33333333333334,25.));
#10938=CARTESIAN_POINT('Origin',(-12.514199794421,12.0833333333333,25.));
#10939=CARTESIAN_POINT('',(-12.514199794421,12.0833333333333,25.));
#10940=CARTESIAN_POINT('',(-12.514199794421,7.29166666666667,25.));
#10941=CARTESIAN_POINT('',(-12.514199794421,12.0833333333333,25.75));
#10942=CARTESIAN_POINT('',(-12.514199794421,3.33333333333334,25.75));
#10943=CARTESIAN_POINT('',(-12.514199794421,12.0833333333333,25.));
#10944=CARTESIAN_POINT('Origin',(10.985800205579,12.0833333333333,25.));
#10945=CARTESIAN_POINT('',(10.985800205579,12.0833333333333,25.));
#10946=CARTESIAN_POINT('',(-25.7570998972105,12.0833333333333,25.));
#10947=CARTESIAN_POINT('',(10.985800205579,12.0833333333333,25.75));
#10948=CARTESIAN_POINT('',(-12.514199794421,12.0833333333333,25.75));
#10949=CARTESIAN_POINT('',(10.985800205579,12.0833333333333,25.));
#10950=CARTESIAN_POINT('Origin',(10.985800205579,3.33333333333334,25.));
#10951=CARTESIAN_POINT('',(10.985800205579,2.91666666666667,25.));
#10952=CARTESIAN_POINT('',(10.985800205579,12.0833333333333,25.75));
#10953=CARTESIAN_POINT('Origin',(-0.764199794420994,7.70833333333334,25.75));
#10954=CARTESIAN_POINT('Origin',(62.5,2.5,-25.));
#10955=CARTESIAN_POINT('',(-62.5,0.,-25.));
#10956=CARTESIAN_POINT('',(-62.5,0.,-25.));
#10957=CARTESIAN_POINT('',(-62.5,2.5,-25.));
#10958=CARTESIAN_POINT('Origin',(18.6476675197743,2.5,1.94558316415147));
#10959=CARTESIAN_POINT('',(18.6476675197743,27.5,23.75));
#10960=CARTESIAN_POINT('',(18.6476675197743,3.75,23.75));
#10961=CARTESIAN_POINT('',(18.6476675197743,2.5,23.75));
#10962=CARTESIAN_POINT('',(18.6476675197743,27.5,3.19558316415147));
#10963=CARTESIAN_POINT('',(18.6476675197743,27.5,25.));
#10964=CARTESIAN_POINT('',(18.6476675197743,3.75,3.19558316415147));
#10965=CARTESIAN_POINT('',(18.6476675197743,2.5,3.19558316415147));
#10966=CARTESIAN_POINT('',(18.6476675197743,3.75,7.7091873731136));
#10967=CARTESIAN_POINT('Origin',(-62.5,2.5,25.));
#10968=CARTESIAN_POINT('',(-62.5,27.5,25.));
#10969=CARTESIAN_POINT('',(62.5,27.5,25.));
#10970=CARTESIAN_POINT('',(-62.5,0.,25.));
#10971=CARTESIAN_POINT('',(-62.5,2.5,25.));
#10972=CARTESIAN_POINT('',(62.5,0.,25.));
#10973=CARTESIAN_POINT('Origin',(0.,3.75,13.4727915820757));
#10974=CARTESIAN_POINT('',(-23.514199794421,3.75,3.19558316415147));
#10975=CARTESIAN_POINT('',(31.25,3.75,3.19558316415147));
#10976=CARTESIAN_POINT('',(-23.514199794421,3.75,23.75));
#10977=CARTESIAN_POINT('',(-23.514199794421,3.75,7.7091873731136));
#10978=CARTESIAN_POINT('',(-31.25,3.75,23.75));
#10979=CARTESIAN_POINT('Origin',(62.5,2.5,3.19558316415147));
#10980=CARTESIAN_POINT('',(-23.514199794421,27.5,3.19558316415147));
#10981=CARTESIAN_POINT('',(31.25,27.5,3.19558316415147));
#10982=CARTESIAN_POINT('',(-23.514199794421,2.5,3.19558316415147));
#10983=CARTESIAN_POINT('Origin',(-26.2138404548585,2.5,1.94558316415147));
#10984=CARTESIAN_POINT('',(-26.2138404548585,3.75,3.19558316415147));
#10985=CARTESIAN_POINT('',(-26.2138404548585,27.5,3.19558316415147));
#10986=CARTESIAN_POINT('',(-26.2138404548585,2.5,3.19558316415147));
#10987=CARTESIAN_POINT('',(-26.2138404548585,3.75,23.75));
#10988=CARTESIAN_POINT('',(-26.2138404548585,3.75,7.7091873731136));
#10989=CARTESIAN_POINT('',(-26.2138404548585,27.5,23.75));
#10990=CARTESIAN_POINT('',(-26.2138404548585,2.5,23.75));
#10991=CARTESIAN_POINT('',(-26.2138404548585,27.5,25.));
#10992=CARTESIAN_POINT('Origin',(62.5,2.5,3.19558316415147));
#10993=CARTESIAN_POINT('',(-61.25,27.5,3.19558316415147));
#10994=CARTESIAN_POINT('',(31.25,27.5,3.19558316415147));
#10995=CARTESIAN_POINT('',(-61.25,3.75,3.19558316415147));
#10996=CARTESIAN_POINT('',(-61.25,2.5,3.19558316415147));
#10997=CARTESIAN_POINT('',(31.25,3.75,3.19558316415147));
#10998=CARTESIAN_POINT('Origin',(-1.26419979442099,2.5,-25.));
#10999=CARTESIAN_POINT('',(-1.26419979442099,2.5,0.695583164151468));
#11000=CARTESIAN_POINT('',(-1.26419979442099,2.5,-12.5));
#11001=CARTESIAN_POINT('',(-1.26419979442099,25.,0.695583164151468));
#11002=CARTESIAN_POINT('',(-1.26419979442099,2.5,0.695583164151468));
#11003=CARTESIAN_POINT('',(-1.26419979442099,25.,-0.554416835848532));
#11004=CARTESIAN_POINT('',(-1.26419979442099,25.,-5.76360420896213));
#11005=CARTESIAN_POINT('',(-1.26419979442099,2.5,-0.554416835848532));
#11006=CARTESIAN_POINT('Origin',(62.5,2.5,-22.5));
#11007=CARTESIAN_POINT('',(31.25,2.5,-22.5));
#11008=CARTESIAN_POINT('Origin',(0.,2.5,0.));
#11009=CARTESIAN_POINT('',(31.25,2.5,0.695583164151468));
#11010=CARTESIAN_POINT('Origin',(62.5,2.5,0.695583164151468));
#11011=CARTESIAN_POINT('',(31.25,25.,0.695583164151468));
#11012=CARTESIAN_POINT('Origin',(0.,25.,13.4727915820757));
#11013=CARTESIAN_POINT('Origin',(-23.514199794421,2.5,1.94558316415147));
#11014=CARTESIAN_POINT('',(-23.514199794421,27.5,23.75));
#11015=CARTESIAN_POINT('',(-23.514199794421,2.5,23.75));
#11016=CARTESIAN_POINT('',(-23.514199794421,27.5,7.7091873731136));
#11017=CARTESIAN_POINT('Origin',(-62.5,2.5,23.75));
#11018=CARTESIAN_POINT('',(-61.25,3.75,23.75));
#11019=CARTESIAN_POINT('',(-31.25,3.75,23.75));
#11020=CARTESIAN_POINT('',(-61.25,27.5,23.75));
#11021=CARTESIAN_POINT('',(-61.25,2.5,23.75));
#11022=CARTESIAN_POINT('',(-31.25,27.5,23.75));
#11023=CARTESIAN_POINT('Origin',(0.,3.75,13.4727915820757));
#11024=CARTESIAN_POINT('',(-61.25,3.75,7.7091873731136));
#11025=CARTESIAN_POINT('Origin',(21.485800205579,2.5,1.94558316415147));
#11026=CARTESIAN_POINT('',(21.485800205579,27.5,3.19558316415147));
#11027=CARTESIAN_POINT('',(21.485800205579,3.75,3.19558316415147));
#11028=CARTESIAN_POINT('',(21.485800205579,2.5,3.19558316415147));
#11029=CARTESIAN_POINT('',(21.485800205579,27.5,23.75));
#11030=CARTESIAN_POINT('',(21.485800205579,27.5,7.7091873731136));
#11031=CARTESIAN_POINT('',(21.485800205579,3.75,23.75));
#11032=CARTESIAN_POINT('',(21.485800205579,2.5,23.75));
#11033=CARTESIAN_POINT('',(21.485800205579,3.75,7.7091873731136));
#11034=CARTESIAN_POINT('Origin',(0.,3.75,13.4727915820757));
#11035=CARTESIAN_POINT('',(61.25,3.75,23.75));
#11036=CARTESIAN_POINT('',(-31.25,3.75,23.75));
#11037=CARTESIAN_POINT('',(61.25,3.75,3.19558316415147));
#11038=CARTESIAN_POINT('',(61.25,3.75,19.2363957910379));
#11039=CARTESIAN_POINT('',(31.25,3.75,3.19558316415147));
#11040=CARTESIAN_POINT('Origin',(0.,27.5,13.4727915820757));
#11041=CARTESIAN_POINT('',(-62.5,27.5,25.));
#11042=CARTESIAN_POINT('',(-61.25,27.5,7.7091873731136));
#11043=CARTESIAN_POINT('',(-31.25,27.5,23.75));
#11044=CARTESIAN_POINT('',(61.25,27.5,3.19558316415147));
#11045=CARTESIAN_POINT('',(31.25,27.5,3.19558316415147));
#11046=CARTESIAN_POINT('',(61.25,27.5,23.75));
#11047=CARTESIAN_POINT('',(61.25,27.5,19.2363957910379));
#11048=CARTESIAN_POINT('',(-31.25,27.5,23.75));
#11049=CARTESIAN_POINT('Origin',(-62.5,2.5,23.75));
#11050=CARTESIAN_POINT('Origin',(-62.5,2.5,23.75));
#11051=CARTESIAN_POINT('',(61.25,2.5,23.75));
#11052=CARTESIAN_POINT('Origin',(0.,2.5,0.));
#11053=CARTESIAN_POINT('',(31.25,2.5,0.695583164151468));
#11054=CARTESIAN_POINT('Origin',(-62.5,2.5,-0.554416835848532));
#11055=CARTESIAN_POINT('',(-31.25,25.,-0.554416835848532));
#11056=CARTESIAN_POINT('Origin',(62.5,2.5,0.695583164151468));
#11057=CARTESIAN_POINT('',(31.25,25.,0.695583164151468));
#11058=CARTESIAN_POINT('Origin',(0.,25.,13.4727915820757));
#11059=CARTESIAN_POINT('Origin',(0.,0.,0.));
#11060=CARTESIAN_POINT('',(-62.5,0.,25.));
#11061=CARTESIAN_POINT('Origin',(62.5,2.5,3.19558316415147));
#11062=CARTESIAN_POINT('',(61.25,2.5,3.19558316415147));
#11063=CARTESIAN_POINT('Origin',(61.25,2.5,25.));
#11064=CARTESIAN_POINT('Origin',(-61.25,2.5,1.94558316415147));
#11065=CARTESIAN_POINT('Origin',(-62.5,2.5,1.94558316415147));
#11066=UNCERTAINTY_MEASURE_WITH_UNIT(LENGTH_MEASURE(0.01),#11070,
'DISTANCE_ACCURACY_VALUE',
'Maximum model space distance between geometric entities at asserted c
onnectivities');
#11067=UNCERTAINTY_MEASURE_WITH_UNIT(LENGTH_MEASURE(0.01),#11070,
'DISTANCE_ACCURACY_VALUE',
'Maximum model space distance between geometric entities at asserted c
onnectivities');
#11068=(
GEOMETRIC_REPRESENTATION_CONTEXT(3)
GLOBAL_UNCERTAINTY_ASSIGNED_CONTEXT((#11066))
GLOBAL_UNIT_ASSIGNED_CONTEXT((#11070,#11072,#11073))
REPRESENTATION_CONTEXT('','3D')
);
#11069=(
GEOMETRIC_REPRESENTATION_CONTEXT(3)
GLOBAL_UNCERTAINTY_ASSIGNED_CONTEXT((#11067))
GLOBAL_UNIT_ASSIGNED_CONTEXT((#11070,#11072,#11073))
REPRESENTATION_CONTEXT('','3D')
);
#11070=(
LENGTH_UNIT()
NAMED_UNIT(*)
SI_UNIT(.MILLI.,.METRE.)
);
#11071=(
LENGTH_UNIT()
NAMED_UNIT(*)
SI_UNIT($,.METRE.)
);
#11072=(
NAMED_UNIT(*)
PLANE_ANGLE_UNIT()
SI_UNIT($,.RADIAN.)
);
#11073=(
NAMED_UNIT(*)
SI_UNIT($,.STERADIAN.)
SOLID_ANGLE_UNIT()
);
#11074=SHAPE_DEFINITION_REPRESENTATION(#11075,#11076);
#11075=PRODUCT_DEFINITION_SHAPE('',$,#11078);
#11076=SHAPE_REPRESENTATION('',(#6936),#11068);
#11077=PRODUCT_DEFINITION_CONTEXT('part definition',#11082,'design');
#11078=PRODUCT_DEFINITION('2026-07-13-07-00-43-273','remote holder',#11079,
#11077);
#11079=PRODUCT_DEFINITION_FORMATION('',$,#11084);
#11080=PRODUCT_RELATED_PRODUCT_CATEGORY('remote holder','remote holder',
(#11084));
#11081=APPLICATION_PROTOCOL_DEFINITION('international standard',
'automotive_design',2009,#11082);
#11082=APPLICATION_CONTEXT(
'Core Data for Automotive Mechanical Design Process');
#11083=PRODUCT_CONTEXT('part definition',#11082,'mechanical');
#11084=PRODUCT('2026-07-13-07-00-43-273','remote holder',$,(#11083));
#11085=PRESENTATION_STYLE_ASSIGNMENT((#11088));
#11086=PRESENTATION_STYLE_ASSIGNMENT((#11089));
#11087=PRESENTATION_STYLE_ASSIGNMENT((#11090));
#11088=SURFACE_STYLE_USAGE(.BOTH.,#11091);
#11089=SURFACE_STYLE_USAGE(.BOTH.,#11092);
#11090=SURFACE_STYLE_USAGE(.BOTH.,#11093);
#11091=SURFACE_SIDE_STYLE('',(#11094));
#11092=SURFACE_SIDE_STYLE('',(#11095));
#11093=SURFACE_SIDE_STYLE('',(#11096));
#11094=SURFACE_STYLE_FILL_AREA(#11097);
#11095=SURFACE_STYLE_FILL_AREA(#11098);
#11096=SURFACE_STYLE_FILL_AREA(#11099);
#11097=FILL_AREA_STYLE('Steel - Satin',(#11100));
#11098=FILL_AREA_STYLE('Nylon 12 (with Formlabs Fuse 1 3D Printer)',(#11101));
#11099=FILL_AREA_STYLE(
'HP 3D HR CB PA 12 (with HP Jet Fusion 580 Color 3D Printer)',(#11102));
#11100=FILL_AREA_STYLE_COLOUR('Steel - Satin',#11103);
#11101=FILL_AREA_STYLE_COLOUR(
'Nylon 12 (with Formlabs Fuse 1 3D Printer)',#11104);
#11102=FILL_AREA_STYLE_COLOUR(
'HP 3D HR CB PA 12 (with HP Jet Fusion 580 Color 3D Printer)',#11105);
#11103=COLOUR_RGB('Steel - Satin',0.627450980392157,0.627450980392157,0.627450980392157);
#11104=COLOUR_RGB('Nylon 12 (with Formlabs Fuse 1 3D Printer)',0.247058823529412,
0.247058823529412,0.247058823529412);
#11105=COLOUR_RGB(
'HP 3D HR CB PA 12 (with HP Jet Fusion 580 Color 3D Printer)',0.964705882352941,
0.964705882352941,0.952941176470588);
ENDSEC;
END-ISO-10303-21;
