ISO-10303-21;
HEADER;
/* Generated by software containing ST-Developer
 * from STEP Tools, Inc. (www.steptools.com) 
 */

FILE_DESCRIPTION(
/* description */ (''),
/* implementation_level */ '2;1');

FILE_NAME(
/* name */ 'brush holder.step',
/* time_stamp */ '2026-08-18T20:45:00+05:30',
/* author */ (''),
/* organization */ (''),
/* preprocessor_version */ 'ST-DEVELOPER v20.1',
/* originating_system */ 'Autodesk Translation Framework v15.8.0.0',
/* authorisation */ '');

FILE_SCHEMA (('AUTOMOTIVE_DESIGN { 1 0 10303 214 3 1 1 }'));
ENDSEC;

DATA;
#10=MECHANICAL_DESIGN_GEOMETRIC_PRESENTATION_REPRESENTATION('',(#14,#15),
#2892);
#11=SHAPE_REPRESENTATION_RELATIONSHIP('SRR','None',#2899,#12);
#12=ADVANCED_BREP_SHAPE_REPRESENTATION('',(#13),#2891);
#13=MANIFOLD_SOLID_BREP('main',#1660);
#14=STYLED_ITEM('',(#2910),#1616);
#15=STYLED_ITEM('',(#2909),#13);
#16=ELLIPSE('',#1699,1.71826947828331,1.215);
#17=ELLIPSE('',#1701,1.71826947828331,1.215);
#18=PLANE('',#1695);
#19=PLANE('',#1715);
#20=PLANE('',#1717);
#21=PLANE('',#1719);
#22=PLANE('',#1720);
#23=PLANE('',#1721);
#24=PLANE('',#1722);
#25=PLANE('',#1723);
#26=PLANE('',#1724);
#27=PLANE('',#1725);
#28=PLANE('',#1726);
#29=PLANE('',#1727);
#30=PLANE('',#1728);
#31=PLANE('',#1731);
#32=PLANE('',#1755);
#33=PLANE('',#1759);
#34=PLANE('',#1790);
#35=PLANE('',#1791);
#36=PLANE('',#1796);
#37=PLANE('',#1801);
#38=PLANE('',#1822);
#39=PLANE('',#1823);
#40=PLANE('',#1827);
#41=PLANE('',#1828);
#42=PLANE('',#1832);
#43=PLANE('',#1833);
#44=PLANE('',#1837);
#45=PLANE('',#1838);
#46=PLANE('',#1842);
#47=PLANE('',#1843);
#48=PLANE('',#1847);
#49=PLANE('',#1848);
#50=PLANE('',#1852);
#51=PLANE('',#1853);
#52=PLANE('',#1854);
#53=PLANE('',#1856);
#54=LINE('',#2399,#202);
#55=LINE('',#2400,#203);
#56=LINE('',#2411,#204);
#57=LINE('',#2412,#205);
#58=LINE('',#2423,#206);
#59=LINE('',#2424,#207);
#60=LINE('',#2442,#208);
#61=LINE('',#2444,#209);
#62=LINE('',#2448,#210);
#63=LINE('',#2452,#211);
#64=LINE('',#2454,#212);
#65=LINE('',#2456,#213);
#66=LINE('',#2457,#214);
#67=LINE('',#2460,#215);
#68=LINE('',#2463,#216);
#69=LINE('',#2466,#217);
#70=LINE('',#2469,#218);
#71=LINE('',#2472,#219);
#72=LINE('',#2475,#220);
#73=LINE('',#2486,#221);
#74=LINE('',#2487,#222);
#75=LINE('',#2495,#223);
#76=LINE('',#2496,#224);
#77=LINE('',#2498,#225);
#78=LINE('',#2500,#226);
#79=LINE('',#2502,#227);
#80=LINE('',#2504,#228);
#81=LINE('',#2509,#229);
#82=LINE('',#2511,#230);
#83=LINE('',#2513,#231);
#84=LINE('',#2514,#232);
#85=LINE('',#2518,#233);
#86=LINE('',#2520,#234);
#87=LINE('',#2522,#235);
#88=LINE('',#2523,#236);
#89=LINE('',#2527,#237);
#90=LINE('',#2529,#238);
#91=LINE('',#2531,#239);
#92=LINE('',#2532,#240);
#93=LINE('',#2536,#241);
#94=LINE('',#2538,#242);
#95=LINE('',#2540,#243);
#96=LINE('',#2541,#244);
#97=LINE('',#2545,#245);
#98=LINE('',#2547,#246);
#99=LINE('',#2549,#247);
#100=LINE('',#2550,#248);
#101=LINE('',#2554,#249);
#102=LINE('',#2556,#250);
#103=LINE('',#2558,#251);
#104=LINE('',#2559,#252);
#105=LINE('',#2563,#253);
#106=LINE('',#2565,#254);
#107=LINE('',#2567,#255);
#108=LINE('',#2568,#256);
#109=LINE('',#2572,#257);
#110=LINE('',#2574,#258);
#111=LINE('',#2576,#259);
#112=LINE('',#2577,#260);
#113=LINE('',#2581,#261);
#114=LINE('',#2582,#262);
#115=LINE('',#2583,#263);
#116=LINE('',#2587,#264);
#117=LINE('',#2591,#265);
#118=LINE('',#2592,#266);
#119=LINE('',#2593,#267);
#120=LINE('',#2600,#268);
#121=LINE('',#2606,#269);
#122=LINE('',#2612,#270);
#123=LINE('',#2618,#271);
#124=LINE('',#2624,#272);
#125=LINE('',#2630,#273);
#126=LINE('',#2636,#274);
#127=LINE('',#2640,#275);
#128=LINE('',#2642,#276);
#129=LINE('',#2643,#277);
#130=LINE('',#2648,#278);
#131=LINE('',#2654,#279);
#132=LINE('',#2657,#280);
#133=LINE('',#2662,#281);
#134=LINE('',#2664,#282);
#135=LINE('',#2670,#283);
#136=LINE('',#2673,#284);
#137=LINE('',#2679,#285);
#138=LINE('',#2682,#286);
#139=LINE('',#2688,#287);
#140=LINE('',#2691,#288);
#141=LINE('',#2697,#289);
#142=LINE('',#2700,#290);
#143=LINE('',#2706,#291);
#144=LINE('',#2711,#292);
#145=LINE('',#2717,#293);
#146=LINE('',#2724,#294);
#147=LINE('',#2727,#295);
#148=LINE('',#2728,#296);
#149=LINE('',#2732,#297);
#150=LINE('',#2736,#298);
#151=LINE('',#2740,#299);
#152=LINE('',#2741,#300);
#153=LINE('',#2744,#301);
#154=LINE('',#2749,#302);
#155=LINE('',#2752,#303);
#156=LINE('',#2753,#304);
#157=LINE('',#2758,#305);
#158=LINE('',#2764,#306);
#159=LINE('',#2769,#307);
#160=LINE('',#2770,#308);
#161=LINE('',#2772,#309);
#162=LINE('',#2774,#310);
#163=LINE('',#2778,#311);
#164=LINE('',#2783,#312);
#165=LINE('',#2788,#313);
#166=LINE('',#2792,#314);
#167=LINE('',#2797,#315);
#168=LINE('',#2801,#316);
#169=LINE('',#2806,#317);
#170=LINE('',#2810,#318);
#171=LINE('',#2815,#319);
#172=LINE('',#2819,#320);
#173=LINE('',#2824,#321);
#174=LINE('',#2827,#322);
#175=LINE('',#2828,#323);
#176=LINE('',#2830,#324);
#177=LINE('',#2832,#325);
#178=LINE('',#2836,#326);
#179=LINE('',#2837,#327);
#180=LINE('',#2839,#328);
#181=LINE('',#2841,#329);
#182=LINE('',#2845,#330);
#183=LINE('',#2846,#331);
#184=LINE('',#2848,#332);
#185=LINE('',#2850,#333);
#186=LINE('',#2854,#334);
#187=LINE('',#2855,#335);
#188=LINE('',#2857,#336);
#189=LINE('',#2859,#337);
#190=LINE('',#2863,#338);
#191=LINE('',#2864,#339);
#192=LINE('',#2866,#340);
#193=LINE('',#2868,#341);
#194=LINE('',#2872,#342);
#195=LINE('',#2873,#343);
#196=LINE('',#2875,#344);
#197=LINE('',#2877,#345);
#198=LINE('',#2881,#346);
#199=LINE('',#2883,#347);
#200=LINE('',#2885,#348);
#201=LINE('',#2887,#349);
#202=VECTOR('',#1872,2.7);
#203=VECTOR('',#1873,2.7);
#204=VECTOR('',#1886,2.7);
#205=VECTOR('',#1887,2.7);
#206=VECTOR('',#1900,2.7);
#207=VECTOR('',#1901,2.7);
#208=VECTOR('',#1910,2.7);
#209=VECTOR('',#1911,2.7);
#210=VECTOR('',#1914,2.7);
#211=VECTOR('',#1917,2.7);
#212=VECTOR('',#1918,2.7);
#213=VECTOR('',#1919,2.7);
#214=VECTOR('',#1920,2.7);
#215=VECTOR('',#1923,2.7);
#216=VECTOR('',#1926,2.7);
#217=VECTOR('',#1929,2.7);
#218=VECTOR('',#1932,2.7);
#219=VECTOR('',#1935,2.7);
#220=VECTOR('',#1938,2.7);
#221=VECTOR('',#1951,2.7);
#222=VECTOR('',#1952,2.7);
#223=VECTOR('',#1963,2.7);
#224=VECTOR('',#1964,2.7);
#225=VECTOR('',#1967,2.7);
#226=VECTOR('',#1970,2.7);
#227=VECTOR('',#1973,2.7);
#228=VECTOR('',#1976,2.7);
#229=VECTOR('',#1981,2.7);
#230=VECTOR('',#1982,2.7);
#231=VECTOR('',#1983,2.7);
#232=VECTOR('',#1984,2.7);
#233=VECTOR('',#1987,2.7);
#234=VECTOR('',#1988,2.7);
#235=VECTOR('',#1989,2.7);
#236=VECTOR('',#1990,2.7);
#237=VECTOR('',#1993,2.7);
#238=VECTOR('',#1994,2.7);
#239=VECTOR('',#1995,2.7);
#240=VECTOR('',#1996,2.7);
#241=VECTOR('',#1999,2.7);
#242=VECTOR('',#2000,2.7);
#243=VECTOR('',#2001,2.7);
#244=VECTOR('',#2002,2.7);
#245=VECTOR('',#2005,2.7);
#246=VECTOR('',#2006,2.7);
#247=VECTOR('',#2007,2.7);
#248=VECTOR('',#2008,2.7);
#249=VECTOR('',#2011,2.7);
#250=VECTOR('',#2012,2.7);
#251=VECTOR('',#2013,2.7);
#252=VECTOR('',#2014,2.7);
#253=VECTOR('',#2017,2.7);
#254=VECTOR('',#2018,2.7);
#255=VECTOR('',#2019,2.7);
#256=VECTOR('',#2020,2.7);
#257=VECTOR('',#2023,2.7);
#258=VECTOR('',#2024,2.7);
#259=VECTOR('',#2025,2.7);
#260=VECTOR('',#2026,2.7);
#261=VECTOR('',#2029,2.7);
#262=VECTOR('',#2030,2.7);
#263=VECTOR('',#2031,2.7);
#264=VECTOR('',#2036,2.7);
#265=VECTOR('',#2039,2.7);
#266=VECTOR('',#2040,2.7);
#267=VECTOR('',#2041,2.7);
#268=VECTOR('',#2050,2.7);
#269=VECTOR('',#2057,2.7);
#270=VECTOR('',#2064,2.7);
#271=VECTOR('',#2071,2.7);
#272=VECTOR('',#2078,2.7);
#273=VECTOR('',#2085,2.7);
#274=VECTOR('',#2092,2.7);
#275=VECTOR('',#2097,2.7);
#276=VECTOR('',#2098,2.7);
#277=VECTOR('',#2099,2.7);
#278=VECTOR('',#2104,2.7);
#279=VECTOR('',#2111,2.7);
#280=VECTOR('',#2114,2.7);
#281=VECTOR('',#2119,2.7);
#282=VECTOR('',#2120,2.7);
#283=VECTOR('',#2125,2.7);
#284=VECTOR('',#2128,2.7);
#285=VECTOR('',#2133,2.7);
#286=VECTOR('',#2136,2.7);
#287=VECTOR('',#2141,2.7);
#288=VECTOR('',#2144,2.7);
#289=VECTOR('',#2149,2.7);
#290=VECTOR('',#2152,2.7);
#291=VECTOR('',#2157,2.7);
#292=VECTOR('',#2162,2.7);
#293=VECTOR('',#2167,2.7);
#294=VECTOR('',#2174,2.7);
#295=VECTOR('',#2177,2.7);
#296=VECTOR('',#2178,2.7);
#297=VECTOR('',#2183,2.7);
#298=VECTOR('',#2188,2.7);
#299=VECTOR('',#2193,2.7);
#300=VECTOR('',#2194,2.7);
#301=VECTOR('',#2197,2.7);
#302=VECTOR('',#2204,2.7);
#303=VECTOR('',#2207,2.7);
#304=VECTOR('',#2208,2.7);
#305=VECTOR('',#2215,2.7);
#306=VECTOR('',#2222,2.7);
#307=VECTOR('',#2227,2.7);
#308=VECTOR('',#2228,2.7);
#309=VECTOR('',#2229,2.7);
#310=VECTOR('',#2230,2.7);
#311=VECTOR('',#2233,2.7);
#312=VECTOR('',#2238,2.7);
#313=VECTOR('',#2243,2.7);
#314=VECTOR('',#2246,2.7);
#315=VECTOR('',#2251,2.7);
#316=VECTOR('',#2254,2.7);
#317=VECTOR('',#2259,2.7);
#318=VECTOR('',#2262,2.7);
#319=VECTOR('',#2267,2.7);
#320=VECTOR('',#2270,2.7);
#321=VECTOR('',#2275,2.7);
#322=VECTOR('',#2280,2.7);
#323=VECTOR('',#2281,2.7);
#324=VECTOR('',#2284,2.7);
#325=VECTOR('',#2287,2.7);
#326=VECTOR('',#2294,2.7);
#327=VECTOR('',#2295,2.7);
#328=VECTOR('',#2298,2.7);
#329=VECTOR('',#2301,2.7);
#330=VECTOR('',#2308,2.7);
#331=VECTOR('',#2309,2.7);
#332=VECTOR('',#2312,2.7);
#333=VECTOR('',#2315,2.7);
#334=VECTOR('',#2322,2.7);
#335=VECTOR('',#2323,2.7);
#336=VECTOR('',#2326,2.7);
#337=VECTOR('',#2329,2.7);
#338=VECTOR('',#2336,2.7);
#339=VECTOR('',#2337,2.7);
#340=VECTOR('',#2340,2.7);
#341=VECTOR('',#2343,2.7);
#342=VECTOR('',#2350,2.7);
#343=VECTOR('',#2351,2.7);
#344=VECTOR('',#2354,2.7);
#345=VECTOR('',#2357,2.7);
#346=VECTOR('',#2364,2.7);
#347=VECTOR('',#2367,2.7);
#348=VECTOR('',#2370,2.7);
#349=VECTOR('',#2373,2.7);
#350=CYLINDRICAL_SURFACE('',#1678,1.215);
#351=CYLINDRICAL_SURFACE('',#1684,1.215);
#352=CYLINDRICAL_SURFACE('',#1690,1.215);
#353=CYLINDRICAL_SURFACE('',#1698,1.215);
#354=CYLINDRICAL_SURFACE('',#1700,1.215);
#355=CYLINDRICAL_SURFACE('',#1702,1.215);
#356=CYLINDRICAL_SURFACE('',#1708,1.215);
#357=CYLINDRICAL_SURFACE('',#1714,1.215);
#358=CYLINDRICAL_SURFACE('',#1716,10.8);
#359=CYLINDRICAL_SURFACE('',#1718,10.8);
#360=CYLINDRICAL_SURFACE('',#1729,16.2);
#361=CYLINDRICAL_SURFACE('',#1732,16.2);
#362=CYLINDRICAL_SURFACE('',#1734,3.27777151742119);
#363=CYLINDRICAL_SURFACE('',#1737,3.27777151742119);
#364=CYLINDRICAL_SURFACE('',#1740,3.27777151742119);
#365=CYLINDRICAL_SURFACE('',#1743,3.27777151742119);
#366=CYLINDRICAL_SURFACE('',#1746,3.27777151742119);
#367=CYLINDRICAL_SURFACE('',#1749,3.27777151742119);
#368=CYLINDRICAL_SURFACE('',#1752,3.27777151742119);
#369=CYLINDRICAL_SURFACE('',#1756,3.27777151742119);
#370=CYLINDRICAL_SURFACE('',#1786,3.27777151742119);
#371=CYLINDRICAL_SURFACE('',#1788,3.27777151742119);
#372=CYLINDRICAL_SURFACE('',#1792,2.98567866975173);
#373=CYLINDRICAL_SURFACE('',#1794,0.877499999999962);
#374=CYLINDRICAL_SURFACE('',#1797,3.15125332183477);
#375=CYLINDRICAL_SURFACE('',#1799,3.15125332183477);
#376=CYLINDRICAL_SURFACE('',#1824,2.98567866975173);
#377=CYLINDRICAL_SURFACE('',#1825,3.15125332183477);
#378=CYLINDRICAL_SURFACE('',#1826,3.27777151742119);
#379=CYLINDRICAL_SURFACE('',#1829,2.98567866975173);
#380=CYLINDRICAL_SURFACE('',#1830,3.15125332183477);
#381=CYLINDRICAL_SURFACE('',#1831,3.27777151742119);
#382=CYLINDRICAL_SURFACE('',#1834,2.98567866975173);
#383=CYLINDRICAL_SURFACE('',#1835,3.15125332183477);
#384=CYLINDRICAL_SURFACE('',#1836,3.27777151742119);
#385=CYLINDRICAL_SURFACE('',#1839,2.98567866975173);
#386=CYLINDRICAL_SURFACE('',#1840,3.15125332183477);
#387=CYLINDRICAL_SURFACE('',#1841,3.27777151742119);
#388=CYLINDRICAL_SURFACE('',#1844,2.98567866975173);
#389=CYLINDRICAL_SURFACE('',#1845,3.15125332183477);
#390=CYLINDRICAL_SURFACE('',#1846,3.27777151742119);
#391=CYLINDRICAL_SURFACE('',#1849,2.98567866975173);
#392=CYLINDRICAL_SURFACE('',#1850,3.15125332183477);
#393=CYLINDRICAL_SURFACE('',#1851,3.27777151742119);
#394=CYLINDRICAL_SURFACE('',#1855,2.98567866975173);
#395=CYLINDRICAL_SURFACE('',#1857,0.877499999999995);
#396=FACE_OUTER_BOUND('',#484,.T.);
#397=FACE_OUTER_BOUND('',#485,.T.);
#398=FACE_OUTER_BOUND('',#486,.T.);
#399=FACE_OUTER_BOUND('',#487,.T.);
#400=FACE_OUTER_BOUND('',#488,.T.);
#401=FACE_OUTER_BOUND('',#489,.T.);
#402=FACE_OUTER_BOUND('',#490,.T.);
#403=FACE_OUTER_BOUND('',#491,.T.);
#404=FACE_OUTER_BOUND('',#492,.T.);
#405=FACE_OUTER_BOUND('',#493,.T.);
#406=FACE_OUTER_BOUND('',#494,.T.);
#407=FACE_OUTER_BOUND('',#495,.T.);
#408=FACE_OUTER_BOUND('',#496,.T.);
#409=FACE_OUTER_BOUND('',#497,.T.);
#410=FACE_OUTER_BOUND('',#498,.T.);
#411=FACE_OUTER_BOUND('',#499,.T.);
#412=FACE_OUTER_BOUND('',#500,.T.);
#413=FACE_OUTER_BOUND('',#501,.T.);
#414=FACE_OUTER_BOUND('',#502,.T.);
#415=FACE_OUTER_BOUND('',#503,.T.);
#416=FACE_OUTER_BOUND('',#504,.T.);
#417=FACE_OUTER_BOUND('',#505,.T.);
#418=FACE_OUTER_BOUND('',#506,.T.);
#419=FACE_OUTER_BOUND('',#507,.T.);
#420=FACE_OUTER_BOUND('',#508,.T.);
#421=FACE_OUTER_BOUND('',#509,.T.);
#422=FACE_OUTER_BOUND('',#510,.T.);
#423=FACE_OUTER_BOUND('',#511,.T.);
#424=FACE_OUTER_BOUND('',#512,.T.);
#425=FACE_OUTER_BOUND('',#513,.T.);
#426=FACE_OUTER_BOUND('',#514,.T.);
#427=FACE_OUTER_BOUND('',#515,.T.);
#428=FACE_OUTER_BOUND('',#516,.T.);
#429=FACE_OUTER_BOUND('',#517,.T.);
#430=FACE_OUTER_BOUND('',#518,.T.);
#431=FACE_OUTER_BOUND('',#519,.T.);
#432=FACE_OUTER_BOUND('',#520,.T.);
#433=FACE_OUTER_BOUND('',#521,.T.);
#434=FACE_OUTER_BOUND('',#522,.T.);
#435=FACE_OUTER_BOUND('',#523,.T.);
#436=FACE_OUTER_BOUND('',#524,.T.);
#437=FACE_OUTER_BOUND('',#525,.T.);
#438=FACE_OUTER_BOUND('',#526,.T.);
#439=FACE_OUTER_BOUND('',#527,.T.);
#440=FACE_OUTER_BOUND('',#528,.T.);
#441=FACE_OUTER_BOUND('',#529,.T.);
#442=FACE_OUTER_BOUND('',#530,.T.);
#443=FACE_OUTER_BOUND('',#531,.T.);
#444=FACE_OUTER_BOUND('',#532,.T.);
#445=FACE_OUTER_BOUND('',#533,.T.);
#446=FACE_OUTER_BOUND('',#534,.T.);
#447=FACE_OUTER_BOUND('',#535,.T.);
#448=FACE_OUTER_BOUND('',#536,.T.);
#449=FACE_OUTER_BOUND('',#537,.T.);
#450=FACE_OUTER_BOUND('',#538,.T.);
#451=FACE_OUTER_BOUND('',#539,.T.);
#452=FACE_OUTER_BOUND('',#540,.T.);
#453=FACE_OUTER_BOUND('',#541,.T.);
#454=FACE_OUTER_BOUND('',#542,.T.);
#455=FACE_OUTER_BOUND('',#543,.T.);
#456=FACE_OUTER_BOUND('',#544,.T.);
#457=FACE_OUTER_BOUND('',#545,.T.);
#458=FACE_OUTER_BOUND('',#546,.T.);
#459=FACE_OUTER_BOUND('',#547,.T.);
#460=FACE_OUTER_BOUND('',#548,.T.);
#461=FACE_OUTER_BOUND('',#549,.T.);
#462=FACE_OUTER_BOUND('',#550,.T.);
#463=FACE_OUTER_BOUND('',#551,.T.);
#464=FACE_OUTER_BOUND('',#552,.T.);
#465=FACE_OUTER_BOUND('',#553,.T.);
#466=FACE_OUTER_BOUND('',#554,.T.);
#467=FACE_OUTER_BOUND('',#555,.T.);
#468=FACE_OUTER_BOUND('',#556,.T.);
#469=FACE_OUTER_BOUND('',#557,.T.);
#470=FACE_OUTER_BOUND('',#558,.T.);
#471=FACE_OUTER_BOUND('',#559,.T.);
#472=FACE_OUTER_BOUND('',#560,.T.);
#473=FACE_OUTER_BOUND('',#561,.T.);
#474=FACE_OUTER_BOUND('',#562,.T.);
#475=FACE_OUTER_BOUND('',#563,.T.);
#476=FACE_OUTER_BOUND('',#564,.T.);
#477=FACE_OUTER_BOUND('',#565,.T.);
#478=FACE_OUTER_BOUND('',#566,.T.);
#479=FACE_OUTER_BOUND('',#567,.T.);
#480=FACE_OUTER_BOUND('',#568,.T.);
#481=FACE_OUTER_BOUND('',#569,.T.);
#482=FACE_OUTER_BOUND('',#570,.T.);
#483=FACE_OUTER_BOUND('',#571,.T.);
#484=EDGE_LOOP('',(#1074,#1075,#1076,#1077));
#485=EDGE_LOOP('',(#1078,#1079,#1080,#1081));
#486=EDGE_LOOP('',(#1082,#1083,#1084,#1085));
#487=EDGE_LOOP('',(#1086,#1087,#1088,#1089));
#488=EDGE_LOOP('',(#1090,#1091,#1092,#1093));
#489=EDGE_LOOP('',(#1094,#1095,#1096,#1097));
#490=EDGE_LOOP('',(#1098,#1099,#1100,#1101));
#491=EDGE_LOOP('',(#1102,#1103,#1104,#1105,#1106,#1107,#1108,#1109,#1110,
#1111,#1112,#1113,#1114,#1115,#1116,#1117));
#492=EDGE_LOOP('',(#1118,#1119,#1120,#1121));
#493=EDGE_LOOP('',(#1122,#1123,#1124,#1125));
#494=EDGE_LOOP('',(#1126,#1127,#1128,#1129));
#495=EDGE_LOOP('',(#1130,#1131,#1132,#1133));
#496=EDGE_LOOP('',(#1134,#1135,#1136,#1137));
#497=EDGE_LOOP('',(#1138,#1139,#1140,#1141));
#498=EDGE_LOOP('',(#1142,#1143,#1144,#1145));
#499=EDGE_LOOP('',(#1146,#1147,#1148,#1149));
#500=EDGE_LOOP('',(#1150,#1151,#1152,#1153));
#501=EDGE_LOOP('',(#1154,#1155,#1156,#1157));
#502=EDGE_LOOP('',(#1158,#1159,#1160,#1161));
#503=EDGE_LOOP('',(#1162,#1163,#1164,#1165));
#504=EDGE_LOOP('',(#1166,#1167,#1168,#1169));
#505=EDGE_LOOP('',(#1170,#1171,#1172,#1173));
#506=EDGE_LOOP('',(#1174,#1175,#1176,#1177));
#507=EDGE_LOOP('',(#1178,#1179,#1180,#1181));
#508=EDGE_LOOP('',(#1182,#1183,#1184,#1185));
#509=EDGE_LOOP('',(#1186,#1187,#1188,#1189));
#510=EDGE_LOOP('',(#1190,#1191,#1192,#1193));
#511=EDGE_LOOP('',(#1194,#1195,#1196,#1197));
#512=EDGE_LOOP('',(#1198,#1199,#1200,#1201));
#513=EDGE_LOOP('',(#1202,#1203,#1204,#1205));
#514=EDGE_LOOP('',(#1206,#1207,#1208,#1209));
#515=EDGE_LOOP('',(#1210,#1211,#1212,#1213));
#516=EDGE_LOOP('',(#1214,#1215,#1216,#1217));
#517=EDGE_LOOP('',(#1218,#1219,#1220,#1221));
#518=EDGE_LOOP('',(#1222,#1223,#1224,#1225));
#519=EDGE_LOOP('',(#1226,#1227,#1228,#1229));
#520=EDGE_LOOP('',(#1230,#1231,#1232,#1233));
#521=EDGE_LOOP('',(#1234,#1235,#1236,#1237));
#522=EDGE_LOOP('',(#1238,#1239,#1240,#1241));
#523=EDGE_LOOP('',(#1242,#1243,#1244,#1245));
#524=EDGE_LOOP('',(#1246,#1247,#1248,#1249));
#525=EDGE_LOOP('',(#1250,#1251,#1252,#1253,#1254,#1255,#1256,#1257,#1258,
#1259,#1260,#1261,#1262,#1263,#1264,#1265,#1266,#1267,#1268,#1269,#1270,
#1271,#1272,#1273,#1274,#1275,#1276,#1277,#1278,#1279,#1280,#1281,#1282,
#1283,#1284,#1285,#1286,#1287,#1288,#1289,#1290,#1291,#1292,#1293,#1294,
#1295,#1296,#1297,#1298,#1299,#1300,#1301,#1302,#1303,#1304,#1305,#1306,
#1307,#1308,#1309,#1310,#1311,#1312,#1313,#1314,#1315,#1316));
#526=EDGE_LOOP('',(#1317,#1318,#1319,#1320));
#527=EDGE_LOOP('',(#1321,#1322,#1323,#1324));
#528=EDGE_LOOP('',(#1325,#1326,#1327,#1328,#1329,#1330));
#529=EDGE_LOOP('',(#1331,#1332,#1333,#1334));
#530=EDGE_LOOP('',(#1335,#1336,#1337,#1338));
#531=EDGE_LOOP('',(#1339,#1340,#1341,#1342));
#532=EDGE_LOOP('',(#1343,#1344,#1345,#1346));
#533=EDGE_LOOP('',(#1347,#1348,#1349,#1350));
#534=EDGE_LOOP('',(#1351,#1352,#1353,#1354));
#535=EDGE_LOOP('',(#1355,#1356,#1357,#1358,#1359,#1360,#1361,#1362,#1363,
#1364,#1365,#1366,#1367,#1368,#1369,#1370,#1371,#1372,#1373,#1374,#1375,
#1376,#1377,#1378,#1379,#1380,#1381,#1382,#1383,#1384,#1385,#1386,#1387,
#1388,#1389,#1390,#1391,#1392,#1393,#1394,#1395,#1396,#1397,#1398,#1399,
#1400,#1401,#1402,#1403,#1404,#1405,#1406,#1407,#1408,#1409,#1410,#1411,
#1412,#1413,#1414,#1415,#1416,#1417));
#536=EDGE_LOOP('',(#1418,#1419,#1420,#1421));
#537=EDGE_LOOP('',(#1422,#1423,#1424,#1425));
#538=EDGE_LOOP('',(#1426,#1427,#1428,#1429));
#539=EDGE_LOOP('',(#1430,#1431,#1432,#1433));
#540=EDGE_LOOP('',(#1434,#1435,#1436,#1437));
#541=EDGE_LOOP('',(#1438,#1439,#1440,#1441));
#542=EDGE_LOOP('',(#1442,#1443,#1444,#1445));
#543=EDGE_LOOP('',(#1446,#1447,#1448,#1449));
#544=EDGE_LOOP('',(#1450,#1451,#1452,#1453));
#545=EDGE_LOOP('',(#1454,#1455,#1456,#1457));
#546=EDGE_LOOP('',(#1458,#1459,#1460,#1461));
#547=EDGE_LOOP('',(#1462,#1463,#1464,#1465));
#548=EDGE_LOOP('',(#1466,#1467,#1468,#1469));
#549=EDGE_LOOP('',(#1470,#1471,#1472,#1473));
#550=EDGE_LOOP('',(#1474,#1475,#1476,#1477));
#551=EDGE_LOOP('',(#1478,#1479,#1480,#1481));
#552=EDGE_LOOP('',(#1482,#1483,#1484,#1485));
#553=EDGE_LOOP('',(#1486,#1487,#1488,#1489));
#554=EDGE_LOOP('',(#1490,#1491,#1492,#1493));
#555=EDGE_LOOP('',(#1494,#1495,#1496,#1497));
#556=EDGE_LOOP('',(#1498,#1499,#1500,#1501));
#557=EDGE_LOOP('',(#1502,#1503,#1504,#1505));
#558=EDGE_LOOP('',(#1506,#1507,#1508,#1509));
#559=EDGE_LOOP('',(#1510,#1511,#1512,#1513));
#560=EDGE_LOOP('',(#1514,#1515,#1516,#1517));
#561=EDGE_LOOP('',(#1518,#1519,#1520,#1521));
#562=EDGE_LOOP('',(#1522,#1523,#1524,#1525));
#563=EDGE_LOOP('',(#1526,#1527,#1528,#1529));
#564=EDGE_LOOP('',(#1530,#1531,#1532,#1533));
#565=EDGE_LOOP('',(#1534,#1535,#1536,#1537));
#566=EDGE_LOOP('',(#1538,#1539,#1540,#1541));
#567=EDGE_LOOP('',(#1542,#1543,#1544,#1545,#1546,#1547));
#568=EDGE_LOOP('',(#1548,#1549,#1550,#1551,#1552,#1553));
#569=EDGE_LOOP('',(#1554,#1555,#1556,#1557));
#570=EDGE_LOOP('',(#1558,#1559,#1560,#1561));
#571=EDGE_LOOP('',(#1562,#1563,#1564,#1565));
#572=B_SPLINE_CURVE_WITH_KNOTS('',3,(#2384,#2385,#2386,#2387,#2388,#2389,
#2390,#2391,#2392,#2393),.UNSPECIFIED.,.F.,.F.,(4,2,2,2,4),(2.27489508017329,
2.4469373399393,2.61897959970531,2.88349594275435,3.14801228580339),
 .UNSPECIFIED.);
#573=B_SPLINE_CURVE_WITH_KNOTS('',3,(#2428,#2429,#2430,#2431,#2432,#2433,
#2434,#2435,#2436,#2437),.UNSPECIFIED.,.F.,.F.,(4,2,2,2,4),(0.,0.264516343049044,
0.529032686098087,0.701074945864095,0.873117205630102),.UNSPECIFIED.);
#574=CIRCLE('',#1675,1.215);
#575=CIRCLE('',#1676,1.215);
#576=CIRCLE('',#1677,2.43);
#577=CIRCLE('',#1679,1.215);
#578=CIRCLE('',#1681,1.215);
#579=CIRCLE('',#1682,10.8);
#580=CIRCLE('',#1683,12.015);
#581=CIRCLE('',#1685,1.215);
#582=CIRCLE('',#1687,1.215);
#583=CIRCLE('',#1688,10.8);
#584=CIRCLE('',#1689,12.015);
#585=CIRCLE('',#1691,1.215);
#586=CIRCLE('',#1693,1.215);
#587=CIRCLE('',#1694,2.43);
#588=CIRCLE('',#1696,16.2);
#589=CIRCLE('',#1697,16.2);
#590=CIRCLE('',#1703,1.215);
#591=CIRCLE('',#1705,1.215);
#592=CIRCLE('',#1706,9.585);
#593=CIRCLE('',#1707,10.8);
#594=CIRCLE('',#1709,1.215);
#595=CIRCLE('',#1711,1.215);
#596=CIRCLE('',#1712,9.58499999999999);
#597=CIRCLE('',#1713,10.8);
#598=CIRCLE('',#1730,16.2);
#599=CIRCLE('',#1733,16.2);
#600=CIRCLE('',#1735,3.27777151742119);
#601=CIRCLE('',#1736,3.27777151742119);
#602=CIRCLE('',#1738,3.27777151742119);
#603=CIRCLE('',#1739,3.27777151742119);
#604=CIRCLE('',#1741,3.27777151742119);
#605=CIRCLE('',#1742,3.27777151742119);
#606=CIRCLE('',#1744,3.27777151742119);
#607=CIRCLE('',#1745,3.27777151742119);
#608=CIRCLE('',#1747,3.27777151742119);
#609=CIRCLE('',#1748,3.27777151742119);
#610=CIRCLE('',#1750,3.27777151742119);
#611=CIRCLE('',#1751,3.27777151742119);
#612=CIRCLE('',#1753,3.27777151742119);
#613=CIRCLE('',#1754,3.27777151742119);
#614=CIRCLE('',#1757,3.27777151742119);
#615=CIRCLE('',#1758,3.27777151742119);
#616=CIRCLE('',#1760,3.15125332183477);
#617=CIRCLE('',#1761,0.877499999999962);
#618=CIRCLE('',#1762,3.15125332183477);
#619=CIRCLE('',#1763,2.98567866975173);
#620=CIRCLE('',#1764,3.15125332183477);
#621=CIRCLE('',#1765,2.98567866975173);
#622=CIRCLE('',#1766,3.27777151742119);
#623=CIRCLE('',#1767,3.15125332183477);
#624=CIRCLE('',#1768,2.98567866975173);
#625=CIRCLE('',#1769,3.27777151742119);
#626=CIRCLE('',#1770,3.15125332183477);
#627=CIRCLE('',#1771,2.98567866975173);
#628=CIRCLE('',#1772,3.27777151742119);
#629=CIRCLE('',#1773,3.15125332183477);
#630=CIRCLE('',#1774,2.98567866975173);
#631=CIRCLE('',#1775,3.27777151742119);
#632=CIRCLE('',#1776,3.15125332183477);
#633=CIRCLE('',#1777,2.98567866975173);
#634=CIRCLE('',#1778,3.27777151742119);
#635=CIRCLE('',#1779,3.27777151742119);
#636=CIRCLE('',#1780,3.15125332183477);
#637=CIRCLE('',#1781,2.98567866975173);
#638=CIRCLE('',#1782,3.27777151742119);
#639=CIRCLE('',#1783,3.27777151742119);
#640=CIRCLE('',#1784,0.877499999999995);
#641=CIRCLE('',#1785,2.98567866975173);
#642=CIRCLE('',#1787,3.27777151742119);
#643=CIRCLE('',#1789,3.27777151742119);
#644=CIRCLE('',#1793,2.98567866975173);
#645=CIRCLE('',#1795,0.877499999999962);
#646=CIRCLE('',#1798,3.15125332183477);
#647=CIRCLE('',#1800,3.15125332183477);
#648=CIRCLE('',#1802,3.27777151742119);
#649=CIRCLE('',#1803,2.98567866975173);
#650=CIRCLE('',#1804,3.15125332183477);
#651=CIRCLE('',#1805,2.98567866975173);
#652=CIRCLE('',#1806,0.877499999999995);
#653=CIRCLE('',#1807,3.27777151742119);
#654=CIRCLE('',#1808,2.98567866975173);
#655=CIRCLE('',#1809,3.15125332183477);
#656=CIRCLE('',#1810,3.27777151742119);
#657=CIRCLE('',#1811,2.98567866975173);
#658=CIRCLE('',#1812,3.15125332183477);
#659=CIRCLE('',#1813,3.27777151742119);
#660=CIRCLE('',#1814,2.98567866975173);
#661=CIRCLE('',#1815,3.15125332183477);
#662=CIRCLE('',#1816,3.27777151742119);
#663=CIRCLE('',#1817,2.98567866975173);
#664=CIRCLE('',#1818,3.15125332183477);
#665=CIRCLE('',#1819,3.27777151742119);
#666=CIRCLE('',#1820,2.98567866975173);
#667=CIRCLE('',#1821,3.15125332183477);
#668=VERTEX_POINT('',#2378);
#669=VERTEX_POINT('',#2379);
#670=VERTEX_POINT('',#2381);
#671=VERTEX_POINT('',#2383);
#672=VERTEX_POINT('',#2396);
#673=VERTEX_POINT('',#2397);
#674=VERTEX_POINT('',#2402);
#675=VERTEX_POINT('',#2403);
#676=VERTEX_POINT('',#2408);
#677=VERTEX_POINT('',#2409);
#678=VERTEX_POINT('',#2414);
#679=VERTEX_POINT('',#2415);
#680=VERTEX_POINT('',#2420);
#681=VERTEX_POINT('',#2421);
#682=VERTEX_POINT('',#2426);
#683=VERTEX_POINT('',#2427);
#684=VERTEX_POINT('',#2441);
#685=VERTEX_POINT('',#2443);
#686=VERTEX_POINT('',#2445);
#687=VERTEX_POINT('',#2447);
#688=VERTEX_POINT('',#2449);
#689=VERTEX_POINT('',#2451);
#690=VERTEX_POINT('',#2453);
#691=VERTEX_POINT('',#2455);
#692=VERTEX_POINT('',#2459);
#693=VERTEX_POINT('',#2461);
#694=VERTEX_POINT('',#2465);
#695=VERTEX_POINT('',#2467);
#696=VERTEX_POINT('',#2471);
#697=VERTEX_POINT('',#2473);
#698=VERTEX_POINT('',#2477);
#699=VERTEX_POINT('',#2478);
#700=VERTEX_POINT('',#2483);
#701=VERTEX_POINT('',#2484);
#702=VERTEX_POINT('',#2489);
#703=VERTEX_POINT('',#2490);
#704=VERTEX_POINT('',#2507);
#705=VERTEX_POINT('',#2508);
#706=VERTEX_POINT('',#2510);
#707=VERTEX_POINT('',#2512);
#708=VERTEX_POINT('',#2516);
#709=VERTEX_POINT('',#2517);
#710=VERTEX_POINT('',#2519);
#711=VERTEX_POINT('',#2521);
#712=VERTEX_POINT('',#2525);
#713=VERTEX_POINT('',#2526);
#714=VERTEX_POINT('',#2528);
#715=VERTEX_POINT('',#2530);
#716=VERTEX_POINT('',#2534);
#717=VERTEX_POINT('',#2535);
#718=VERTEX_POINT('',#2537);
#719=VERTEX_POINT('',#2539);
#720=VERTEX_POINT('',#2543);
#721=VERTEX_POINT('',#2544);
#722=VERTEX_POINT('',#2546);
#723=VERTEX_POINT('',#2548);
#724=VERTEX_POINT('',#2552);
#725=VERTEX_POINT('',#2553);
#726=VERTEX_POINT('',#2555);
#727=VERTEX_POINT('',#2557);
#728=VERTEX_POINT('',#2561);
#729=VERTEX_POINT('',#2562);
#730=VERTEX_POINT('',#2564);
#731=VERTEX_POINT('',#2566);
#732=VERTEX_POINT('',#2570);
#733=VERTEX_POINT('',#2571);
#734=VERTEX_POINT('',#2573);
#735=VERTEX_POINT('',#2575);
#736=VERTEX_POINT('',#2579);
#737=VERTEX_POINT('',#2580);
#738=VERTEX_POINT('',#2585);
#739=VERTEX_POINT('',#2589);
#740=VERTEX_POINT('',#2590);
#741=VERTEX_POINT('',#2597);
#742=VERTEX_POINT('',#2599);
#743=VERTEX_POINT('',#2603);
#744=VERTEX_POINT('',#2605);
#745=VERTEX_POINT('',#2609);
#746=VERTEX_POINT('',#2611);
#747=VERTEX_POINT('',#2615);
#748=VERTEX_POINT('',#2617);
#749=VERTEX_POINT('',#2621);
#750=VERTEX_POINT('',#2623);
#751=VERTEX_POINT('',#2627);
#752=VERTEX_POINT('',#2629);
#753=VERTEX_POINT('',#2633);
#754=VERTEX_POINT('',#2635);
#755=VERTEX_POINT('',#2639);
#756=VERTEX_POINT('',#2641);
#757=VERTEX_POINT('',#2645);
#758=VERTEX_POINT('',#2647);
#759=VERTEX_POINT('',#2651);
#760=VERTEX_POINT('',#2653);
#761=VERTEX_POINT('',#2656);
#762=VERTEX_POINT('',#2658);
#763=VERTEX_POINT('',#2660);
#764=VERTEX_POINT('',#2663);
#765=VERTEX_POINT('',#2665);
#766=VERTEX_POINT('',#2667);
#767=VERTEX_POINT('',#2669);
#768=VERTEX_POINT('',#2672);
#769=VERTEX_POINT('',#2674);
#770=VERTEX_POINT('',#2676);
#771=VERTEX_POINT('',#2678);
#772=VERTEX_POINT('',#2681);
#773=VERTEX_POINT('',#2683);
#774=VERTEX_POINT('',#2685);
#775=VERTEX_POINT('',#2687);
#776=VERTEX_POINT('',#2690);
#777=VERTEX_POINT('',#2692);
#778=VERTEX_POINT('',#2694);
#779=VERTEX_POINT('',#2696);
#780=VERTEX_POINT('',#2699);
#781=VERTEX_POINT('',#2701);
#782=VERTEX_POINT('',#2703);
#783=VERTEX_POINT('',#2705);
#784=VERTEX_POINT('',#2708);
#785=VERTEX_POINT('',#2710);
#786=VERTEX_POINT('',#2712);
#787=VERTEX_POINT('',#2714);
#788=VERTEX_POINT('',#2716);
#789=VERTEX_POINT('',#2719);
#790=VERTEX_POINT('',#2721);
#791=VERTEX_POINT('',#2723);
#792=VERTEX_POINT('',#2725);
#793=VERTEX_POINT('',#2730);
#794=VERTEX_POINT('',#2734);
#795=VERTEX_POINT('',#2739);
#796=VERTEX_POINT('',#2743);
#797=VERTEX_POINT('',#2747);
#798=VERTEX_POINT('',#2751);
#799=VERTEX_POINT('',#2757);
#800=VERTEX_POINT('',#2761);
#801=VERTEX_POINT('',#2763);
#802=VERTEX_POINT('',#2765);
#803=VERTEX_POINT('',#2767);
#804=VERTEX_POINT('',#2771);
#805=VERTEX_POINT('',#2773);
#806=VERTEX_POINT('',#2775);
#807=VERTEX_POINT('',#2777);
#808=VERTEX_POINT('',#2780);
#809=VERTEX_POINT('',#2782);
#810=VERTEX_POINT('',#2784);
#811=VERTEX_POINT('',#2786);
#812=VERTEX_POINT('',#2789);
#813=VERTEX_POINT('',#2791);
#814=VERTEX_POINT('',#2793);
#815=VERTEX_POINT('',#2795);
#816=VERTEX_POINT('',#2798);
#817=VERTEX_POINT('',#2800);
#818=VERTEX_POINT('',#2802);
#819=VERTEX_POINT('',#2804);
#820=VERTEX_POINT('',#2807);
#821=VERTEX_POINT('',#2809);
#822=VERTEX_POINT('',#2811);
#823=VERTEX_POINT('',#2813);
#824=VERTEX_POINT('',#2816);
#825=VERTEX_POINT('',#2818);
#826=VERTEX_POINT('',#2820);
#827=VERTEX_POINT('',#2822);
#828=EDGE_CURVE('',#668,#669,#574,.T.);
#829=EDGE_CURVE('',#669,#670,#575,.T.);
#830=EDGE_CURVE('',#670,#671,#572,.F.);
#831=EDGE_CURVE('',#671,#668,#576,.T.);
#832=EDGE_CURVE('',#672,#673,#577,.T.);
#833=EDGE_CURVE('',#673,#669,#54,.T.);
#834=EDGE_CURVE('',#668,#672,#55,.T.);
#835=EDGE_CURVE('',#674,#675,#578,.T.);
#836=EDGE_CURVE('',#675,#673,#579,.T.);
#837=EDGE_CURVE('',#672,#674,#580,.T.);
#838=EDGE_CURVE('',#676,#677,#581,.T.);
#839=EDGE_CURVE('',#677,#675,#56,.T.);
#840=EDGE_CURVE('',#674,#676,#57,.T.);
#841=EDGE_CURVE('',#678,#679,#582,.T.);
#842=EDGE_CURVE('',#679,#677,#583,.T.);
#843=EDGE_CURVE('',#676,#678,#584,.T.);
#844=EDGE_CURVE('',#680,#681,#585,.T.);
#845=EDGE_CURVE('',#681,#679,#58,.T.);
#846=EDGE_CURVE('',#678,#680,#59,.T.);
#847=EDGE_CURVE('',#682,#683,#573,.F.);
#848=EDGE_CURVE('',#683,#681,#586,.T.);
#849=EDGE_CURVE('',#680,#682,#587,.T.);
#850=EDGE_CURVE('',#684,#671,#60,.T.);
#851=EDGE_CURVE('',#684,#685,#61,.T.);
#852=EDGE_CURVE('',#685,#686,#588,.T.);
#853=EDGE_CURVE('',#686,#687,#62,.T.);
#854=EDGE_CURVE('',#687,#688,#589,.T.);
#855=EDGE_CURVE('',#688,#689,#63,.T.);
#856=EDGE_CURVE('',#689,#690,#64,.T.);
#857=EDGE_CURVE('',#691,#690,#65,.T.);
#858=EDGE_CURVE('',#682,#691,#66,.T.);
#859=EDGE_CURVE('',#683,#692,#67,.T.);
#860=EDGE_CURVE('',#692,#693,#16,.T.);
#861=EDGE_CURVE('',#693,#681,#68,.T.);
#862=EDGE_CURVE('',#669,#694,#69,.T.);
#863=EDGE_CURVE('',#694,#695,#17,.T.);
#864=EDGE_CURVE('',#695,#670,#70,.T.);
#865=EDGE_CURVE('',#694,#696,#71,.T.);
#866=EDGE_CURVE('',#696,#697,#590,.T.);
#867=EDGE_CURVE('',#697,#695,#72,.T.);
#868=EDGE_CURVE('',#698,#699,#591,.T.);
#869=EDGE_CURVE('',#699,#697,#592,.T.);
#870=EDGE_CURVE('',#696,#698,#593,.T.);
#871=EDGE_CURVE('',#700,#701,#594,.T.);
#872=EDGE_CURVE('',#701,#699,#73,.T.);
#873=EDGE_CURVE('',#698,#700,#74,.T.);
#874=EDGE_CURVE('',#702,#703,#595,.T.);
#875=EDGE_CURVE('',#703,#701,#596,.T.);
#876=EDGE_CURVE('',#700,#702,#597,.T.);
#877=EDGE_CURVE('',#692,#703,#75,.T.);
#878=EDGE_CURVE('',#702,#693,#76,.T.);
#879=EDGE_CURVE('',#702,#679,#77,.T.);
#880=EDGE_CURVE('',#700,#677,#78,.T.);
#881=EDGE_CURVE('',#698,#675,#79,.T.);
#882=EDGE_CURVE('',#696,#673,#80,.T.);
#883=EDGE_CURVE('',#704,#705,#81,.T.);
#884=EDGE_CURVE('',#704,#706,#82,.T.);
#885=EDGE_CURVE('',#707,#706,#83,.T.);
#886=EDGE_CURVE('',#707,#705,#84,.T.);
#887=EDGE_CURVE('',#708,#709,#85,.T.);
#888=EDGE_CURVE('',#708,#710,#86,.T.);
#889=EDGE_CURVE('',#711,#710,#87,.T.);
#890=EDGE_CURVE('',#711,#709,#88,.T.);
#891=EDGE_CURVE('',#712,#713,#89,.T.);
#892=EDGE_CURVE('',#712,#714,#90,.T.);
#893=EDGE_CURVE('',#715,#714,#91,.T.);
#894=EDGE_CURVE('',#715,#713,#92,.T.);
#895=EDGE_CURVE('',#716,#717,#93,.T.);
#896=EDGE_CURVE('',#716,#718,#94,.T.);
#897=EDGE_CURVE('',#719,#718,#95,.T.);
#898=EDGE_CURVE('',#719,#717,#96,.T.);
#899=EDGE_CURVE('',#720,#721,#97,.T.);
#900=EDGE_CURVE('',#720,#722,#98,.T.);
#901=EDGE_CURVE('',#723,#722,#99,.T.);
#902=EDGE_CURVE('',#723,#721,#100,.T.);
#903=EDGE_CURVE('',#724,#725,#101,.T.);
#904=EDGE_CURVE('',#724,#726,#102,.T.);
#905=EDGE_CURVE('',#727,#726,#103,.T.);
#906=EDGE_CURVE('',#727,#725,#104,.T.);
#907=EDGE_CURVE('',#728,#729,#105,.T.);
#908=EDGE_CURVE('',#728,#730,#106,.T.);
#909=EDGE_CURVE('',#731,#730,#107,.T.);
#910=EDGE_CURVE('',#731,#729,#108,.T.);
#911=EDGE_CURVE('',#732,#733,#109,.T.);
#912=EDGE_CURVE('',#732,#734,#110,.T.);
#913=EDGE_CURVE('',#735,#734,#111,.T.);
#914=EDGE_CURVE('',#735,#733,#112,.T.);
#915=EDGE_CURVE('',#736,#737,#113,.T.);
#916=EDGE_CURVE('',#736,#687,#114,.T.);
#917=EDGE_CURVE('',#737,#686,#115,.T.);
#918=EDGE_CURVE('',#738,#737,#598,.T.);
#919=EDGE_CURVE('',#738,#685,#116,.T.);
#920=EDGE_CURVE('',#739,#740,#117,.T.);
#921=EDGE_CURVE('',#739,#689,#118,.T.);
#922=EDGE_CURVE('',#740,#688,#119,.T.);
#923=EDGE_CURVE('',#736,#740,#599,.T.);
#924=EDGE_CURVE('',#741,#734,#600,.T.);
#925=EDGE_CURVE('',#742,#741,#120,.T.);
#926=EDGE_CURVE('',#735,#742,#601,.T.);
#927=EDGE_CURVE('',#743,#730,#602,.T.);
#928=EDGE_CURVE('',#743,#744,#121,.T.);
#929=EDGE_CURVE('',#731,#744,#603,.T.);
#930=EDGE_CURVE('',#745,#729,#604,.T.);
#931=EDGE_CURVE('',#746,#745,#122,.T.);
#932=EDGE_CURVE('',#728,#746,#605,.T.);
#933=EDGE_CURVE('',#747,#726,#606,.T.);
#934=EDGE_CURVE('',#748,#747,#123,.T.);
#935=EDGE_CURVE('',#727,#748,#607,.T.);
#936=EDGE_CURVE('',#749,#722,#608,.T.);
#937=EDGE_CURVE('',#750,#749,#124,.T.);
#938=EDGE_CURVE('',#723,#750,#609,.T.);
#939=EDGE_CURVE('',#751,#721,#610,.T.);
#940=EDGE_CURVE('',#752,#751,#125,.T.);
#941=EDGE_CURVE('',#720,#752,#611,.T.);
#942=EDGE_CURVE('',#753,#718,#612,.T.);
#943=EDGE_CURVE('',#754,#753,#126,.T.);
#944=EDGE_CURVE('',#719,#754,#613,.T.);
#945=EDGE_CURVE('',#755,#690,#127,.T.);
#946=EDGE_CURVE('',#755,#756,#128,.T.);
#947=EDGE_CURVE('',#691,#756,#129,.T.);
#948=EDGE_CURVE('',#757,#714,#614,.T.);
#949=EDGE_CURVE('',#758,#757,#130,.T.);
#950=EDGE_CURVE('',#715,#758,#615,.T.);
#951=EDGE_CURVE('',#756,#759,#616,.T.);
#952=EDGE_CURVE('',#759,#760,#131,.T.);
#953=EDGE_CURVE('',#760,#749,#617,.T.);
#954=EDGE_CURVE('',#752,#761,#132,.T.);
#955=EDGE_CURVE('',#761,#762,#618,.T.);
#956=EDGE_CURVE('',#762,#763,#619,.T.);
#957=EDGE_CURVE('',#763,#743,#133,.T.);
#958=EDGE_CURVE('',#746,#764,#134,.T.);
#959=EDGE_CURVE('',#764,#765,#620,.T.);
#960=EDGE_CURVE('',#765,#766,#621,.T.);
#961=EDGE_CURVE('',#766,#767,#135,.T.);
#962=EDGE_CURVE('',#767,#733,#622,.T.);
#963=EDGE_CURVE('',#742,#768,#136,.T.);
#964=EDGE_CURVE('',#768,#769,#623,.T.);
#965=EDGE_CURVE('',#769,#770,#624,.T.);
#966=EDGE_CURVE('',#770,#771,#137,.T.);
#967=EDGE_CURVE('',#771,#725,#625,.T.);
#968=EDGE_CURVE('',#748,#772,#138,.T.);
#969=EDGE_CURVE('',#772,#773,#626,.T.);
#970=EDGE_CURVE('',#773,#774,#627,.T.);
#971=EDGE_CURVE('',#774,#775,#139,.T.);
#972=EDGE_CURVE('',#775,#717,#628,.T.);
#973=EDGE_CURVE('',#754,#776,#140,.T.);
#974=EDGE_CURVE('',#776,#777,#629,.T.);
#975=EDGE_CURVE('',#777,#778,#630,.T.);
#976=EDGE_CURVE('',#778,#779,#141,.T.);
#977=EDGE_CURVE('',#779,#713,#631,.T.);
#978=EDGE_CURVE('',#758,#780,#142,.T.);
#979=EDGE_CURVE('',#780,#781,#632,.T.);
#980=EDGE_CURVE('',#781,#782,#633,.T.);
#981=EDGE_CURVE('',#782,#783,#143,.T.);
#982=EDGE_CURVE('',#783,#709,#634,.T.);
#983=EDGE_CURVE('',#711,#784,#635,.T.);
#984=EDGE_CURVE('',#784,#785,#144,.T.);
#985=EDGE_CURVE('',#785,#786,#636,.T.);
#986=EDGE_CURVE('',#786,#787,#637,.T.);
#987=EDGE_CURVE('',#787,#788,#145,.T.);
#988=EDGE_CURVE('',#788,#705,#638,.T.);
#989=EDGE_CURVE('',#707,#789,#639,.T.);
#990=EDGE_CURVE('',#789,#790,#640,.T.);
#991=EDGE_CURVE('',#790,#791,#146,.T.);
#992=EDGE_CURVE('',#791,#792,#641,.T.);
#993=EDGE_CURVE('',#792,#684,#147,.T.);
#994=EDGE_CURVE('',#695,#692,#148,.T.);
#995=EDGE_CURVE('',#793,#710,#642,.T.);
#996=EDGE_CURVE('',#784,#793,#149,.T.);
#997=EDGE_CURVE('',#794,#706,#643,.T.);
#998=EDGE_CURVE('',#794,#789,#150,.T.);
#999=EDGE_CURVE('',#795,#763,#151,.T.);
#1000=EDGE_CURVE('',#744,#795,#152,.T.);
#1001=EDGE_CURVE('',#796,#762,#153,.T.);
#1002=EDGE_CURVE('',#796,#795,#644,.T.);
#1003=EDGE_CURVE('',#750,#797,#645,.T.);
#1004=EDGE_CURVE('',#797,#760,#154,.T.);
#1005=EDGE_CURVE('',#798,#797,#155,.T.);
#1006=EDGE_CURVE('',#798,#759,#156,.T.);
#1007=EDGE_CURVE('',#755,#798,#646,.T.);
#1008=EDGE_CURVE('',#799,#761,#157,.T.);
#1009=EDGE_CURVE('',#799,#796,#647,.T.);
#1010=EDGE_CURVE('',#732,#800,#648,.T.);
#1011=EDGE_CURVE('',#800,#801,#158,.T.);
#1012=EDGE_CURVE('',#802,#801,#649,.T.);
#1013=EDGE_CURVE('',#803,#802,#650,.T.);
#1014=EDGE_CURVE('',#803,#745,#159,.T.);
#1015=EDGE_CURVE('',#799,#751,#160,.T.);
#1016=EDGE_CURVE('',#739,#804,#161,.T.);
#1017=EDGE_CURVE('',#804,#805,#162,.T.);
#1018=EDGE_CURVE('',#806,#805,#651,.T.);
#1019=EDGE_CURVE('',#806,#807,#163,.T.);
#1020=EDGE_CURVE('',#807,#794,#652,.T.);
#1021=EDGE_CURVE('',#704,#808,#653,.T.);
#1022=EDGE_CURVE('',#808,#809,#164,.T.);
#1023=EDGE_CURVE('',#810,#809,#654,.T.);
#1024=EDGE_CURVE('',#811,#810,#655,.T.);
#1025=EDGE_CURVE('',#811,#793,#165,.T.);
#1026=EDGE_CURVE('',#708,#812,#656,.T.);
#1027=EDGE_CURVE('',#812,#813,#166,.T.);
#1028=EDGE_CURVE('',#814,#813,#657,.T.);
#1029=EDGE_CURVE('',#815,#814,#658,.T.);
#1030=EDGE_CURVE('',#815,#757,#167,.T.);
#1031=EDGE_CURVE('',#712,#816,#659,.T.);
#1032=EDGE_CURVE('',#816,#817,#168,.T.);
#1033=EDGE_CURVE('',#818,#817,#660,.T.);
#1034=EDGE_CURVE('',#819,#818,#661,.T.);
#1035=EDGE_CURVE('',#819,#753,#169,.T.);
#1036=EDGE_CURVE('',#716,#820,#662,.T.);
#1037=EDGE_CURVE('',#820,#821,#170,.T.);
#1038=EDGE_CURVE('',#822,#821,#663,.T.);
#1039=EDGE_CURVE('',#823,#822,#664,.T.);
#1040=EDGE_CURVE('',#823,#747,#171,.T.);
#1041=EDGE_CURVE('',#724,#824,#665,.T.);
#1042=EDGE_CURVE('',#824,#825,#172,.T.);
#1043=EDGE_CURVE('',#826,#825,#666,.T.);
#1044=EDGE_CURVE('',#827,#826,#667,.T.);
#1045=EDGE_CURVE('',#827,#741,#173,.T.);
#1046=EDGE_CURVE('',#767,#800,#174,.T.);
#1047=EDGE_CURVE('',#801,#766,#175,.T.);
#1048=EDGE_CURVE('',#802,#765,#176,.T.);
#1049=EDGE_CURVE('',#803,#764,#177,.T.);
#1050=EDGE_CURVE('',#771,#824,#178,.T.);
#1051=EDGE_CURVE('',#825,#770,#179,.T.);
#1052=EDGE_CURVE('',#826,#769,#180,.T.);
#1053=EDGE_CURVE('',#827,#768,#181,.T.);
#1054=EDGE_CURVE('',#775,#820,#182,.T.);
#1055=EDGE_CURVE('',#821,#774,#183,.T.);
#1056=EDGE_CURVE('',#822,#773,#184,.T.);
#1057=EDGE_CURVE('',#823,#772,#185,.T.);
#1058=EDGE_CURVE('',#779,#816,#186,.T.);
#1059=EDGE_CURVE('',#817,#778,#187,.T.);
#1060=EDGE_CURVE('',#818,#777,#188,.T.);
#1061=EDGE_CURVE('',#819,#776,#189,.T.);
#1062=EDGE_CURVE('',#783,#812,#190,.T.);
#1063=EDGE_CURVE('',#813,#782,#191,.T.);
#1064=EDGE_CURVE('',#814,#781,#192,.T.);
#1065=EDGE_CURVE('',#815,#780,#193,.T.);
#1066=EDGE_CURVE('',#788,#808,#194,.T.);
#1067=EDGE_CURVE('',#809,#787,#195,.T.);
#1068=EDGE_CURVE('',#810,#786,#196,.T.);
#1069=EDGE_CURVE('',#811,#785,#197,.T.);
#1070=EDGE_CURVE('',#804,#738,#198,.T.);
#1071=EDGE_CURVE('',#805,#792,#199,.T.);
#1072=EDGE_CURVE('',#806,#791,#200,.T.);
#1073=EDGE_CURVE('',#807,#790,#201,.T.);
#1074=ORIENTED_EDGE('',*,*,#828,.T.);
#1075=ORIENTED_EDGE('',*,*,#829,.T.);
#1076=ORIENTED_EDGE('',*,*,#830,.T.);
#1077=ORIENTED_EDGE('',*,*,#831,.T.);
#1078=ORIENTED_EDGE('',*,*,#832,.T.);
#1079=ORIENTED_EDGE('',*,*,#833,.T.);
#1080=ORIENTED_EDGE('',*,*,#828,.F.);
#1081=ORIENTED_EDGE('',*,*,#834,.T.);
#1082=ORIENTED_EDGE('',*,*,#835,.T.);
#1083=ORIENTED_EDGE('',*,*,#836,.T.);
#1084=ORIENTED_EDGE('',*,*,#832,.F.);
#1085=ORIENTED_EDGE('',*,*,#837,.T.);
#1086=ORIENTED_EDGE('',*,*,#838,.T.);
#1087=ORIENTED_EDGE('',*,*,#839,.T.);
#1088=ORIENTED_EDGE('',*,*,#835,.F.);
#1089=ORIENTED_EDGE('',*,*,#840,.T.);
#1090=ORIENTED_EDGE('',*,*,#841,.T.);
#1091=ORIENTED_EDGE('',*,*,#842,.T.);
#1092=ORIENTED_EDGE('',*,*,#838,.F.);
#1093=ORIENTED_EDGE('',*,*,#843,.T.);
#1094=ORIENTED_EDGE('',*,*,#844,.T.);
#1095=ORIENTED_EDGE('',*,*,#845,.T.);
#1096=ORIENTED_EDGE('',*,*,#841,.F.);
#1097=ORIENTED_EDGE('',*,*,#846,.T.);
#1098=ORIENTED_EDGE('',*,*,#847,.T.);
#1099=ORIENTED_EDGE('',*,*,#848,.T.);
#1100=ORIENTED_EDGE('',*,*,#844,.F.);
#1101=ORIENTED_EDGE('',*,*,#849,.T.);
#1102=ORIENTED_EDGE('',*,*,#849,.F.);
#1103=ORIENTED_EDGE('',*,*,#846,.F.);
#1104=ORIENTED_EDGE('',*,*,#843,.F.);
#1105=ORIENTED_EDGE('',*,*,#840,.F.);
#1106=ORIENTED_EDGE('',*,*,#837,.F.);
#1107=ORIENTED_EDGE('',*,*,#834,.F.);
#1108=ORIENTED_EDGE('',*,*,#831,.F.);
#1109=ORIENTED_EDGE('',*,*,#850,.F.);
#1110=ORIENTED_EDGE('',*,*,#851,.T.);
#1111=ORIENTED_EDGE('',*,*,#852,.T.);
#1112=ORIENTED_EDGE('',*,*,#853,.T.);
#1113=ORIENTED_EDGE('',*,*,#854,.T.);
#1114=ORIENTED_EDGE('',*,*,#855,.T.);
#1115=ORIENTED_EDGE('',*,*,#856,.T.);
#1116=ORIENTED_EDGE('',*,*,#857,.F.);
#1117=ORIENTED_EDGE('',*,*,#858,.F.);
#1118=ORIENTED_EDGE('',*,*,#848,.F.);
#1119=ORIENTED_EDGE('',*,*,#859,.T.);
#1120=ORIENTED_EDGE('',*,*,#860,.T.);
#1121=ORIENTED_EDGE('',*,*,#861,.T.);
#1122=ORIENTED_EDGE('',*,*,#829,.F.);
#1123=ORIENTED_EDGE('',*,*,#862,.T.);
#1124=ORIENTED_EDGE('',*,*,#863,.T.);
#1125=ORIENTED_EDGE('',*,*,#864,.T.);
#1126=ORIENTED_EDGE('',*,*,#865,.T.);
#1127=ORIENTED_EDGE('',*,*,#866,.T.);
#1128=ORIENTED_EDGE('',*,*,#867,.T.);
#1129=ORIENTED_EDGE('',*,*,#863,.F.);
#1130=ORIENTED_EDGE('',*,*,#868,.T.);
#1131=ORIENTED_EDGE('',*,*,#869,.T.);
#1132=ORIENTED_EDGE('',*,*,#866,.F.);
#1133=ORIENTED_EDGE('',*,*,#870,.T.);
#1134=ORIENTED_EDGE('',*,*,#871,.T.);
#1135=ORIENTED_EDGE('',*,*,#872,.T.);
#1136=ORIENTED_EDGE('',*,*,#868,.F.);
#1137=ORIENTED_EDGE('',*,*,#873,.T.);
#1138=ORIENTED_EDGE('',*,*,#874,.T.);
#1139=ORIENTED_EDGE('',*,*,#875,.T.);
#1140=ORIENTED_EDGE('',*,*,#871,.F.);
#1141=ORIENTED_EDGE('',*,*,#876,.T.);
#1142=ORIENTED_EDGE('',*,*,#877,.T.);
#1143=ORIENTED_EDGE('',*,*,#874,.F.);
#1144=ORIENTED_EDGE('',*,*,#878,.T.);
#1145=ORIENTED_EDGE('',*,*,#860,.F.);
#1146=ORIENTED_EDGE('',*,*,#845,.F.);
#1147=ORIENTED_EDGE('',*,*,#861,.F.);
#1148=ORIENTED_EDGE('',*,*,#878,.F.);
#1149=ORIENTED_EDGE('',*,*,#879,.T.);
#1150=ORIENTED_EDGE('',*,*,#842,.F.);
#1151=ORIENTED_EDGE('',*,*,#879,.F.);
#1152=ORIENTED_EDGE('',*,*,#876,.F.);
#1153=ORIENTED_EDGE('',*,*,#880,.T.);
#1154=ORIENTED_EDGE('',*,*,#839,.F.);
#1155=ORIENTED_EDGE('',*,*,#880,.F.);
#1156=ORIENTED_EDGE('',*,*,#873,.F.);
#1157=ORIENTED_EDGE('',*,*,#881,.T.);
#1158=ORIENTED_EDGE('',*,*,#836,.F.);
#1159=ORIENTED_EDGE('',*,*,#881,.F.);
#1160=ORIENTED_EDGE('',*,*,#870,.F.);
#1161=ORIENTED_EDGE('',*,*,#882,.T.);
#1162=ORIENTED_EDGE('',*,*,#833,.F.);
#1163=ORIENTED_EDGE('',*,*,#882,.F.);
#1164=ORIENTED_EDGE('',*,*,#865,.F.);
#1165=ORIENTED_EDGE('',*,*,#862,.F.);
#1166=ORIENTED_EDGE('',*,*,#883,.F.);
#1167=ORIENTED_EDGE('',*,*,#884,.T.);
#1168=ORIENTED_EDGE('',*,*,#885,.F.);
#1169=ORIENTED_EDGE('',*,*,#886,.T.);
#1170=ORIENTED_EDGE('',*,*,#887,.F.);
#1171=ORIENTED_EDGE('',*,*,#888,.T.);
#1172=ORIENTED_EDGE('',*,*,#889,.F.);
#1173=ORIENTED_EDGE('',*,*,#890,.T.);
#1174=ORIENTED_EDGE('',*,*,#891,.F.);
#1175=ORIENTED_EDGE('',*,*,#892,.T.);
#1176=ORIENTED_EDGE('',*,*,#893,.F.);
#1177=ORIENTED_EDGE('',*,*,#894,.T.);
#1178=ORIENTED_EDGE('',*,*,#895,.F.);
#1179=ORIENTED_EDGE('',*,*,#896,.T.);
#1180=ORIENTED_EDGE('',*,*,#897,.F.);
#1181=ORIENTED_EDGE('',*,*,#898,.T.);
#1182=ORIENTED_EDGE('',*,*,#899,.F.);
#1183=ORIENTED_EDGE('',*,*,#900,.T.);
#1184=ORIENTED_EDGE('',*,*,#901,.F.);
#1185=ORIENTED_EDGE('',*,*,#902,.T.);
#1186=ORIENTED_EDGE('',*,*,#903,.F.);
#1187=ORIENTED_EDGE('',*,*,#904,.T.);
#1188=ORIENTED_EDGE('',*,*,#905,.F.);
#1189=ORIENTED_EDGE('',*,*,#906,.T.);
#1190=ORIENTED_EDGE('',*,*,#907,.F.);
#1191=ORIENTED_EDGE('',*,*,#908,.T.);
#1192=ORIENTED_EDGE('',*,*,#909,.F.);
#1193=ORIENTED_EDGE('',*,*,#910,.T.);
#1194=ORIENTED_EDGE('',*,*,#911,.F.);
#1195=ORIENTED_EDGE('',*,*,#912,.T.);
#1196=ORIENTED_EDGE('',*,*,#913,.F.);
#1197=ORIENTED_EDGE('',*,*,#914,.T.);
#1198=ORIENTED_EDGE('',*,*,#915,.F.);
#1199=ORIENTED_EDGE('',*,*,#916,.T.);
#1200=ORIENTED_EDGE('',*,*,#853,.F.);
#1201=ORIENTED_EDGE('',*,*,#917,.F.);
#1202=ORIENTED_EDGE('',*,*,#918,.T.);
#1203=ORIENTED_EDGE('',*,*,#917,.T.);
#1204=ORIENTED_EDGE('',*,*,#852,.F.);
#1205=ORIENTED_EDGE('',*,*,#919,.F.);
#1206=ORIENTED_EDGE('',*,*,#920,.F.);
#1207=ORIENTED_EDGE('',*,*,#921,.T.);
#1208=ORIENTED_EDGE('',*,*,#855,.F.);
#1209=ORIENTED_EDGE('',*,*,#922,.F.);
#1210=ORIENTED_EDGE('',*,*,#923,.T.);
#1211=ORIENTED_EDGE('',*,*,#922,.T.);
#1212=ORIENTED_EDGE('',*,*,#854,.F.);
#1213=ORIENTED_EDGE('',*,*,#916,.F.);
#1214=ORIENTED_EDGE('',*,*,#913,.T.);
#1215=ORIENTED_EDGE('',*,*,#924,.F.);
#1216=ORIENTED_EDGE('',*,*,#925,.F.);
#1217=ORIENTED_EDGE('',*,*,#926,.F.);
#1218=ORIENTED_EDGE('',*,*,#909,.T.);
#1219=ORIENTED_EDGE('',*,*,#927,.F.);
#1220=ORIENTED_EDGE('',*,*,#928,.T.);
#1221=ORIENTED_EDGE('',*,*,#929,.F.);
#1222=ORIENTED_EDGE('',*,*,#907,.T.);
#1223=ORIENTED_EDGE('',*,*,#930,.F.);
#1224=ORIENTED_EDGE('',*,*,#931,.F.);
#1225=ORIENTED_EDGE('',*,*,#932,.F.);
#1226=ORIENTED_EDGE('',*,*,#905,.T.);
#1227=ORIENTED_EDGE('',*,*,#933,.F.);
#1228=ORIENTED_EDGE('',*,*,#934,.F.);
#1229=ORIENTED_EDGE('',*,*,#935,.F.);
#1230=ORIENTED_EDGE('',*,*,#901,.T.);
#1231=ORIENTED_EDGE('',*,*,#936,.F.);
#1232=ORIENTED_EDGE('',*,*,#937,.F.);
#1233=ORIENTED_EDGE('',*,*,#938,.F.);
#1234=ORIENTED_EDGE('',*,*,#899,.T.);
#1235=ORIENTED_EDGE('',*,*,#939,.F.);
#1236=ORIENTED_EDGE('',*,*,#940,.F.);
#1237=ORIENTED_EDGE('',*,*,#941,.F.);
#1238=ORIENTED_EDGE('',*,*,#897,.T.);
#1239=ORIENTED_EDGE('',*,*,#942,.F.);
#1240=ORIENTED_EDGE('',*,*,#943,.F.);
#1241=ORIENTED_EDGE('',*,*,#944,.F.);
#1242=ORIENTED_EDGE('',*,*,#857,.T.);
#1243=ORIENTED_EDGE('',*,*,#945,.F.);
#1244=ORIENTED_EDGE('',*,*,#946,.T.);
#1245=ORIENTED_EDGE('',*,*,#947,.F.);
#1246=ORIENTED_EDGE('',*,*,#893,.T.);
#1247=ORIENTED_EDGE('',*,*,#948,.F.);
#1248=ORIENTED_EDGE('',*,*,#949,.F.);
#1249=ORIENTED_EDGE('',*,*,#950,.F.);
#1250=ORIENTED_EDGE('',*,*,#858,.T.);
#1251=ORIENTED_EDGE('',*,*,#947,.T.);
#1252=ORIENTED_EDGE('',*,*,#951,.T.);
#1253=ORIENTED_EDGE('',*,*,#952,.T.);
#1254=ORIENTED_EDGE('',*,*,#953,.T.);
#1255=ORIENTED_EDGE('',*,*,#936,.T.);
#1256=ORIENTED_EDGE('',*,*,#900,.F.);
#1257=ORIENTED_EDGE('',*,*,#941,.T.);
#1258=ORIENTED_EDGE('',*,*,#954,.T.);
#1259=ORIENTED_EDGE('',*,*,#955,.T.);
#1260=ORIENTED_EDGE('',*,*,#956,.T.);
#1261=ORIENTED_EDGE('',*,*,#957,.T.);
#1262=ORIENTED_EDGE('',*,*,#927,.T.);
#1263=ORIENTED_EDGE('',*,*,#908,.F.);
#1264=ORIENTED_EDGE('',*,*,#932,.T.);
#1265=ORIENTED_EDGE('',*,*,#958,.T.);
#1266=ORIENTED_EDGE('',*,*,#959,.T.);
#1267=ORIENTED_EDGE('',*,*,#960,.T.);
#1268=ORIENTED_EDGE('',*,*,#961,.T.);
#1269=ORIENTED_EDGE('',*,*,#962,.T.);
#1270=ORIENTED_EDGE('',*,*,#914,.F.);
#1271=ORIENTED_EDGE('',*,*,#926,.T.);
#1272=ORIENTED_EDGE('',*,*,#963,.T.);
#1273=ORIENTED_EDGE('',*,*,#964,.T.);
#1274=ORIENTED_EDGE('',*,*,#965,.T.);
#1275=ORIENTED_EDGE('',*,*,#966,.T.);
#1276=ORIENTED_EDGE('',*,*,#967,.T.);
#1277=ORIENTED_EDGE('',*,*,#906,.F.);
#1278=ORIENTED_EDGE('',*,*,#935,.T.);
#1279=ORIENTED_EDGE('',*,*,#968,.T.);
#1280=ORIENTED_EDGE('',*,*,#969,.T.);
#1281=ORIENTED_EDGE('',*,*,#970,.T.);
#1282=ORIENTED_EDGE('',*,*,#971,.T.);
#1283=ORIENTED_EDGE('',*,*,#972,.T.);
#1284=ORIENTED_EDGE('',*,*,#898,.F.);
#1285=ORIENTED_EDGE('',*,*,#944,.T.);
#1286=ORIENTED_EDGE('',*,*,#973,.T.);
#1287=ORIENTED_EDGE('',*,*,#974,.T.);
#1288=ORIENTED_EDGE('',*,*,#975,.T.);
#1289=ORIENTED_EDGE('',*,*,#976,.T.);
#1290=ORIENTED_EDGE('',*,*,#977,.T.);
#1291=ORIENTED_EDGE('',*,*,#894,.F.);
#1292=ORIENTED_EDGE('',*,*,#950,.T.);
#1293=ORIENTED_EDGE('',*,*,#978,.T.);
#1294=ORIENTED_EDGE('',*,*,#979,.T.);
#1295=ORIENTED_EDGE('',*,*,#980,.T.);
#1296=ORIENTED_EDGE('',*,*,#981,.T.);
#1297=ORIENTED_EDGE('',*,*,#982,.T.);
#1298=ORIENTED_EDGE('',*,*,#890,.F.);
#1299=ORIENTED_EDGE('',*,*,#983,.T.);
#1300=ORIENTED_EDGE('',*,*,#984,.T.);
#1301=ORIENTED_EDGE('',*,*,#985,.T.);
#1302=ORIENTED_EDGE('',*,*,#986,.T.);
#1303=ORIENTED_EDGE('',*,*,#987,.T.);
#1304=ORIENTED_EDGE('',*,*,#988,.T.);
#1305=ORIENTED_EDGE('',*,*,#886,.F.);
#1306=ORIENTED_EDGE('',*,*,#989,.T.);
#1307=ORIENTED_EDGE('',*,*,#990,.T.);
#1308=ORIENTED_EDGE('',*,*,#991,.T.);
#1309=ORIENTED_EDGE('',*,*,#992,.T.);
#1310=ORIENTED_EDGE('',*,*,#993,.T.);
#1311=ORIENTED_EDGE('',*,*,#850,.T.);
#1312=ORIENTED_EDGE('',*,*,#830,.F.);
#1313=ORIENTED_EDGE('',*,*,#864,.F.);
#1314=ORIENTED_EDGE('',*,*,#994,.T.);
#1315=ORIENTED_EDGE('',*,*,#859,.F.);
#1316=ORIENTED_EDGE('',*,*,#847,.F.);
#1317=ORIENTED_EDGE('',*,*,#889,.T.);
#1318=ORIENTED_EDGE('',*,*,#995,.F.);
#1319=ORIENTED_EDGE('',*,*,#996,.F.);
#1320=ORIENTED_EDGE('',*,*,#983,.F.);
#1321=ORIENTED_EDGE('',*,*,#885,.T.);
#1322=ORIENTED_EDGE('',*,*,#997,.F.);
#1323=ORIENTED_EDGE('',*,*,#998,.T.);
#1324=ORIENTED_EDGE('',*,*,#989,.F.);
#1325=ORIENTED_EDGE('',*,*,#877,.F.);
#1326=ORIENTED_EDGE('',*,*,#994,.F.);
#1327=ORIENTED_EDGE('',*,*,#867,.F.);
#1328=ORIENTED_EDGE('',*,*,#869,.F.);
#1329=ORIENTED_EDGE('',*,*,#872,.F.);
#1330=ORIENTED_EDGE('',*,*,#875,.F.);
#1331=ORIENTED_EDGE('',*,*,#928,.F.);
#1332=ORIENTED_EDGE('',*,*,#957,.F.);
#1333=ORIENTED_EDGE('',*,*,#999,.F.);
#1334=ORIENTED_EDGE('',*,*,#1000,.F.);
#1335=ORIENTED_EDGE('',*,*,#1001,.F.);
#1336=ORIENTED_EDGE('',*,*,#1002,.T.);
#1337=ORIENTED_EDGE('',*,*,#999,.T.);
#1338=ORIENTED_EDGE('',*,*,#956,.F.);
#1339=ORIENTED_EDGE('',*,*,#1003,.F.);
#1340=ORIENTED_EDGE('',*,*,#937,.T.);
#1341=ORIENTED_EDGE('',*,*,#953,.F.);
#1342=ORIENTED_EDGE('',*,*,#1004,.F.);
#1343=ORIENTED_EDGE('',*,*,#1005,.T.);
#1344=ORIENTED_EDGE('',*,*,#1004,.T.);
#1345=ORIENTED_EDGE('',*,*,#952,.F.);
#1346=ORIENTED_EDGE('',*,*,#1006,.F.);
#1347=ORIENTED_EDGE('',*,*,#1007,.T.);
#1348=ORIENTED_EDGE('',*,*,#1006,.T.);
#1349=ORIENTED_EDGE('',*,*,#951,.F.);
#1350=ORIENTED_EDGE('',*,*,#946,.F.);
#1351=ORIENTED_EDGE('',*,*,#1001,.T.);
#1352=ORIENTED_EDGE('',*,*,#955,.F.);
#1353=ORIENTED_EDGE('',*,*,#1008,.F.);
#1354=ORIENTED_EDGE('',*,*,#1009,.T.);
#1355=ORIENTED_EDGE('',*,*,#1010,.T.);
#1356=ORIENTED_EDGE('',*,*,#1011,.T.);
#1357=ORIENTED_EDGE('',*,*,#1012,.F.);
#1358=ORIENTED_EDGE('',*,*,#1013,.F.);
#1359=ORIENTED_EDGE('',*,*,#1014,.T.);
#1360=ORIENTED_EDGE('',*,*,#930,.T.);
#1361=ORIENTED_EDGE('',*,*,#910,.F.);
#1362=ORIENTED_EDGE('',*,*,#929,.T.);
#1363=ORIENTED_EDGE('',*,*,#1000,.T.);
#1364=ORIENTED_EDGE('',*,*,#1002,.F.);
#1365=ORIENTED_EDGE('',*,*,#1009,.F.);
#1366=ORIENTED_EDGE('',*,*,#1015,.T.);
#1367=ORIENTED_EDGE('',*,*,#939,.T.);
#1368=ORIENTED_EDGE('',*,*,#902,.F.);
#1369=ORIENTED_EDGE('',*,*,#938,.T.);
#1370=ORIENTED_EDGE('',*,*,#1003,.T.);
#1371=ORIENTED_EDGE('',*,*,#1005,.F.);
#1372=ORIENTED_EDGE('',*,*,#1007,.F.);
#1373=ORIENTED_EDGE('',*,*,#945,.T.);
#1374=ORIENTED_EDGE('',*,*,#856,.F.);
#1375=ORIENTED_EDGE('',*,*,#921,.F.);
#1376=ORIENTED_EDGE('',*,*,#1016,.T.);
#1377=ORIENTED_EDGE('',*,*,#1017,.T.);
#1378=ORIENTED_EDGE('',*,*,#1018,.F.);
#1379=ORIENTED_EDGE('',*,*,#1019,.T.);
#1380=ORIENTED_EDGE('',*,*,#1020,.T.);
#1381=ORIENTED_EDGE('',*,*,#997,.T.);
#1382=ORIENTED_EDGE('',*,*,#884,.F.);
#1383=ORIENTED_EDGE('',*,*,#1021,.T.);
#1384=ORIENTED_EDGE('',*,*,#1022,.T.);
#1385=ORIENTED_EDGE('',*,*,#1023,.F.);
#1386=ORIENTED_EDGE('',*,*,#1024,.F.);
#1387=ORIENTED_EDGE('',*,*,#1025,.T.);
#1388=ORIENTED_EDGE('',*,*,#995,.T.);
#1389=ORIENTED_EDGE('',*,*,#888,.F.);
#1390=ORIENTED_EDGE('',*,*,#1026,.T.);
#1391=ORIENTED_EDGE('',*,*,#1027,.T.);
#1392=ORIENTED_EDGE('',*,*,#1028,.F.);
#1393=ORIENTED_EDGE('',*,*,#1029,.F.);
#1394=ORIENTED_EDGE('',*,*,#1030,.T.);
#1395=ORIENTED_EDGE('',*,*,#948,.T.);
#1396=ORIENTED_EDGE('',*,*,#892,.F.);
#1397=ORIENTED_EDGE('',*,*,#1031,.T.);
#1398=ORIENTED_EDGE('',*,*,#1032,.T.);
#1399=ORIENTED_EDGE('',*,*,#1033,.F.);
#1400=ORIENTED_EDGE('',*,*,#1034,.F.);
#1401=ORIENTED_EDGE('',*,*,#1035,.T.);
#1402=ORIENTED_EDGE('',*,*,#942,.T.);
#1403=ORIENTED_EDGE('',*,*,#896,.F.);
#1404=ORIENTED_EDGE('',*,*,#1036,.T.);
#1405=ORIENTED_EDGE('',*,*,#1037,.T.);
#1406=ORIENTED_EDGE('',*,*,#1038,.F.);
#1407=ORIENTED_EDGE('',*,*,#1039,.F.);
#1408=ORIENTED_EDGE('',*,*,#1040,.T.);
#1409=ORIENTED_EDGE('',*,*,#933,.T.);
#1410=ORIENTED_EDGE('',*,*,#904,.F.);
#1411=ORIENTED_EDGE('',*,*,#1041,.T.);
#1412=ORIENTED_EDGE('',*,*,#1042,.T.);
#1413=ORIENTED_EDGE('',*,*,#1043,.F.);
#1414=ORIENTED_EDGE('',*,*,#1044,.F.);
#1415=ORIENTED_EDGE('',*,*,#1045,.T.);
#1416=ORIENTED_EDGE('',*,*,#924,.T.);
#1417=ORIENTED_EDGE('',*,*,#912,.F.);
#1418=ORIENTED_EDGE('',*,*,#940,.T.);
#1419=ORIENTED_EDGE('',*,*,#1015,.F.);
#1420=ORIENTED_EDGE('',*,*,#1008,.T.);
#1421=ORIENTED_EDGE('',*,*,#954,.F.);
#1422=ORIENTED_EDGE('',*,*,#1046,.F.);
#1423=ORIENTED_EDGE('',*,*,#961,.F.);
#1424=ORIENTED_EDGE('',*,*,#1047,.F.);
#1425=ORIENTED_EDGE('',*,*,#1011,.F.);
#1426=ORIENTED_EDGE('',*,*,#1048,.F.);
#1427=ORIENTED_EDGE('',*,*,#1012,.T.);
#1428=ORIENTED_EDGE('',*,*,#1047,.T.);
#1429=ORIENTED_EDGE('',*,*,#960,.F.);
#1430=ORIENTED_EDGE('',*,*,#1048,.T.);
#1431=ORIENTED_EDGE('',*,*,#959,.F.);
#1432=ORIENTED_EDGE('',*,*,#1049,.F.);
#1433=ORIENTED_EDGE('',*,*,#1013,.T.);
#1434=ORIENTED_EDGE('',*,*,#911,.T.);
#1435=ORIENTED_EDGE('',*,*,#962,.F.);
#1436=ORIENTED_EDGE('',*,*,#1046,.T.);
#1437=ORIENTED_EDGE('',*,*,#1010,.F.);
#1438=ORIENTED_EDGE('',*,*,#931,.T.);
#1439=ORIENTED_EDGE('',*,*,#1014,.F.);
#1440=ORIENTED_EDGE('',*,*,#1049,.T.);
#1441=ORIENTED_EDGE('',*,*,#958,.F.);
#1442=ORIENTED_EDGE('',*,*,#1050,.F.);
#1443=ORIENTED_EDGE('',*,*,#966,.F.);
#1444=ORIENTED_EDGE('',*,*,#1051,.F.);
#1445=ORIENTED_EDGE('',*,*,#1042,.F.);
#1446=ORIENTED_EDGE('',*,*,#1052,.F.);
#1447=ORIENTED_EDGE('',*,*,#1043,.T.);
#1448=ORIENTED_EDGE('',*,*,#1051,.T.);
#1449=ORIENTED_EDGE('',*,*,#965,.F.);
#1450=ORIENTED_EDGE('',*,*,#1052,.T.);
#1451=ORIENTED_EDGE('',*,*,#964,.F.);
#1452=ORIENTED_EDGE('',*,*,#1053,.F.);
#1453=ORIENTED_EDGE('',*,*,#1044,.T.);
#1454=ORIENTED_EDGE('',*,*,#903,.T.);
#1455=ORIENTED_EDGE('',*,*,#967,.F.);
#1456=ORIENTED_EDGE('',*,*,#1050,.T.);
#1457=ORIENTED_EDGE('',*,*,#1041,.F.);
#1458=ORIENTED_EDGE('',*,*,#925,.T.);
#1459=ORIENTED_EDGE('',*,*,#1045,.F.);
#1460=ORIENTED_EDGE('',*,*,#1053,.T.);
#1461=ORIENTED_EDGE('',*,*,#963,.F.);
#1462=ORIENTED_EDGE('',*,*,#1054,.F.);
#1463=ORIENTED_EDGE('',*,*,#971,.F.);
#1464=ORIENTED_EDGE('',*,*,#1055,.F.);
#1465=ORIENTED_EDGE('',*,*,#1037,.F.);
#1466=ORIENTED_EDGE('',*,*,#1056,.F.);
#1467=ORIENTED_EDGE('',*,*,#1038,.T.);
#1468=ORIENTED_EDGE('',*,*,#1055,.T.);
#1469=ORIENTED_EDGE('',*,*,#970,.F.);
#1470=ORIENTED_EDGE('',*,*,#1056,.T.);
#1471=ORIENTED_EDGE('',*,*,#969,.F.);
#1472=ORIENTED_EDGE('',*,*,#1057,.F.);
#1473=ORIENTED_EDGE('',*,*,#1039,.T.);
#1474=ORIENTED_EDGE('',*,*,#895,.T.);
#1475=ORIENTED_EDGE('',*,*,#972,.F.);
#1476=ORIENTED_EDGE('',*,*,#1054,.T.);
#1477=ORIENTED_EDGE('',*,*,#1036,.F.);
#1478=ORIENTED_EDGE('',*,*,#934,.T.);
#1479=ORIENTED_EDGE('',*,*,#1040,.F.);
#1480=ORIENTED_EDGE('',*,*,#1057,.T.);
#1481=ORIENTED_EDGE('',*,*,#968,.F.);
#1482=ORIENTED_EDGE('',*,*,#1058,.F.);
#1483=ORIENTED_EDGE('',*,*,#976,.F.);
#1484=ORIENTED_EDGE('',*,*,#1059,.F.);
#1485=ORIENTED_EDGE('',*,*,#1032,.F.);
#1486=ORIENTED_EDGE('',*,*,#1060,.F.);
#1487=ORIENTED_EDGE('',*,*,#1033,.T.);
#1488=ORIENTED_EDGE('',*,*,#1059,.T.);
#1489=ORIENTED_EDGE('',*,*,#975,.F.);
#1490=ORIENTED_EDGE('',*,*,#1060,.T.);
#1491=ORIENTED_EDGE('',*,*,#974,.F.);
#1492=ORIENTED_EDGE('',*,*,#1061,.F.);
#1493=ORIENTED_EDGE('',*,*,#1034,.T.);
#1494=ORIENTED_EDGE('',*,*,#891,.T.);
#1495=ORIENTED_EDGE('',*,*,#977,.F.);
#1496=ORIENTED_EDGE('',*,*,#1058,.T.);
#1497=ORIENTED_EDGE('',*,*,#1031,.F.);
#1498=ORIENTED_EDGE('',*,*,#943,.T.);
#1499=ORIENTED_EDGE('',*,*,#1035,.F.);
#1500=ORIENTED_EDGE('',*,*,#1061,.T.);
#1501=ORIENTED_EDGE('',*,*,#973,.F.);
#1502=ORIENTED_EDGE('',*,*,#1062,.F.);
#1503=ORIENTED_EDGE('',*,*,#981,.F.);
#1504=ORIENTED_EDGE('',*,*,#1063,.F.);
#1505=ORIENTED_EDGE('',*,*,#1027,.F.);
#1506=ORIENTED_EDGE('',*,*,#1064,.F.);
#1507=ORIENTED_EDGE('',*,*,#1028,.T.);
#1508=ORIENTED_EDGE('',*,*,#1063,.T.);
#1509=ORIENTED_EDGE('',*,*,#980,.F.);
#1510=ORIENTED_EDGE('',*,*,#1064,.T.);
#1511=ORIENTED_EDGE('',*,*,#979,.F.);
#1512=ORIENTED_EDGE('',*,*,#1065,.F.);
#1513=ORIENTED_EDGE('',*,*,#1029,.T.);
#1514=ORIENTED_EDGE('',*,*,#887,.T.);
#1515=ORIENTED_EDGE('',*,*,#982,.F.);
#1516=ORIENTED_EDGE('',*,*,#1062,.T.);
#1517=ORIENTED_EDGE('',*,*,#1026,.F.);
#1518=ORIENTED_EDGE('',*,*,#949,.T.);
#1519=ORIENTED_EDGE('',*,*,#1030,.F.);
#1520=ORIENTED_EDGE('',*,*,#1065,.T.);
#1521=ORIENTED_EDGE('',*,*,#978,.F.);
#1522=ORIENTED_EDGE('',*,*,#1066,.F.);
#1523=ORIENTED_EDGE('',*,*,#987,.F.);
#1524=ORIENTED_EDGE('',*,*,#1067,.F.);
#1525=ORIENTED_EDGE('',*,*,#1022,.F.);
#1526=ORIENTED_EDGE('',*,*,#1068,.F.);
#1527=ORIENTED_EDGE('',*,*,#1023,.T.);
#1528=ORIENTED_EDGE('',*,*,#1067,.T.);
#1529=ORIENTED_EDGE('',*,*,#986,.F.);
#1530=ORIENTED_EDGE('',*,*,#1068,.T.);
#1531=ORIENTED_EDGE('',*,*,#985,.F.);
#1532=ORIENTED_EDGE('',*,*,#1069,.F.);
#1533=ORIENTED_EDGE('',*,*,#1024,.T.);
#1534=ORIENTED_EDGE('',*,*,#883,.T.);
#1535=ORIENTED_EDGE('',*,*,#988,.F.);
#1536=ORIENTED_EDGE('',*,*,#1066,.T.);
#1537=ORIENTED_EDGE('',*,*,#1021,.F.);
#1538=ORIENTED_EDGE('',*,*,#996,.T.);
#1539=ORIENTED_EDGE('',*,*,#1025,.F.);
#1540=ORIENTED_EDGE('',*,*,#1069,.T.);
#1541=ORIENTED_EDGE('',*,*,#984,.F.);
#1542=ORIENTED_EDGE('',*,*,#1070,.F.);
#1543=ORIENTED_EDGE('',*,*,#1016,.F.);
#1544=ORIENTED_EDGE('',*,*,#920,.T.);
#1545=ORIENTED_EDGE('',*,*,#923,.F.);
#1546=ORIENTED_EDGE('',*,*,#915,.T.);
#1547=ORIENTED_EDGE('',*,*,#918,.F.);
#1548=ORIENTED_EDGE('',*,*,#993,.F.);
#1549=ORIENTED_EDGE('',*,*,#1071,.F.);
#1550=ORIENTED_EDGE('',*,*,#1017,.F.);
#1551=ORIENTED_EDGE('',*,*,#1070,.T.);
#1552=ORIENTED_EDGE('',*,*,#919,.T.);
#1553=ORIENTED_EDGE('',*,*,#851,.F.);
#1554=ORIENTED_EDGE('',*,*,#1018,.T.);
#1555=ORIENTED_EDGE('',*,*,#1071,.T.);
#1556=ORIENTED_EDGE('',*,*,#992,.F.);
#1557=ORIENTED_EDGE('',*,*,#1072,.F.);
#1558=ORIENTED_EDGE('',*,*,#1019,.F.);
#1559=ORIENTED_EDGE('',*,*,#1072,.T.);
#1560=ORIENTED_EDGE('',*,*,#991,.F.);
#1561=ORIENTED_EDGE('',*,*,#1073,.F.);
#1562=ORIENTED_EDGE('',*,*,#1020,.F.);
#1563=ORIENTED_EDGE('',*,*,#1073,.T.);
#1564=ORIENTED_EDGE('',*,*,#990,.F.);
#1565=ORIENTED_EDGE('',*,*,#998,.F.);
#1566=TOROIDAL_SURFACE('',#1674,2.43,1.215);
#1567=TOROIDAL_SURFACE('',#1680,12.015,1.215);
#1568=TOROIDAL_SURFACE('',#1686,12.015,1.215);
#1569=TOROIDAL_SURFACE('',#1692,2.43,1.215);
#1570=TOROIDAL_SURFACE('',#1704,9.585,1.215);
#1571=TOROIDAL_SURFACE('',#1710,9.58499999999999,1.215);
#1572=ADVANCED_FACE('',(#396),#1566,.T.);
#1573=ADVANCED_FACE('',(#397),#350,.T.);
#1574=ADVANCED_FACE('',(#398),#1567,.T.);
#1575=ADVANCED_FACE('',(#399),#351,.T.);
#1576=ADVANCED_FACE('',(#400),#1568,.T.);
#1577=ADVANCED_FACE('',(#401),#352,.T.);
#1578=ADVANCED_FACE('',(#402),#1569,.T.);
#1579=ADVANCED_FACE('',(#403),#18,.T.);
#1580=ADVANCED_FACE('',(#404),#353,.F.);
#1581=ADVANCED_FACE('',(#405),#354,.F.);
#1582=ADVANCED_FACE('',(#406),#355,.F.);
#1583=ADVANCED_FACE('',(#407),#1570,.F.);
#1584=ADVANCED_FACE('',(#408),#356,.F.);
#1585=ADVANCED_FACE('',(#409),#1571,.F.);
#1586=ADVANCED_FACE('',(#410),#357,.F.);
#1587=ADVANCED_FACE('',(#411),#19,.T.);
#1588=ADVANCED_FACE('',(#412),#358,.F.);
#1589=ADVANCED_FACE('',(#413),#20,.T.);
#1590=ADVANCED_FACE('',(#414),#359,.F.);
#1591=ADVANCED_FACE('',(#415),#21,.T.);
#1592=ADVANCED_FACE('',(#416),#22,.T.);
#1593=ADVANCED_FACE('',(#417),#23,.T.);
#1594=ADVANCED_FACE('',(#418),#24,.T.);
#1595=ADVANCED_FACE('',(#419),#25,.T.);
#1596=ADVANCED_FACE('',(#420),#26,.T.);
#1597=ADVANCED_FACE('',(#421),#27,.T.);
#1598=ADVANCED_FACE('',(#422),#28,.T.);
#1599=ADVANCED_FACE('',(#423),#29,.T.);
#1600=ADVANCED_FACE('',(#424),#30,.T.);
#1601=ADVANCED_FACE('',(#425),#360,.T.);
#1602=ADVANCED_FACE('',(#426),#31,.T.);
#1603=ADVANCED_FACE('',(#427),#361,.T.);
#1604=ADVANCED_FACE('',(#428),#362,.F.);
#1605=ADVANCED_FACE('',(#429),#363,.F.);
#1606=ADVANCED_FACE('',(#430),#364,.F.);
#1607=ADVANCED_FACE('',(#431),#365,.F.);
#1608=ADVANCED_FACE('',(#432),#366,.F.);
#1609=ADVANCED_FACE('',(#433),#367,.F.);
#1610=ADVANCED_FACE('',(#434),#368,.F.);
#1611=ADVANCED_FACE('',(#435),#32,.T.);
#1612=ADVANCED_FACE('',(#436),#369,.F.);
#1613=ADVANCED_FACE('',(#437),#33,.T.);
#1614=ADVANCED_FACE('',(#438),#370,.F.);
#1615=ADVANCED_FACE('',(#439),#371,.F.);
#1616=ADVANCED_FACE('',(#440),#34,.T.);
#1617=ADVANCED_FACE('',(#441),#35,.T.);
#1618=ADVANCED_FACE('',(#442),#372,.T.);
#1619=ADVANCED_FACE('',(#443),#373,.F.);
#1620=ADVANCED_FACE('',(#444),#36,.T.);
#1621=ADVANCED_FACE('',(#445),#374,.T.);
#1622=ADVANCED_FACE('',(#446),#375,.T.);
#1623=ADVANCED_FACE('',(#447),#37,.F.);
#1624=ADVANCED_FACE('',(#448),#38,.T.);
#1625=ADVANCED_FACE('',(#449),#39,.T.);
#1626=ADVANCED_FACE('',(#450),#376,.T.);
#1627=ADVANCED_FACE('',(#451),#377,.T.);
#1628=ADVANCED_FACE('',(#452),#378,.F.);
#1629=ADVANCED_FACE('',(#453),#40,.T.);
#1630=ADVANCED_FACE('',(#454),#41,.T.);
#1631=ADVANCED_FACE('',(#455),#379,.T.);
#1632=ADVANCED_FACE('',(#456),#380,.T.);
#1633=ADVANCED_FACE('',(#457),#381,.F.);
#1634=ADVANCED_FACE('',(#458),#42,.T.);
#1635=ADVANCED_FACE('',(#459),#43,.T.);
#1636=ADVANCED_FACE('',(#460),#382,.T.);
#1637=ADVANCED_FACE('',(#461),#383,.T.);
#1638=ADVANCED_FACE('',(#462),#384,.F.);
#1639=ADVANCED_FACE('',(#463),#44,.T.);
#1640=ADVANCED_FACE('',(#464),#45,.T.);
#1641=ADVANCED_FACE('',(#465),#385,.T.);
#1642=ADVANCED_FACE('',(#466),#386,.T.);
#1643=ADVANCED_FACE('',(#467),#387,.F.);
#1644=ADVANCED_FACE('',(#468),#46,.T.);
#1645=ADVANCED_FACE('',(#469),#47,.T.);
#1646=ADVANCED_FACE('',(#470),#388,.T.);
#1647=ADVANCED_FACE('',(#471),#389,.T.);
#1648=ADVANCED_FACE('',(#472),#390,.F.);
#1649=ADVANCED_FACE('',(#473),#48,.T.);
#1650=ADVANCED_FACE('',(#474),#49,.T.);
#1651=ADVANCED_FACE('',(#475),#391,.T.);
#1652=ADVANCED_FACE('',(#476),#392,.T.);
#1653=ADVANCED_FACE('',(#477),#393,.F.);
#1654=ADVANCED_FACE('',(#478),#50,.T.);
#1655=ADVANCED_FACE('',(#479),#51,.T.);
#1656=ADVANCED_FACE('',(#480),#52,.T.);
#1657=ADVANCED_FACE('',(#481),#394,.T.);
#1658=ADVANCED_FACE('',(#482),#53,.T.);
#1659=ADVANCED_FACE('',(#483),#395,.F.);
#1660=CLOSED_SHELL('',(#1572,#1573,#1574,#1575,#1576,#1577,#1578,#1579,
#1580,#1581,#1582,#1583,#1584,#1585,#1586,#1587,#1588,#1589,#1590,#1591,
#1592,#1593,#1594,#1595,#1596,#1597,#1598,#1599,#1600,#1601,#1602,#1603,
#1604,#1605,#1606,#1607,#1608,#1609,#1610,#1611,#1612,#1613,#1614,#1615,
#1616,#1617,#1618,#1619,#1620,#1621,#1622,#1623,#1624,#1625,#1626,#1627,
#1628,#1629,#1630,#1631,#1632,#1633,#1634,#1635,#1636,#1637,#1638,#1639,
#1640,#1641,#1642,#1643,#1644,#1645,#1646,#1647,#1648,#1649,#1650,#1651,
#1652,#1653,#1654,#1655,#1656,#1657,#1658,#1659));
#1661=DERIVED_UNIT_ELEMENT(#1663,1.);
#1662=DERIVED_UNIT_ELEMENT(#2894,-3.);
#1663=(
MASS_UNIT()
NAMED_UNIT(*)
SI_UNIT(.KILO.,.GRAM.)
);
#1664=DERIVED_UNIT((#1661,#1662));
#1665=MEASURE_REPRESENTATION_ITEM('density measure',
POSITIVE_RATIO_MEASURE(7850.),#1664);
#1666=PROPERTY_DEFINITION_REPRESENTATION(#1671,#1668);
#1667=PROPERTY_DEFINITION_REPRESENTATION(#1672,#1669);
#1668=REPRESENTATION('material name',(#1670),#2891);
#1669=REPRESENTATION('density',(#1665),#2891);
#1670=DESCRIPTIVE_REPRESENTATION_ITEM('Steel','Steel');
#1671=PROPERTY_DEFINITION('material property','material name',#2901);
#1672=PROPERTY_DEFINITION('material property','density of part',#2901);
#1673=AXIS2_PLACEMENT_3D('',#2376,#1858,#1859);
#1674=AXIS2_PLACEMENT_3D('',#2377,#1860,#1861);
#1675=AXIS2_PLACEMENT_3D('',#2380,#1862,#1863);
#1676=AXIS2_PLACEMENT_3D('',#2382,#1864,#1865);
#1677=AXIS2_PLACEMENT_3D('',#2394,#1866,#1867);
#1678=AXIS2_PLACEMENT_3D('',#2395,#1868,#1869);
#1679=AXIS2_PLACEMENT_3D('',#2398,#1870,#1871);
#1680=AXIS2_PLACEMENT_3D('',#2401,#1874,#1875);
#1681=AXIS2_PLACEMENT_3D('',#2404,#1876,#1877);
#1682=AXIS2_PLACEMENT_3D('',#2405,#1878,#1879);
#1683=AXIS2_PLACEMENT_3D('',#2406,#1880,#1881);
#1684=AXIS2_PLACEMENT_3D('',#2407,#1882,#1883);
#1685=AXIS2_PLACEMENT_3D('',#2410,#1884,#1885);
#1686=AXIS2_PLACEMENT_3D('',#2413,#1888,#1889);
#1687=AXIS2_PLACEMENT_3D('',#2416,#1890,#1891);
#1688=AXIS2_PLACEMENT_3D('',#2417,#1892,#1893);
#1689=AXIS2_PLACEMENT_3D('',#2418,#1894,#1895);
#1690=AXIS2_PLACEMENT_3D('',#2419,#1896,#1897);
#1691=AXIS2_PLACEMENT_3D('',#2422,#1898,#1899);
#1692=AXIS2_PLACEMENT_3D('',#2425,#1902,#1903);
#1693=AXIS2_PLACEMENT_3D('',#2438,#1904,#1905);
#1694=AXIS2_PLACEMENT_3D('',#2439,#1906,#1907);
#1695=AXIS2_PLACEMENT_3D('',#2440,#1908,#1909);
#1696=AXIS2_PLACEMENT_3D('',#2446,#1912,#1913);
#1697=AXIS2_PLACEMENT_3D('',#2450,#1915,#1916);
#1698=AXIS2_PLACEMENT_3D('',#2458,#1921,#1922);
#1699=AXIS2_PLACEMENT_3D('',#2462,#1924,#1925);
#1700=AXIS2_PLACEMENT_3D('',#2464,#1927,#1928);
#1701=AXIS2_PLACEMENT_3D('',#2468,#1930,#1931);
#1702=AXIS2_PLACEMENT_3D('',#2470,#1933,#1934);
#1703=AXIS2_PLACEMENT_3D('',#2474,#1936,#1937);
#1704=AXIS2_PLACEMENT_3D('',#2476,#1939,#1940);
#1705=AXIS2_PLACEMENT_3D('',#2479,#1941,#1942);
#1706=AXIS2_PLACEMENT_3D('',#2480,#1943,#1944);
#1707=AXIS2_PLACEMENT_3D('',#2481,#1945,#1946);
#1708=AXIS2_PLACEMENT_3D('',#2482,#1947,#1948);
#1709=AXIS2_PLACEMENT_3D('',#2485,#1949,#1950);
#1710=AXIS2_PLACEMENT_3D('',#2488,#1953,#1954);
#1711=AXIS2_PLACEMENT_3D('',#2491,#1955,#1956);
#1712=AXIS2_PLACEMENT_3D('',#2492,#1957,#1958);
#1713=AXIS2_PLACEMENT_3D('',#2493,#1959,#1960);
#1714=AXIS2_PLACEMENT_3D('',#2494,#1961,#1962);
#1715=AXIS2_PLACEMENT_3D('',#2497,#1965,#1966);
#1716=AXIS2_PLACEMENT_3D('',#2499,#1968,#1969);
#1717=AXIS2_PLACEMENT_3D('',#2501,#1971,#1972);
#1718=AXIS2_PLACEMENT_3D('',#2503,#1974,#1975);
#1719=AXIS2_PLACEMENT_3D('',#2505,#1977,#1978);
#1720=AXIS2_PLACEMENT_3D('',#2506,#1979,#1980);
#1721=AXIS2_PLACEMENT_3D('',#2515,#1985,#1986);
#1722=AXIS2_PLACEMENT_3D('',#2524,#1991,#1992);
#1723=AXIS2_PLACEMENT_3D('',#2533,#1997,#1998);
#1724=AXIS2_PLACEMENT_3D('',#2542,#2003,#2004);
#1725=AXIS2_PLACEMENT_3D('',#2551,#2009,#2010);
#1726=AXIS2_PLACEMENT_3D('',#2560,#2015,#2016);
#1727=AXIS2_PLACEMENT_3D('',#2569,#2021,#2022);
#1728=AXIS2_PLACEMENT_3D('',#2578,#2027,#2028);
#1729=AXIS2_PLACEMENT_3D('',#2584,#2032,#2033);
#1730=AXIS2_PLACEMENT_3D('',#2586,#2034,#2035);
#1731=AXIS2_PLACEMENT_3D('',#2588,#2037,#2038);
#1732=AXIS2_PLACEMENT_3D('',#2594,#2042,#2043);
#1733=AXIS2_PLACEMENT_3D('',#2595,#2044,#2045);
#1734=AXIS2_PLACEMENT_3D('',#2596,#2046,#2047);
#1735=AXIS2_PLACEMENT_3D('',#2598,#2048,#2049);
#1736=AXIS2_PLACEMENT_3D('',#2601,#2051,#2052);
#1737=AXIS2_PLACEMENT_3D('',#2602,#2053,#2054);
#1738=AXIS2_PLACEMENT_3D('',#2604,#2055,#2056);
#1739=AXIS2_PLACEMENT_3D('',#2607,#2058,#2059);
#1740=AXIS2_PLACEMENT_3D('',#2608,#2060,#2061);
#1741=AXIS2_PLACEMENT_3D('',#2610,#2062,#2063);
#1742=AXIS2_PLACEMENT_3D('',#2613,#2065,#2066);
#1743=AXIS2_PLACEMENT_3D('',#2614,#2067,#2068);
#1744=AXIS2_PLACEMENT_3D('',#2616,#2069,#2070);
#1745=AXIS2_PLACEMENT_3D('',#2619,#2072,#2073);
#1746=AXIS2_PLACEMENT_3D('',#2620,#2074,#2075);
#1747=AXIS2_PLACEMENT_3D('',#2622,#2076,#2077);
#1748=AXIS2_PLACEMENT_3D('',#2625,#2079,#2080);
#1749=AXIS2_PLACEMENT_3D('',#2626,#2081,#2082);
#1750=AXIS2_PLACEMENT_3D('',#2628,#2083,#2084);
#1751=AXIS2_PLACEMENT_3D('',#2631,#2086,#2087);
#1752=AXIS2_PLACEMENT_3D('',#2632,#2088,#2089);
#1753=AXIS2_PLACEMENT_3D('',#2634,#2090,#2091);
#1754=AXIS2_PLACEMENT_3D('',#2637,#2093,#2094);
#1755=AXIS2_PLACEMENT_3D('',#2638,#2095,#2096);
#1756=AXIS2_PLACEMENT_3D('',#2644,#2100,#2101);
#1757=AXIS2_PLACEMENT_3D('',#2646,#2102,#2103);
#1758=AXIS2_PLACEMENT_3D('',#2649,#2105,#2106);
#1759=AXIS2_PLACEMENT_3D('',#2650,#2107,#2108);
#1760=AXIS2_PLACEMENT_3D('',#2652,#2109,#2110);
#1761=AXIS2_PLACEMENT_3D('',#2655,#2112,#2113);
#1762=AXIS2_PLACEMENT_3D('',#2659,#2115,#2116);
#1763=AXIS2_PLACEMENT_3D('',#2661,#2117,#2118);
#1764=AXIS2_PLACEMENT_3D('',#2666,#2121,#2122);
#1765=AXIS2_PLACEMENT_3D('',#2668,#2123,#2124);
#1766=AXIS2_PLACEMENT_3D('',#2671,#2126,#2127);
#1767=AXIS2_PLACEMENT_3D('',#2675,#2129,#2130);
#1768=AXIS2_PLACEMENT_3D('',#2677,#2131,#2132);
#1769=AXIS2_PLACEMENT_3D('',#2680,#2134,#2135);
#1770=AXIS2_PLACEMENT_3D('',#2684,#2137,#2138);
#1771=AXIS2_PLACEMENT_3D('',#2686,#2139,#2140);
#1772=AXIS2_PLACEMENT_3D('',#2689,#2142,#2143);
#1773=AXIS2_PLACEMENT_3D('',#2693,#2145,#2146);
#1774=AXIS2_PLACEMENT_3D('',#2695,#2147,#2148);
#1775=AXIS2_PLACEMENT_3D('',#2698,#2150,#2151);
#1776=AXIS2_PLACEMENT_3D('',#2702,#2153,#2154);
#1777=AXIS2_PLACEMENT_3D('',#2704,#2155,#2156);
#1778=AXIS2_PLACEMENT_3D('',#2707,#2158,#2159);
#1779=AXIS2_PLACEMENT_3D('',#2709,#2160,#2161);
#1780=AXIS2_PLACEMENT_3D('',#2713,#2163,#2164);
#1781=AXIS2_PLACEMENT_3D('',#2715,#2165,#2166);
#1782=AXIS2_PLACEMENT_3D('',#2718,#2168,#2169);
#1783=AXIS2_PLACEMENT_3D('',#2720,#2170,#2171);
#1784=AXIS2_PLACEMENT_3D('',#2722,#2172,#2173);
#1785=AXIS2_PLACEMENT_3D('',#2726,#2175,#2176);
#1786=AXIS2_PLACEMENT_3D('',#2729,#2179,#2180);
#1787=AXIS2_PLACEMENT_3D('',#2731,#2181,#2182);
#1788=AXIS2_PLACEMENT_3D('',#2733,#2184,#2185);
#1789=AXIS2_PLACEMENT_3D('',#2735,#2186,#2187);
#1790=AXIS2_PLACEMENT_3D('',#2737,#2189,#2190);
#1791=AXIS2_PLACEMENT_3D('',#2738,#2191,#2192);
#1792=AXIS2_PLACEMENT_3D('',#2742,#2195,#2196);
#1793=AXIS2_PLACEMENT_3D('',#2745,#2198,#2199);
#1794=AXIS2_PLACEMENT_3D('',#2746,#2200,#2201);
#1795=AXIS2_PLACEMENT_3D('',#2748,#2202,#2203);
#1796=AXIS2_PLACEMENT_3D('',#2750,#2205,#2206);
#1797=AXIS2_PLACEMENT_3D('',#2754,#2209,#2210);
#1798=AXIS2_PLACEMENT_3D('',#2755,#2211,#2212);
#1799=AXIS2_PLACEMENT_3D('',#2756,#2213,#2214);
#1800=AXIS2_PLACEMENT_3D('',#2759,#2216,#2217);
#1801=AXIS2_PLACEMENT_3D('',#2760,#2218,#2219);
#1802=AXIS2_PLACEMENT_3D('',#2762,#2220,#2221);
#1803=AXIS2_PLACEMENT_3D('',#2766,#2223,#2224);
#1804=AXIS2_PLACEMENT_3D('',#2768,#2225,#2226);
#1805=AXIS2_PLACEMENT_3D('',#2776,#2231,#2232);
#1806=AXIS2_PLACEMENT_3D('',#2779,#2234,#2235);
#1807=AXIS2_PLACEMENT_3D('',#2781,#2236,#2237);
#1808=AXIS2_PLACEMENT_3D('',#2785,#2239,#2240);
#1809=AXIS2_PLACEMENT_3D('',#2787,#2241,#2242);
#1810=AXIS2_PLACEMENT_3D('',#2790,#2244,#2245);
#1811=AXIS2_PLACEMENT_3D('',#2794,#2247,#2248);
#1812=AXIS2_PLACEMENT_3D('',#2796,#2249,#2250);
#1813=AXIS2_PLACEMENT_3D('',#2799,#2252,#2253);
#1814=AXIS2_PLACEMENT_3D('',#2803,#2255,#2256);
#1815=AXIS2_PLACEMENT_3D('',#2805,#2257,#2258);
#1816=AXIS2_PLACEMENT_3D('',#2808,#2260,#2261);
#1817=AXIS2_PLACEMENT_3D('',#2812,#2263,#2264);
#1818=AXIS2_PLACEMENT_3D('',#2814,#2265,#2266);
#1819=AXIS2_PLACEMENT_3D('',#2817,#2268,#2269);
#1820=AXIS2_PLACEMENT_3D('',#2821,#2271,#2272);
#1821=AXIS2_PLACEMENT_3D('',#2823,#2273,#2274);
#1822=AXIS2_PLACEMENT_3D('',#2825,#2276,#2277);
#1823=AXIS2_PLACEMENT_3D('',#2826,#2278,#2279);
#1824=AXIS2_PLACEMENT_3D('',#2829,#2282,#2283);
#1825=AXIS2_PLACEMENT_3D('',#2831,#2285,#2286);
#1826=AXIS2_PLACEMENT_3D('',#2833,#2288,#2289);
#1827=AXIS2_PLACEMENT_3D('',#2834,#2290,#2291);
#1828=AXIS2_PLACEMENT_3D('',#2835,#2292,#2293);
#1829=AXIS2_PLACEMENT_3D('',#2838,#2296,#2297);
#1830=AXIS2_PLACEMENT_3D('',#2840,#2299,#2300);
#1831=AXIS2_PLACEMENT_3D('',#2842,#2302,#2303);
#1832=AXIS2_PLACEMENT_3D('',#2843,#2304,#2305);
#1833=AXIS2_PLACEMENT_3D('',#2844,#2306,#2307);
#1834=AXIS2_PLACEMENT_3D('',#2847,#2310,#2311);
#1835=AXIS2_PLACEMENT_3D('',#2849,#2313,#2314);
#1836=AXIS2_PLACEMENT_3D('',#2851,#2316,#2317);
#1837=AXIS2_PLACEMENT_3D('',#2852,#2318,#2319);
#1838=AXIS2_PLACEMENT_3D('',#2853,#2320,#2321);
#1839=AXIS2_PLACEMENT_3D('',#2856,#2324,#2325);
#1840=AXIS2_PLACEMENT_3D('',#2858,#2327,#2328);
#1841=AXIS2_PLACEMENT_3D('',#2860,#2330,#2331);
#1842=AXIS2_PLACEMENT_3D('',#2861,#2332,#2333);
#1843=AXIS2_PLACEMENT_3D('',#2862,#2334,#2335);
#1844=AXIS2_PLACEMENT_3D('',#2865,#2338,#2339);
#1845=AXIS2_PLACEMENT_3D('',#2867,#2341,#2342);
#1846=AXIS2_PLACEMENT_3D('',#2869,#2344,#2345);
#1847=AXIS2_PLACEMENT_3D('',#2870,#2346,#2347);
#1848=AXIS2_PLACEMENT_3D('',#2871,#2348,#2349);
#1849=AXIS2_PLACEMENT_3D('',#2874,#2352,#2353);
#1850=AXIS2_PLACEMENT_3D('',#2876,#2355,#2356);
#1851=AXIS2_PLACEMENT_3D('',#2878,#2358,#2359);
#1852=AXIS2_PLACEMENT_3D('',#2879,#2360,#2361);
#1853=AXIS2_PLACEMENT_3D('',#2880,#2362,#2363);
#1854=AXIS2_PLACEMENT_3D('',#2882,#2365,#2366);
#1855=AXIS2_PLACEMENT_3D('',#2884,#2368,#2369);
#1856=AXIS2_PLACEMENT_3D('',#2886,#2371,#2372);
#1857=AXIS2_PLACEMENT_3D('',#2888,#2374,#2375);
#1858=DIRECTION('axis',(0.,0.,1.));
#1859=DIRECTION('refdir',(1.,0.,0.));
#1860=DIRECTION('center_axis',(0.,1.,0.));
#1861=DIRECTION('ref_axis',(0.,0.,1.));
#1862=DIRECTION('center_axis',(0.,0.,-1.));
#1863=DIRECTION('ref_axis',(0.,1.,0.));
#1864=DIRECTION('center_axis',(0.,-1.,0.));
#1865=DIRECTION('ref_axis',(-0.707106781186547,0.,-0.707106781186547));
#1866=DIRECTION('center_axis',(0.,1.,0.));
#1867=DIRECTION('ref_axis',(-0.707106781186547,0.,-0.707106781186547));
#1868=DIRECTION('center_axis',(0.,0.,-1.));
#1869=DIRECTION('ref_axis',(0.707106781186547,0.707106781186548,0.));
#1870=DIRECTION('center_axis',(0.,0.,-1.));
#1871=DIRECTION('ref_axis',(0.,1.,0.));
#1872=DIRECTION('',(0.,0.,-1.));
#1873=DIRECTION('',(0.,0.,1.));
#1874=DIRECTION('center_axis',(0.,-1.,0.));
#1875=DIRECTION('ref_axis',(0.,0.,-1.));
#1876=DIRECTION('center_axis',(-1.,0.,0.));
#1877=DIRECTION('ref_axis',(0.,1.,0.));
#1878=DIRECTION('center_axis',(0.,-1.,0.));
#1879=DIRECTION('ref_axis',(-0.707106781186547,0.,0.707106781186548));
#1880=DIRECTION('center_axis',(0.,1.,0.));
#1881=DIRECTION('ref_axis',(-0.707106781186547,0.,0.707106781186548));
#1882=DIRECTION('center_axis',(-1.,0.,0.));
#1883=DIRECTION('ref_axis',(0.,0.707106781186548,-0.707106781186547));
#1884=DIRECTION('center_axis',(-1.,0.,0.));
#1885=DIRECTION('ref_axis',(0.,1.,0.));
#1886=DIRECTION('',(-1.,0.,0.));
#1887=DIRECTION('',(1.,0.,0.));
#1888=DIRECTION('center_axis',(0.,-1.,0.));
#1889=DIRECTION('ref_axis',(0.,0.,-1.));
#1890=DIRECTION('center_axis',(0.,0.,1.));
#1891=DIRECTION('ref_axis',(0.,1.,0.));
#1892=DIRECTION('center_axis',(0.,-1.,0.));
#1893=DIRECTION('ref_axis',(0.707106781186548,0.,0.707106781186548));
#1894=DIRECTION('center_axis',(0.,1.,0.));
#1895=DIRECTION('ref_axis',(0.707106781186548,0.,0.707106781186548));
#1896=DIRECTION('center_axis',(0.,0.,1.));
#1897=DIRECTION('ref_axis',(-0.707106781186547,0.707106781186548,0.));
#1898=DIRECTION('center_axis',(0.,0.,1.));
#1899=DIRECTION('ref_axis',(0.,1.,0.));
#1900=DIRECTION('',(0.,0.,1.));
#1901=DIRECTION('',(0.,0.,-1.));
#1902=DIRECTION('center_axis',(0.,1.,0.));
#1903=DIRECTION('ref_axis',(0.,0.,1.));
#1904=DIRECTION('center_axis',(0.,-1.,0.));
#1905=DIRECTION('ref_axis',(0.707106781186546,0.,-0.707106781186549));
#1906=DIRECTION('center_axis',(0.,1.,0.));
#1907=DIRECTION('ref_axis',(0.707106781186546,0.,-0.707106781186549));
#1908=DIRECTION('center_axis',(0.,1.,0.));
#1909=DIRECTION('ref_axis',(1.,0.,0.));
#1910=DIRECTION('',(1.,0.,0.));
#1911=DIRECTION('',(0.,0.,1.));
#1912=DIRECTION('center_axis',(0.,1.,0.));
#1913=DIRECTION('ref_axis',(-1.,0.,0.));
#1914=DIRECTION('',(1.,0.,0.));
#1915=DIRECTION('center_axis',(0.,1.,0.));
#1916=DIRECTION('ref_axis',(-2.96059473233375E-16,0.,1.));
#1917=DIRECTION('',(0.,0.,-1.));
#1918=DIRECTION('',(-1.,0.,0.));
#1919=DIRECTION('',(0.,0.,-1.));
#1920=DIRECTION('',(1.,0.,0.));
#1921=DIRECTION('center_axis',(0.,1.,0.));
#1922=DIRECTION('ref_axis',(0.707106781186547,0.,-0.707106781186547));
#1923=DIRECTION('',(0.,-1.,0.));
#1924=DIRECTION('center_axis',(0.,-0.707106781186547,0.707106781186548));
#1925=DIRECTION('ref_axis',(0.,-0.707106781186548,-0.707106781186547));
#1926=DIRECTION('',(0.,1.,0.));
#1927=DIRECTION('center_axis',(0.,-1.,0.));
#1928=DIRECTION('ref_axis',(-0.707106781186546,0.,-0.707106781186549));
#1929=DIRECTION('',(0.,-1.,0.));
#1930=DIRECTION('center_axis',(-1.39563774105225E-15,-0.707106781186548,
0.707106781186547));
#1931=DIRECTION('ref_axis',(-1.39563774105225E-15,0.707106781186547,0.707106781186548));
#1932=DIRECTION('',(0.,1.,0.));
#1933=DIRECTION('center_axis',(0.,0.,1.));
#1934=DIRECTION('ref_axis',(-0.707106781186547,-0.707106781186548,0.));
#1935=DIRECTION('',(0.,0.,1.));
#1936=DIRECTION('center_axis',(0.,0.,1.));
#1937=DIRECTION('ref_axis',(-1.,0.,0.));
#1938=DIRECTION('',(0.,0.,-1.));
#1939=DIRECTION('center_axis',(0.,1.,0.));
#1940=DIRECTION('ref_axis',(0.,0.,1.));
#1941=DIRECTION('center_axis',(1.,0.,0.));
#1942=DIRECTION('ref_axis',(0.,0.,1.));
#1943=DIRECTION('center_axis',(0.,-1.,0.));
#1944=DIRECTION('ref_axis',(-0.707106781186548,0.,0.707106781186548));
#1945=DIRECTION('center_axis',(0.,1.,0.));
#1946=DIRECTION('ref_axis',(-0.707106781186547,0.,0.707106781186548));
#1947=DIRECTION('center_axis',(1.,0.,0.));
#1948=DIRECTION('ref_axis',(0.,-0.707106781186546,0.707106781186548));
#1949=DIRECTION('center_axis',(1.,0.,0.));
#1950=DIRECTION('ref_axis',(0.,0.,1.));
#1951=DIRECTION('',(-1.,0.,0.));
#1952=DIRECTION('',(1.,0.,0.));
#1953=DIRECTION('center_axis',(0.,1.,0.));
#1954=DIRECTION('ref_axis',(0.,0.,1.));
#1955=DIRECTION('center_axis',(0.,0.,-1.));
#1956=DIRECTION('ref_axis',(1.,0.,0.));
#1957=DIRECTION('center_axis',(0.,-1.,0.));
#1958=DIRECTION('ref_axis',(0.707106781186548,0.,0.707106781186548));
#1959=DIRECTION('center_axis',(0.,1.,0.));
#1960=DIRECTION('ref_axis',(0.707106781186548,0.,0.707106781186548));
#1961=DIRECTION('center_axis',(0.,0.,-1.));
#1962=DIRECTION('ref_axis',(0.707106781186547,-0.707106781186548,0.));
#1963=DIRECTION('',(0.,0.,1.));
#1964=DIRECTION('',(0.,0.,-1.));
#1965=DIRECTION('center_axis',(-1.,0.,0.));
#1966=DIRECTION('ref_axis',(0.,0.,1.));
#1967=DIRECTION('',(0.,1.,0.));
#1968=DIRECTION('center_axis',(0.,1.,0.));
#1969=DIRECTION('ref_axis',(-4.44089209850063E-16,0.,1.));
#1970=DIRECTION('',(0.,1.,0.));
#1971=DIRECTION('center_axis',(0.,0.,-1.));
#1972=DIRECTION('ref_axis',(-1.,0.,0.));
#1973=DIRECTION('',(0.,1.,0.));
#1974=DIRECTION('center_axis',(0.,1.,0.));
#1975=DIRECTION('ref_axis',(-1.,0.,0.));
#1976=DIRECTION('',(0.,1.,0.));
#1977=DIRECTION('center_axis',(1.,0.,0.));
#1978=DIRECTION('ref_axis',(0.,0.,-1.));
#1979=DIRECTION('center_axis',(0.,1.,0.));
#1980=DIRECTION('ref_axis',(1.,0.,0.));
#1981=DIRECTION('',(0.,0.,1.));
#1982=DIRECTION('',(-1.,0.,0.));
#1983=DIRECTION('',(0.,0.,-1.));
#1984=DIRECTION('',(1.,0.,0.));
#1985=DIRECTION('center_axis',(0.,1.,0.));
#1986=DIRECTION('ref_axis',(1.,0.,0.));
#1987=DIRECTION('',(0.,0.,1.));
#1988=DIRECTION('',(-1.,0.,0.));
#1989=DIRECTION('',(0.,0.,-1.));
#1990=DIRECTION('',(1.,0.,0.));
#1991=DIRECTION('center_axis',(0.,1.,0.));
#1992=DIRECTION('ref_axis',(1.,0.,0.));
#1993=DIRECTION('',(0.,0.,1.));
#1994=DIRECTION('',(-1.,0.,0.));
#1995=DIRECTION('',(0.,0.,-1.));
#1996=DIRECTION('',(1.,0.,0.));
#1997=DIRECTION('center_axis',(0.,1.,0.));
#1998=DIRECTION('ref_axis',(1.,0.,0.));
#1999=DIRECTION('',(0.,0.,1.));
#2000=DIRECTION('',(-1.,0.,0.));
#2001=DIRECTION('',(0.,0.,-1.));
#2002=DIRECTION('',(1.,0.,0.));
#2003=DIRECTION('center_axis',(0.,1.,0.));
#2004=DIRECTION('ref_axis',(1.,0.,0.));
#2005=DIRECTION('',(0.,0.,-1.));
#2006=DIRECTION('',(1.,0.,0.));
#2007=DIRECTION('',(0.,0.,1.));
#2008=DIRECTION('',(-1.,0.,0.));
#2009=DIRECTION('center_axis',(0.,1.,0.));
#2010=DIRECTION('ref_axis',(1.,0.,0.));
#2011=DIRECTION('',(0.,0.,1.));
#2012=DIRECTION('',(-1.,0.,0.));
#2013=DIRECTION('',(0.,0.,-1.));
#2014=DIRECTION('',(1.,0.,0.));
#2015=DIRECTION('center_axis',(0.,1.,0.));
#2016=DIRECTION('ref_axis',(1.,0.,0.));
#2017=DIRECTION('',(0.,0.,-1.));
#2018=DIRECTION('',(1.,0.,0.));
#2019=DIRECTION('',(0.,0.,1.));
#2020=DIRECTION('',(-1.,0.,0.));
#2021=DIRECTION('center_axis',(0.,1.,0.));
#2022=DIRECTION('ref_axis',(1.,0.,0.));
#2023=DIRECTION('',(0.,0.,1.));
#2024=DIRECTION('',(-1.,0.,0.));
#2025=DIRECTION('',(0.,0.,-1.));
#2026=DIRECTION('',(1.,0.,0.));
#2027=DIRECTION('center_axis',(0.,0.,1.));
#2028=DIRECTION('ref_axis',(1.,0.,0.));
#2029=DIRECTION('',(-1.,0.,0.));
#2030=DIRECTION('',(0.,1.,0.));
#2031=DIRECTION('',(0.,1.,0.));
#2032=DIRECTION('center_axis',(0.,1.,0.));
#2033=DIRECTION('ref_axis',(-1.,0.,0.));
#2034=DIRECTION('center_axis',(0.,1.,0.));
#2035=DIRECTION('ref_axis',(-1.,0.,0.));
#2036=DIRECTION('',(0.,1.,0.));
#2037=DIRECTION('center_axis',(1.,0.,0.));
#2038=DIRECTION('ref_axis',(0.,0.,-1.));
#2039=DIRECTION('',(0.,0.,1.));
#2040=DIRECTION('',(0.,1.,0.));
#2041=DIRECTION('',(0.,1.,0.));
#2042=DIRECTION('center_axis',(0.,1.,0.));
#2043=DIRECTION('ref_axis',(-2.96059473233375E-16,0.,1.));
#2044=DIRECTION('center_axis',(0.,1.,0.));
#2045=DIRECTION('ref_axis',(-2.96059473233375E-16,0.,1.));
#2046=DIRECTION('center_axis',(0.,0.,1.));
#2047=DIRECTION('ref_axis',(-0.766178180087189,-0.642628194493739,0.));
#2048=DIRECTION('center_axis',(0.,0.,1.));
#2049=DIRECTION('ref_axis',(-0.766178180087189,-0.642628194493739,0.));
#2050=DIRECTION('',(0.,0.,-1.));
#2051=DIRECTION('center_axis',(0.,0.,-1.));
#2052=DIRECTION('ref_axis',(-0.766178180087189,-0.642628194493739,0.));
#2053=DIRECTION('center_axis',(0.,0.,1.));
#2054=DIRECTION('ref_axis',(-0.766178180087189,-0.642628194493739,0.));
#2055=DIRECTION('center_axis',(0.,0.,-1.));
#2056=DIRECTION('ref_axis',(-0.766178180087189,-0.642628194493739,0.));
#2057=DIRECTION('',(0.,0.,-1.));
#2058=DIRECTION('center_axis',(0.,0.,1.));
#2059=DIRECTION('ref_axis',(-0.766178180087189,-0.642628194493739,0.));
#2060=DIRECTION('center_axis',(0.,0.,1.));
#2061=DIRECTION('ref_axis',(-0.766178180087189,-0.642628194493739,0.));
#2062=DIRECTION('center_axis',(0.,0.,1.));
#2063=DIRECTION('ref_axis',(-0.766178180087189,-0.642628194493739,0.));
#2064=DIRECTION('',(0.,0.,-1.));
#2065=DIRECTION('center_axis',(0.,0.,-1.));
#2066=DIRECTION('ref_axis',(-0.766178180087189,-0.642628194493739,0.));
#2067=DIRECTION('center_axis',(0.,0.,1.));
#2068=DIRECTION('ref_axis',(-0.766178180087189,-0.642628194493739,0.));
#2069=DIRECTION('center_axis',(0.,0.,1.));
#2070=DIRECTION('ref_axis',(-0.766178180087189,-0.642628194493739,0.));
#2071=DIRECTION('',(0.,0.,-1.));
#2072=DIRECTION('center_axis',(0.,0.,-1.));
#2073=DIRECTION('ref_axis',(-0.766178180087189,-0.642628194493739,0.));
#2074=DIRECTION('center_axis',(0.,0.,1.));
#2075=DIRECTION('ref_axis',(-0.766178180087189,-0.642628194493739,0.));
#2076=DIRECTION('center_axis',(0.,0.,-1.));
#2077=DIRECTION('ref_axis',(-0.766178180087189,-0.642628194493739,0.));
#2078=DIRECTION('',(0.,0.,1.));
#2079=DIRECTION('center_axis',(0.,0.,1.));
#2080=DIRECTION('ref_axis',(-0.766178180087189,-0.642628194493739,0.));
#2081=DIRECTION('center_axis',(0.,0.,1.));
#2082=DIRECTION('ref_axis',(-0.766178180087189,-0.642628194493739,0.));
#2083=DIRECTION('center_axis',(0.,0.,1.));
#2084=DIRECTION('ref_axis',(-0.766178180087189,-0.642628194493739,0.));
#2085=DIRECTION('',(0.,0.,-1.));
#2086=DIRECTION('center_axis',(0.,0.,-1.));
#2087=DIRECTION('ref_axis',(-0.766178180087189,-0.642628194493739,0.));
#2088=DIRECTION('center_axis',(0.,0.,1.));
#2089=DIRECTION('ref_axis',(-0.766178180087189,-0.642628194493739,0.));
#2090=DIRECTION('center_axis',(0.,0.,1.));
#2091=DIRECTION('ref_axis',(-0.766178180087189,-0.642628194493739,0.));
#2092=DIRECTION('',(0.,0.,-1.));
#2093=DIRECTION('center_axis',(0.,0.,-1.));
#2094=DIRECTION('ref_axis',(-0.766178180087189,-0.642628194493739,0.));
#2095=DIRECTION('center_axis',(1.,-3.56404763001503E-16,0.));
#2096=DIRECTION('ref_axis',(3.56404763001503E-16,1.,0.));
#2097=DIRECTION('',(-3.56404763001503E-16,-1.,0.));
#2098=DIRECTION('',(0.,0.,1.));
#2099=DIRECTION('',(3.56404763001503E-16,1.,0.));
#2100=DIRECTION('center_axis',(0.,0.,1.));
#2101=DIRECTION('ref_axis',(-0.766178180087189,-0.642628194493739,0.));
#2102=DIRECTION('center_axis',(0.,0.,1.));
#2103=DIRECTION('ref_axis',(-0.766178180087189,-0.642628194493739,0.));
#2104=DIRECTION('',(0.,0.,-1.));
#2105=DIRECTION('center_axis',(0.,0.,-1.));
#2106=DIRECTION('ref_axis',(-0.766178180087189,-0.642628194493739,0.));
#2107=DIRECTION('center_axis',(0.,0.,1.));
#2108=DIRECTION('ref_axis',(1.,0.,0.));
#2109=DIRECTION('center_axis',(0.,0.,1.));
#2110=DIRECTION('ref_axis',(0.99064863499491,-0.136437831933527,0.));
#2111=DIRECTION('',(0.,-1.,0.));
#2112=DIRECTION('center_axis',(0.,0.,-1.));
#2113=DIRECTION('ref_axis',(0.759631575342649,-0.650353649749462,0.));
#2114=DIRECTION('',(3.56404763001503E-16,1.,0.));
#2115=DIRECTION('center_axis',(0.,0.,1.));
#2116=DIRECTION('ref_axis',(0.99064863499491,-0.136437831933527,0.));
#2117=DIRECTION('center_axis',(0.,0.,1.));
#2118=DIRECTION('ref_axis',(0.999999640164929,0.000848333667575841,0.));
#2119=DIRECTION('',(0.,-1.,0.));
#2120=DIRECTION('',(3.56404763001503E-16,1.,0.));
#2121=DIRECTION('center_axis',(0.,0.,1.));
#2122=DIRECTION('ref_axis',(0.99064863499491,-0.136437831933527,0.));
#2123=DIRECTION('center_axis',(0.,0.,1.));
#2124=DIRECTION('ref_axis',(0.999999640164929,0.000848333667575841,0.));
#2125=DIRECTION('',(0.,-1.,0.));
#2126=DIRECTION('center_axis',(0.,0.,-1.));
#2127=DIRECTION('ref_axis',(-0.766178180087189,-0.642628194493739,0.));
#2128=DIRECTION('',(3.56404763001503E-16,1.,0.));
#2129=DIRECTION('center_axis',(0.,0.,1.));
#2130=DIRECTION('ref_axis',(0.99064863499491,-0.136437831933527,0.));
#2131=DIRECTION('center_axis',(0.,0.,1.));
#2132=DIRECTION('ref_axis',(0.999999640164929,0.000848333667575841,0.));
#2133=DIRECTION('',(0.,-1.,0.));
#2134=DIRECTION('center_axis',(0.,0.,-1.));
#2135=DIRECTION('ref_axis',(-0.766178180087189,-0.642628194493739,0.));
#2136=DIRECTION('',(3.56404763001503E-16,1.,0.));
#2137=DIRECTION('center_axis',(0.,0.,1.));
#2138=DIRECTION('ref_axis',(0.99064863499491,-0.136437831933527,0.));
#2139=DIRECTION('center_axis',(0.,0.,1.));
#2140=DIRECTION('ref_axis',(0.999999640164929,0.000848333667575841,0.));
#2141=DIRECTION('',(0.,-1.,0.));
#2142=DIRECTION('center_axis',(0.,0.,-1.));
#2143=DIRECTION('ref_axis',(-0.766178180087189,-0.642628194493739,0.));
#2144=DIRECTION('',(3.56404763001503E-16,1.,0.));
#2145=DIRECTION('center_axis',(0.,0.,1.));
#2146=DIRECTION('ref_axis',(0.99064863499491,-0.136437831933527,0.));
#2147=DIRECTION('center_axis',(0.,0.,1.));
#2148=DIRECTION('ref_axis',(0.999999640164929,0.000848333667575841,0.));
#2149=DIRECTION('',(0.,-1.,0.));
#2150=DIRECTION('center_axis',(0.,0.,-1.));
#2151=DIRECTION('ref_axis',(-0.766178180087189,-0.642628194493739,0.));
#2152=DIRECTION('',(3.56404763001503E-16,1.,0.));
#2153=DIRECTION('center_axis',(0.,0.,1.));
#2154=DIRECTION('ref_axis',(0.99064863499491,-0.136437831933527,0.));
#2155=DIRECTION('center_axis',(0.,0.,1.));
#2156=DIRECTION('ref_axis',(0.999999640164929,0.000848333667575841,0.));
#2157=DIRECTION('',(0.,-1.,0.));
#2158=DIRECTION('center_axis',(0.,0.,-1.));
#2159=DIRECTION('ref_axis',(-0.766178180087189,-0.642628194493739,0.));
#2160=DIRECTION('center_axis',(0.,0.,-1.));
#2161=DIRECTION('ref_axis',(-0.766178180087189,-0.642628194493739,0.));
#2162=DIRECTION('',(3.56404763001503E-16,1.,0.));
#2163=DIRECTION('center_axis',(0.,0.,1.));
#2164=DIRECTION('ref_axis',(0.99064863499491,-0.136437831933527,0.));
#2165=DIRECTION('center_axis',(0.,0.,1.));
#2166=DIRECTION('ref_axis',(0.999999640164929,0.000848333667575841,0.));
#2167=DIRECTION('',(0.,-1.,0.));
#2168=DIRECTION('center_axis',(0.,0.,-1.));
#2169=DIRECTION('ref_axis',(-0.766178180087189,-0.642628194493739,0.));
#2170=DIRECTION('center_axis',(0.,0.,-1.));
#2171=DIRECTION('ref_axis',(-0.766178180087189,-0.642628194493739,0.));
#2172=DIRECTION('center_axis',(0.,0.,-1.));
#2173=DIRECTION('ref_axis',(-0.999999640164929,-0.000848333667574732,0.));
#2174=DIRECTION('',(-0.000848333667574874,0.999999640164929,0.));
#2175=DIRECTION('center_axis',(0.,0.,1.));
#2176=DIRECTION('ref_axis',(0.999999640164929,0.000848333667575841,0.));
#2177=DIRECTION('',(0.,-1.,0.));
#2178=DIRECTION('',(1.,0.,0.));
#2179=DIRECTION('center_axis',(0.,0.,1.));
#2180=DIRECTION('ref_axis',(-0.766178180087189,-0.642628194493739,0.));
#2181=DIRECTION('center_axis',(0.,0.,1.));
#2182=DIRECTION('ref_axis',(-0.766178180087189,-0.642628194493739,0.));
#2183=DIRECTION('',(0.,0.,-1.));
#2184=DIRECTION('center_axis',(0.,0.,1.));
#2185=DIRECTION('ref_axis',(-0.766178180087189,-0.642628194493739,0.));
#2186=DIRECTION('center_axis',(0.,0.,1.));
#2187=DIRECTION('ref_axis',(-0.766178180087189,-0.642628194493739,0.));
#2188=DIRECTION('',(0.,0.,1.));
#2189=DIRECTION('center_axis',(0.,1.,0.));
#2190=DIRECTION('ref_axis',(1.,0.,0.));
#2191=DIRECTION('center_axis',(-1.,0.,0.));
#2192=DIRECTION('ref_axis',(0.,-1.,0.));
#2193=DIRECTION('',(0.,0.,1.));
#2194=DIRECTION('',(0.,1.,0.));
#2195=DIRECTION('center_axis',(0.,0.,1.));
#2196=DIRECTION('ref_axis',(0.999999640164929,0.000848333667575841,0.));
#2197=DIRECTION('',(0.,0.,1.));
#2198=DIRECTION('center_axis',(0.,0.,1.));
#2199=DIRECTION('ref_axis',(0.999999640164929,0.000848333667575841,0.));
#2200=DIRECTION('center_axis',(0.,0.,1.));
#2201=DIRECTION('ref_axis',(0.759631575342649,-0.650353649749462,0.));
#2202=DIRECTION('center_axis',(0.,0.,1.));
#2203=DIRECTION('ref_axis',(0.759631575342649,-0.650353649749462,0.));
#2204=DIRECTION('',(0.,0.,1.));
#2205=DIRECTION('center_axis',(-1.,0.,0.));
#2206=DIRECTION('ref_axis',(0.,-1.,0.));
#2207=DIRECTION('',(0.,-1.,0.));
#2208=DIRECTION('',(0.,0.,1.));
#2209=DIRECTION('center_axis',(0.,0.,1.));
#2210=DIRECTION('ref_axis',(0.0340370429505369,0.99942057198518,0.));
#2211=DIRECTION('center_axis',(0.,0.,1.));
#2212=DIRECTION('ref_axis',(0.99064863499491,-0.136437831933527,0.));
#2213=DIRECTION('center_axis',(0.,0.,1.));
#2214=DIRECTION('ref_axis',(0.99064863499491,-0.136437831933527,0.));
#2215=DIRECTION('',(0.,0.,1.));
#2216=DIRECTION('center_axis',(0.,0.,1.));
#2217=DIRECTION('ref_axis',(0.99064863499491,-0.136437831933527,0.));
#2218=DIRECTION('center_axis',(0.,0.,1.));
#2219=DIRECTION('ref_axis',(1.,0.,0.));
#2220=DIRECTION('center_axis',(0.,0.,1.));
#2221=DIRECTION('ref_axis',(-0.766178180087189,-0.642628194493739,0.));
#2222=DIRECTION('',(0.,1.,0.));
#2223=DIRECTION('center_axis',(0.,0.,1.));
#2224=DIRECTION('ref_axis',(0.999999640164929,0.000848333667575841,0.));
#2225=DIRECTION('center_axis',(0.,0.,1.));
#2226=DIRECTION('ref_axis',(0.99064863499491,-0.136437831933527,0.));
#2227=DIRECTION('',(-3.56404763001503E-16,-1.,0.));
#2228=DIRECTION('',(-3.56404763001503E-16,-1.,0.));
#2229=DIRECTION('',(-1.,2.22044604925031E-16,0.));
#2230=DIRECTION('',(0.,1.,0.));
#2231=DIRECTION('center_axis',(0.,0.,1.));
#2232=DIRECTION('ref_axis',(0.999999640164929,0.000848333667575841,0.));
#2233=DIRECTION('',(0.000848333667574874,-0.999999640164929,0.));
#2234=DIRECTION('center_axis',(0.,0.,1.));
#2235=DIRECTION('ref_axis',(-0.999999640164929,-0.000848333667574732,0.));
#2236=DIRECTION('center_axis',(0.,0.,1.));
#2237=DIRECTION('ref_axis',(-0.766178180087189,-0.642628194493739,0.));
#2238=DIRECTION('',(0.,1.,0.));
#2239=DIRECTION('center_axis',(0.,0.,1.));
#2240=DIRECTION('ref_axis',(0.999999640164929,0.000848333667575841,0.));
#2241=DIRECTION('center_axis',(0.,0.,1.));
#2242=DIRECTION('ref_axis',(0.99064863499491,-0.136437831933527,0.));
#2243=DIRECTION('',(-3.56404763001503E-16,-1.,0.));
#2244=DIRECTION('center_axis',(0.,0.,1.));
#2245=DIRECTION('ref_axis',(-0.766178180087189,-0.642628194493739,0.));
#2246=DIRECTION('',(0.,1.,0.));
#2247=DIRECTION('center_axis',(0.,0.,1.));
#2248=DIRECTION('ref_axis',(0.999999640164929,0.000848333667575841,0.));
#2249=DIRECTION('center_axis',(0.,0.,1.));
#2250=DIRECTION('ref_axis',(0.99064863499491,-0.136437831933527,0.));
#2251=DIRECTION('',(-3.56404763001503E-16,-1.,0.));
#2252=DIRECTION('center_axis',(0.,0.,1.));
#2253=DIRECTION('ref_axis',(-0.766178180087189,-0.642628194493739,0.));
#2254=DIRECTION('',(0.,1.,0.));
#2255=DIRECTION('center_axis',(0.,0.,1.));
#2256=DIRECTION('ref_axis',(0.999999640164929,0.000848333667575841,0.));
#2257=DIRECTION('center_axis',(0.,0.,1.));
#2258=DIRECTION('ref_axis',(0.99064863499491,-0.136437831933527,0.));
#2259=DIRECTION('',(-3.56404763001503E-16,-1.,0.));
#2260=DIRECTION('center_axis',(0.,0.,1.));
#2261=DIRECTION('ref_axis',(-0.766178180087189,-0.642628194493739,0.));
#2262=DIRECTION('',(0.,1.,0.));
#2263=DIRECTION('center_axis',(0.,0.,1.));
#2264=DIRECTION('ref_axis',(0.999999640164929,0.000848333667575841,0.));
#2265=DIRECTION('center_axis',(0.,0.,1.));
#2266=DIRECTION('ref_axis',(0.99064863499491,-0.136437831933527,0.));
#2267=DIRECTION('',(-3.56404763001503E-16,-1.,0.));
#2268=DIRECTION('center_axis',(0.,0.,1.));
#2269=DIRECTION('ref_axis',(-0.766178180087189,-0.642628194493739,0.));
#2270=DIRECTION('',(0.,1.,0.));
#2271=DIRECTION('center_axis',(0.,0.,1.));
#2272=DIRECTION('ref_axis',(0.999999640164929,0.000848333667575841,0.));
#2273=DIRECTION('center_axis',(0.,0.,1.));
#2274=DIRECTION('ref_axis',(0.99064863499491,-0.136437831933527,0.));
#2275=DIRECTION('',(-3.56404763001503E-16,-1.,0.));
#2276=DIRECTION('center_axis',(1.,-3.56404763001503E-16,0.));
#2277=DIRECTION('ref_axis',(3.56404763001503E-16,1.,0.));
#2278=DIRECTION('center_axis',(-1.,0.,0.));
#2279=DIRECTION('ref_axis',(0.,-1.,0.));
#2280=DIRECTION('',(0.,0.,-1.));
#2281=DIRECTION('',(0.,0.,1.));
#2282=DIRECTION('center_axis',(0.,0.,1.));
#2283=DIRECTION('ref_axis',(0.999999640164929,0.000848333667575841,0.));
#2284=DIRECTION('',(0.,0.,1.));
#2285=DIRECTION('center_axis',(0.,0.,1.));
#2286=DIRECTION('ref_axis',(0.99064863499491,-0.136437831933527,0.));
#2287=DIRECTION('',(0.,0.,1.));
#2288=DIRECTION('center_axis',(0.,0.,1.));
#2289=DIRECTION('ref_axis',(-0.766178180087189,-0.642628194493739,0.));
#2290=DIRECTION('center_axis',(1.,-3.56404763001503E-16,0.));
#2291=DIRECTION('ref_axis',(3.56404763001503E-16,1.,0.));
#2292=DIRECTION('center_axis',(-1.,0.,0.));
#2293=DIRECTION('ref_axis',(0.,-1.,0.));
#2294=DIRECTION('',(0.,0.,-1.));
#2295=DIRECTION('',(0.,0.,1.));
#2296=DIRECTION('center_axis',(0.,0.,1.));
#2297=DIRECTION('ref_axis',(0.999999640164929,0.000848333667575841,0.));
#2298=DIRECTION('',(0.,0.,1.));
#2299=DIRECTION('center_axis',(0.,0.,1.));
#2300=DIRECTION('ref_axis',(0.99064863499491,-0.136437831933527,0.));
#2301=DIRECTION('',(0.,0.,1.));
#2302=DIRECTION('center_axis',(0.,0.,1.));
#2303=DIRECTION('ref_axis',(-0.766178180087189,-0.642628194493739,0.));
#2304=DIRECTION('center_axis',(1.,-3.56404763001503E-16,0.));
#2305=DIRECTION('ref_axis',(3.56404763001503E-16,1.,0.));
#2306=DIRECTION('center_axis',(-1.,0.,0.));
#2307=DIRECTION('ref_axis',(0.,-1.,0.));
#2308=DIRECTION('',(0.,0.,-1.));
#2309=DIRECTION('',(0.,0.,1.));
#2310=DIRECTION('center_axis',(0.,0.,1.));
#2311=DIRECTION('ref_axis',(0.999999640164929,0.000848333667575841,0.));
#2312=DIRECTION('',(0.,0.,1.));
#2313=DIRECTION('center_axis',(0.,0.,1.));
#2314=DIRECTION('ref_axis',(0.99064863499491,-0.136437831933527,0.));
#2315=DIRECTION('',(0.,0.,1.));
#2316=DIRECTION('center_axis',(0.,0.,1.));
#2317=DIRECTION('ref_axis',(-0.766178180087189,-0.642628194493739,0.));
#2318=DIRECTION('center_axis',(1.,-3.56404763001503E-16,0.));
#2319=DIRECTION('ref_axis',(3.56404763001503E-16,1.,0.));
#2320=DIRECTION('center_axis',(-1.,0.,0.));
#2321=DIRECTION('ref_axis',(0.,-1.,0.));
#2322=DIRECTION('',(0.,0.,-1.));
#2323=DIRECTION('',(0.,0.,1.));
#2324=DIRECTION('center_axis',(0.,0.,1.));
#2325=DIRECTION('ref_axis',(0.999999640164929,0.000848333667575841,0.));
#2326=DIRECTION('',(0.,0.,1.));
#2327=DIRECTION('center_axis',(0.,0.,1.));
#2328=DIRECTION('ref_axis',(0.99064863499491,-0.136437831933527,0.));
#2329=DIRECTION('',(0.,0.,1.));
#2330=DIRECTION('center_axis',(0.,0.,1.));
#2331=DIRECTION('ref_axis',(-0.766178180087189,-0.642628194493739,0.));
#2332=DIRECTION('center_axis',(1.,-3.56404763001503E-16,0.));
#2333=DIRECTION('ref_axis',(3.56404763001503E-16,1.,0.));
#2334=DIRECTION('center_axis',(-1.,0.,0.));
#2335=DIRECTION('ref_axis',(0.,-1.,0.));
#2336=DIRECTION('',(0.,0.,-1.));
#2337=DIRECTION('',(0.,0.,1.));
#2338=DIRECTION('center_axis',(0.,0.,1.));
#2339=DIRECTION('ref_axis',(0.999999640164929,0.000848333667575841,0.));
#2340=DIRECTION('',(0.,0.,1.));
#2341=DIRECTION('center_axis',(0.,0.,1.));
#2342=DIRECTION('ref_axis',(0.99064863499491,-0.136437831933527,0.));
#2343=DIRECTION('',(0.,0.,1.));
#2344=DIRECTION('center_axis',(0.,0.,1.));
#2345=DIRECTION('ref_axis',(-0.766178180087189,-0.642628194493739,0.));
#2346=DIRECTION('center_axis',(1.,-3.56404763001503E-16,0.));
#2347=DIRECTION('ref_axis',(3.56404763001503E-16,1.,0.));
#2348=DIRECTION('center_axis',(-1.,0.,0.));
#2349=DIRECTION('ref_axis',(0.,-1.,0.));
#2350=DIRECTION('',(0.,0.,-1.));
#2351=DIRECTION('',(0.,0.,1.));
#2352=DIRECTION('center_axis',(0.,0.,1.));
#2353=DIRECTION('ref_axis',(0.999999640164929,0.000848333667575841,0.));
#2354=DIRECTION('',(0.,0.,1.));
#2355=DIRECTION('center_axis',(0.,0.,1.));
#2356=DIRECTION('ref_axis',(0.99064863499491,-0.136437831933527,0.));
#2357=DIRECTION('',(0.,0.,1.));
#2358=DIRECTION('center_axis',(0.,0.,1.));
#2359=DIRECTION('ref_axis',(-0.766178180087189,-0.642628194493739,0.));
#2360=DIRECTION('center_axis',(1.,-3.56404763001503E-16,0.));
#2361=DIRECTION('ref_axis',(3.56404763001503E-16,1.,0.));
#2362=DIRECTION('center_axis',(-2.22044604925031E-16,-1.,0.));
#2363=DIRECTION('ref_axis',(1.,-2.22044604925031E-16,0.));
#2364=DIRECTION('',(0.,0.,1.));
#2365=DIRECTION('center_axis',(-1.,0.,0.));
#2366=DIRECTION('ref_axis',(0.,-1.,0.));
#2367=DIRECTION('',(0.,0.,1.));
#2368=DIRECTION('center_axis',(0.,0.,1.));
#2369=DIRECTION('ref_axis',(0.999999640164929,0.000848333667575841,0.));
#2370=DIRECTION('',(0.,0.,1.));
#2371=DIRECTION('center_axis',(0.999999640164929,0.000848333667574874,0.));
#2372=DIRECTION('ref_axis',(-0.000848333667574874,0.999999640164929,0.));
#2373=DIRECTION('',(0.,0.,1.));
#2374=DIRECTION('center_axis',(0.,0.,1.));
#2375=DIRECTION('ref_axis',(-0.999999640164929,-0.000848333667574732,0.));
#2376=CARTESIAN_POINT('',(0.,0.,0.));
#2377=CARTESIAN_POINT('Origin',(-39.285,4.185,-19.7775));
#2378=CARTESIAN_POINT('',(-41.715,5.4,-19.7775));
#2379=CARTESIAN_POINT('',(-40.5,4.185,-19.7775));
#2380=CARTESIAN_POINT('Origin',(-41.715,4.185,-19.7775));
#2381=CARTESIAN_POINT('',(-39.285,4.185,-20.9925));
#2382=CARTESIAN_POINT('Origin',(-39.285,4.185,-19.7775));
#2383=CARTESIAN_POINT('',(-41.3894417311962,5.4,-20.9925));
#2384=CARTESIAN_POINT('Ctrl Pts',(-41.3894417311962,5.4,-20.9925));
#2385=CARTESIAN_POINT('Ctrl Pts',(-41.2346036974068,5.4,-20.9925));
#2386=CARTESIAN_POINT('Ctrl Pts',(-41.0673454965047,5.37636299132036,-20.9925));
#2387=CARTESIAN_POINT('Ctrl Pts',(-40.7441438824969,5.28508392600901,-20.9925));
#2388=CARTESIAN_POINT('Ctrl Pts',(-40.5881028786108,5.21778777334787,-20.9925));
#2389=CARTESIAN_POINT('Ctrl Pts',(-40.2421272540355,5.03157973837041,-20.9925));
#2390=CARTESIAN_POINT('Ctrl Pts',(-40.0320506002983,4.87883939654376,-20.9925));
#2391=CARTESIAN_POINT('Ctrl Pts',(-39.6382920332175,4.53897929963762,-20.9925));
#2392=CARTESIAN_POINT('Ctrl Pts',(-39.4533371699142,4.35333716991418,-20.9925));
#2393=CARTESIAN_POINT('Ctrl Pts',(-39.285,4.185,-20.9925));
#2394=CARTESIAN_POINT('Origin',(-39.285,5.4,-19.7775));
#2395=CARTESIAN_POINT('Origin',(-41.715,4.185,6.0075));
#2396=CARTESIAN_POINT('',(-41.715,5.4,11.4075));
#2397=CARTESIAN_POINT('',(-40.5,4.185,11.4075));
#2398=CARTESIAN_POINT('Origin',(-41.715,4.185,11.4075));
#2399=CARTESIAN_POINT('',(-40.5,4.185,6.0075));
#2400=CARTESIAN_POINT('',(-41.715,5.4,6.0075));
#2401=CARTESIAN_POINT('Origin',(-29.7,4.185,11.4075));
#2402=CARTESIAN_POINT('',(-29.7,5.4,23.4225));
#2403=CARTESIAN_POINT('',(-29.7,4.185,22.2075));
#2404=CARTESIAN_POINT('Origin',(-29.7,4.185,23.4225));
#2405=CARTESIAN_POINT('Origin',(-29.7,4.185,11.4075));
#2406=CARTESIAN_POINT('Origin',(-29.7,5.4,11.4075));
#2407=CARTESIAN_POINT('Origin',(14.85,4.185,23.4225));
#2408=CARTESIAN_POINT('',(29.7,5.4,23.4225));
#2409=CARTESIAN_POINT('',(29.7,4.185,22.2075));
#2410=CARTESIAN_POINT('Origin',(29.7,4.185,23.4225));
#2411=CARTESIAN_POINT('',(14.85,4.185,22.2075));
#2412=CARTESIAN_POINT('',(14.85,5.4,23.4225));
#2413=CARTESIAN_POINT('Origin',(29.7,4.185,11.4075));
#2414=CARTESIAN_POINT('',(41.715,5.4,11.4075));
#2415=CARTESIAN_POINT('',(40.5,4.185,11.4075));
#2416=CARTESIAN_POINT('Origin',(41.715,4.185,11.4075));
#2417=CARTESIAN_POINT('Origin',(29.7,4.185,11.4075));
#2418=CARTESIAN_POINT('Origin',(29.7,5.4,11.4075));
#2419=CARTESIAN_POINT('Origin',(41.715,4.185,-10.1925));
#2420=CARTESIAN_POINT('',(41.715,5.4,-19.7775));
#2421=CARTESIAN_POINT('',(40.5,4.185,-19.7775));
#2422=CARTESIAN_POINT('Origin',(41.715,4.185,-19.7775));
#2423=CARTESIAN_POINT('',(40.5,4.185,-10.1925));
#2424=CARTESIAN_POINT('',(41.715,5.4,-10.1925));
#2425=CARTESIAN_POINT('Origin',(39.285,4.185,-19.7775));
#2426=CARTESIAN_POINT('',(41.3894417311962,5.4,-20.9925));
#2427=CARTESIAN_POINT('',(39.285,4.185,-20.9925));
#2428=CARTESIAN_POINT('Ctrl Pts',(39.285,4.185,-20.9925));
#2429=CARTESIAN_POINT('Ctrl Pts',(39.4533371699142,4.35333716991418,-20.9925));
#2430=CARTESIAN_POINT('Ctrl Pts',(39.6382920332175,4.53897929963761,-20.9925));
#2431=CARTESIAN_POINT('Ctrl Pts',(40.0320506002983,4.87883939654376,-20.9925));
#2432=CARTESIAN_POINT('Ctrl Pts',(40.2421272540355,5.03157973837041,-20.9925));
#2433=CARTESIAN_POINT('Ctrl Pts',(40.5881028786108,5.21778777334787,-20.9925));
#2434=CARTESIAN_POINT('Ctrl Pts',(40.7441438824969,5.28508392600902,-20.9925));
#2435=CARTESIAN_POINT('Ctrl Pts',(41.0673454965047,5.37636299132036,-20.9925));
#2436=CARTESIAN_POINT('Ctrl Pts',(41.2346036974068,5.4,-20.9925));
#2437=CARTESIAN_POINT('Ctrl Pts',(41.3894417311962,5.4,-20.9925));
#2438=CARTESIAN_POINT('Origin',(39.285,4.185,-19.7775));
#2439=CARTESIAN_POINT('Origin',(39.285,5.4,-19.7775));
#2440=CARTESIAN_POINT('Origin',(0.,5.4,0.607499999999996));
#2441=CARTESIAN_POINT('',(-45.9,5.4,-20.9925));
#2442=CARTESIAN_POINT('',(-18.5282464638727,5.4,-20.9925));
#2443=CARTESIAN_POINT('',(-45.9,5.4,11.4075));
#2444=CARTESIAN_POINT('',(-45.9,5.4,11.4075));
#2445=CARTESIAN_POINT('',(-29.7,5.4,27.6075));
#2446=CARTESIAN_POINT('Origin',(-29.7,5.4,11.4075));
#2447=CARTESIAN_POINT('',(29.7,5.4,27.6075));
#2448=CARTESIAN_POINT('',(29.7,5.4,27.6075));
#2449=CARTESIAN_POINT('',(45.9,5.4,11.4075));
#2450=CARTESIAN_POINT('Origin',(29.7,5.4,11.4075));
#2451=CARTESIAN_POINT('',(45.9,5.4,-26.3925));
#2452=CARTESIAN_POINT('',(45.9,5.4,-26.3925));
#2453=CARTESIAN_POINT('',(45.8776756244734,5.4,-26.3925));
#2454=CARTESIAN_POINT('',(-45.9,5.4,-26.3925));
#2455=CARTESIAN_POINT('',(45.8776756244734,5.4,-20.9925));
#2456=CARTESIAN_POINT('',(45.8776756244734,5.4,-12.8925));
#2457=CARTESIAN_POINT('',(-18.5282464638727,5.4,-20.9925));
#2458=CARTESIAN_POINT('Origin',(39.285,1.55956810832255,-19.7775));
#2459=CARTESIAN_POINT('',(39.285,0.,-20.9925));
#2460=CARTESIAN_POINT('',(39.285,1.55956810832255,-20.9925));
#2461=CARTESIAN_POINT('',(40.5,1.215,-19.7775));
#2462=CARTESIAN_POINT('Origin',(39.285,1.215,-19.7775));
#2463=CARTESIAN_POINT('',(40.5,1.55956810832255,-19.7775));
#2464=CARTESIAN_POINT('Origin',(-39.285,1.55956810832255,-19.7775));
#2465=CARTESIAN_POINT('',(-40.5,1.215,-19.7775));
#2466=CARTESIAN_POINT('',(-40.5,1.55956810832255,-19.7775));
#2467=CARTESIAN_POINT('',(-39.285,0.,-20.9925));
#2468=CARTESIAN_POINT('Origin',(-39.285,1.215,-19.7775));
#2469=CARTESIAN_POINT('',(-39.285,1.55956810832255,-20.9925));
#2470=CARTESIAN_POINT('Origin',(-39.285,1.215,6.0075));
#2471=CARTESIAN_POINT('',(-40.5,1.215,11.4075));
#2472=CARTESIAN_POINT('',(-40.5,1.215,6.0075));
#2473=CARTESIAN_POINT('',(-39.285,0.,11.4075));
#2474=CARTESIAN_POINT('Origin',(-39.285,1.215,11.4075));
#2475=CARTESIAN_POINT('',(-39.285,0.,6.0075));
#2476=CARTESIAN_POINT('Origin',(-29.7,1.215,11.4075));
#2477=CARTESIAN_POINT('',(-29.7,1.215,22.2075));
#2478=CARTESIAN_POINT('',(-29.7,0.,20.9925));
#2479=CARTESIAN_POINT('Origin',(-29.7,1.215,20.9925));
#2480=CARTESIAN_POINT('Origin',(-29.7,0.,11.4075));
#2481=CARTESIAN_POINT('Origin',(-29.7,1.215,11.4075));
#2482=CARTESIAN_POINT('Origin',(14.85,1.215,20.9925));
#2483=CARTESIAN_POINT('',(29.7,1.215,22.2075));
#2484=CARTESIAN_POINT('',(29.7,0.,20.9925));
#2485=CARTESIAN_POINT('Origin',(29.7,1.215,20.9925));
#2486=CARTESIAN_POINT('',(14.85,0.,20.9925));
#2487=CARTESIAN_POINT('',(14.85,1.215,22.2075));
#2488=CARTESIAN_POINT('Origin',(29.7,1.215,11.4075));
#2489=CARTESIAN_POINT('',(40.5,1.215,11.4075));
#2490=CARTESIAN_POINT('',(39.285,0.,11.4075));
#2491=CARTESIAN_POINT('Origin',(39.285,1.215,11.4075));
#2492=CARTESIAN_POINT('Origin',(29.7,0.,11.4075));
#2493=CARTESIAN_POINT('Origin',(29.7,1.215,11.4075));
#2494=CARTESIAN_POINT('Origin',(39.285,1.215,-10.1925));
#2495=CARTESIAN_POINT('',(39.285,0.,-10.1925));
#2496=CARTESIAN_POINT('',(40.5,1.215,-10.1925));
#2497=CARTESIAN_POINT('Origin',(40.5,-2.7,-20.9925));
#2498=CARTESIAN_POINT('',(40.5,-2.7,11.4075));
#2499=CARTESIAN_POINT('Origin',(29.7,-2.7,11.4075));
#2500=CARTESIAN_POINT('',(29.7,-2.7,22.2075));
#2501=CARTESIAN_POINT('Origin',(29.7,-2.7,22.2075));
#2502=CARTESIAN_POINT('',(-29.7,-2.7,22.2075));
#2503=CARTESIAN_POINT('Origin',(-29.7,-2.7,11.4075));
#2504=CARTESIAN_POINT('',(-40.5,-2.7,11.4075));
#2505=CARTESIAN_POINT('Origin',(-40.5,-2.7,11.4075));
#2506=CARTESIAN_POINT('Origin',(0.,5.4,0.607499999999996));
#2507=CARTESIAN_POINT('',(-36.2349692588227,5.4,-26.3925));
#2508=CARTESIAN_POINT('',(-36.2349692588227,5.4,-20.9925));
#2509=CARTESIAN_POINT('',(-36.2349692588227,5.4,-26.3925));
#2510=CARTESIAN_POINT('',(-38.1827591751372,5.4,-26.3925));
#2511=CARTESIAN_POINT('',(-45.9,5.4,-26.3925));
#2512=CARTESIAN_POINT('',(-38.1827591751372,5.4,-20.9925));
#2513=CARTESIAN_POINT('',(-38.1827591751372,5.4,-26.3925));
#2514=CARTESIAN_POINT('',(-40.5,5.4,-20.9925));
#2515=CARTESIAN_POINT('Origin',(0.,5.4,0.607499999999996));
#2516=CARTESIAN_POINT('',(-25.6463792588227,5.4,-26.3925));
#2517=CARTESIAN_POINT('',(-25.6463792588227,5.4,-20.9925));
#2518=CARTESIAN_POINT('',(-25.6463792588227,5.4,-26.3925));
#2519=CARTESIAN_POINT('',(-27.5941691751372,5.4,-26.3925));
#2520=CARTESIAN_POINT('',(-45.9,5.4,-26.3925));
#2521=CARTESIAN_POINT('',(-27.5941691751372,5.4,-20.9925));
#2522=CARTESIAN_POINT('',(-27.5941691751372,5.4,-26.3925));
#2523=CARTESIAN_POINT('',(-40.5,5.4,-20.9925));
#2524=CARTESIAN_POINT('Origin',(0.,5.4,0.607499999999996));
#2525=CARTESIAN_POINT('',(-15.0577892588227,5.4,-26.3925));
#2526=CARTESIAN_POINT('',(-15.0577892588227,5.4,-20.9925));
#2527=CARTESIAN_POINT('',(-15.0577892588227,5.4,-26.3925));
#2528=CARTESIAN_POINT('',(-17.0055791751372,5.4,-26.3925));
#2529=CARTESIAN_POINT('',(-45.9,5.4,-26.3925));
#2530=CARTESIAN_POINT('',(-17.0055791751372,5.4,-20.9925));
#2531=CARTESIAN_POINT('',(-17.0055791751372,5.4,-26.3925));
#2532=CARTESIAN_POINT('',(-40.5,5.4,-20.9925));
#2533=CARTESIAN_POINT('Origin',(0.,5.4,0.607499999999996));
#2534=CARTESIAN_POINT('',(-4.46919925882267,5.4,-26.3925));
#2535=CARTESIAN_POINT('',(-4.46919925882267,5.4,-20.9925));
#2536=CARTESIAN_POINT('',(-4.46919925882267,5.4,-26.3925));
#2537=CARTESIAN_POINT('',(-6.41698917513721,5.4,-26.3925));
#2538=CARTESIAN_POINT('',(-45.9,5.4,-26.3925));
#2539=CARTESIAN_POINT('',(-6.41698917513721,5.4,-20.9925));
#2540=CARTESIAN_POINT('',(-6.41698917513721,5.4,-26.3925));
#2541=CARTESIAN_POINT('',(-40.5,5.4,-20.9925));
#2542=CARTESIAN_POINT('Origin',(0.,5.4,0.607499999999996));
#2543=CARTESIAN_POINT('',(35.9373708248628,5.4,-20.9925));
#2544=CARTESIAN_POINT('',(35.9373708248628,5.4,-26.3925));
#2545=CARTESIAN_POINT('',(35.9373708248628,5.4,-26.3925));
#2546=CARTESIAN_POINT('',(37.8851607411773,5.4,-20.9925));
#2547=CARTESIAN_POINT('',(-40.5,5.4,-20.9925));
#2548=CARTESIAN_POINT('',(37.8851607411773,5.4,-26.3925));
#2549=CARTESIAN_POINT('',(37.8851607411773,5.4,-26.3925));
#2550=CARTESIAN_POINT('',(-45.9,5.4,-26.3925));
#2551=CARTESIAN_POINT('Origin',(0.,5.4,0.607499999999996));
#2552=CARTESIAN_POINT('',(6.11939074117734,5.4,-26.3925));
#2553=CARTESIAN_POINT('',(6.11939074117734,5.4,-20.9925));
#2554=CARTESIAN_POINT('',(6.11939074117734,5.4,-26.3925));
#2555=CARTESIAN_POINT('',(4.1716008248628,5.4,-26.3925));
#2556=CARTESIAN_POINT('',(-45.9,5.4,-26.3925));
#2557=CARTESIAN_POINT('',(4.1716008248628,5.4,-20.9925));
#2558=CARTESIAN_POINT('',(4.1716008248628,5.4,-26.3925));
#2559=CARTESIAN_POINT('',(-40.5,5.4,-20.9925));
#2560=CARTESIAN_POINT('Origin',(0.,5.4,0.607499999999996));
#2561=CARTESIAN_POINT('',(25.3487808248628,5.4,-20.9925));
#2562=CARTESIAN_POINT('',(25.3487808248628,5.4,-26.3925));
#2563=CARTESIAN_POINT('',(25.3487808248628,5.4,-26.3925));
#2564=CARTESIAN_POINT('',(27.2965707411773,5.4,-20.9925));
#2565=CARTESIAN_POINT('',(-40.5,5.4,-20.9925));
#2566=CARTESIAN_POINT('',(27.2965707411773,5.4,-26.3925));
#2567=CARTESIAN_POINT('',(27.2965707411773,5.4,-26.3925));
#2568=CARTESIAN_POINT('',(-45.9,5.4,-26.3925));
#2569=CARTESIAN_POINT('Origin',(0.,5.4,0.607499999999996));
#2570=CARTESIAN_POINT('',(16.7079807411773,5.4,-26.3925));
#2571=CARTESIAN_POINT('',(16.7079807411773,5.4,-20.9925));
#2572=CARTESIAN_POINT('',(16.7079807411773,5.4,-26.3925));
#2573=CARTESIAN_POINT('',(14.7601908248628,5.4,-26.3925));
#2574=CARTESIAN_POINT('',(-45.9,5.4,-26.3925));
#2575=CARTESIAN_POINT('',(14.7601908248628,5.4,-20.9925));
#2576=CARTESIAN_POINT('',(14.7601908248628,5.4,-26.3925));
#2577=CARTESIAN_POINT('',(-40.5,5.4,-20.9925));
#2578=CARTESIAN_POINT('Origin',(-29.7,-2.7,27.6075));
#2579=CARTESIAN_POINT('',(29.7,-2.7,27.6075));
#2580=CARTESIAN_POINT('',(-29.7,-2.7,27.6075));
#2581=CARTESIAN_POINT('',(29.7,-2.7,27.6075));
#2582=CARTESIAN_POINT('',(29.7,-2.7,27.6075));
#2583=CARTESIAN_POINT('',(-29.7,-2.7,27.6075));
#2584=CARTESIAN_POINT('Origin',(-29.7,-2.7,11.4075));
#2585=CARTESIAN_POINT('',(-45.9,-2.7,11.4075));
#2586=CARTESIAN_POINT('Origin',(-29.7,-2.7,11.4075));
#2587=CARTESIAN_POINT('',(-45.9,-2.7,11.4075));
#2588=CARTESIAN_POINT('Origin',(45.9,-2.7,11.4075));
#2589=CARTESIAN_POINT('',(45.9,-2.7,-26.3925));
#2590=CARTESIAN_POINT('',(45.9,-2.7,11.4075));
#2591=CARTESIAN_POINT('',(45.9,-2.7,-26.3925));
#2592=CARTESIAN_POINT('',(45.9,-2.7,-26.3925));
#2593=CARTESIAN_POINT('',(45.9,-2.7,11.4075));
#2594=CARTESIAN_POINT('Origin',(29.7,-2.7,11.4075));
#2595=CARTESIAN_POINT('Origin',(29.7,-2.7,11.4075));
#2596=CARTESIAN_POINT('Origin',(15.7340857830201,8.52974675187841,-26.3925));
#2597=CARTESIAN_POINT('',(14.1119056244734,5.68153368863417,-26.3925));
#2598=CARTESIAN_POINT('Origin',(15.7340857830201,8.52974675187841,-26.3925));
#2599=CARTESIAN_POINT('',(14.1119056244734,5.68153368863417,-20.9925));
#2600=CARTESIAN_POINT('',(14.1119056244734,5.68153368863417,-26.3925));
#2601=CARTESIAN_POINT('Origin',(15.7340857830201,8.52974675187841,-20.9925));
#2602=CARTESIAN_POINT('Origin',(26.3226757830201,8.52974675187841,-26.3925));
#2603=CARTESIAN_POINT('',(28.22013,5.85702274538566,-20.9925));
#2604=CARTESIAN_POINT('Origin',(26.3226757830201,8.52974675187841,-20.9925));
#2605=CARTESIAN_POINT('',(28.22013,5.85702274538566,-26.3925));
#2606=CARTESIAN_POINT('',(28.22013,5.85702274538566,-26.3925));
#2607=CARTESIAN_POINT('Origin',(26.3226757830201,8.52974675187841,-26.3925));
#2608=CARTESIAN_POINT('Origin',(26.3226757830201,8.52974675187841,-26.3925));
#2609=CARTESIAN_POINT('',(24.7004956244734,5.68153368863417,-26.3925));
#2610=CARTESIAN_POINT('Origin',(26.3226757830201,8.52974675187841,-26.3925));
#2611=CARTESIAN_POINT('',(24.7004956244734,5.68153368863417,-20.9925));
#2612=CARTESIAN_POINT('',(24.7004956244734,5.68153368863417,-26.3925));
#2613=CARTESIAN_POINT('Origin',(26.3226757830201,8.52974675187841,-20.9925));
#2614=CARTESIAN_POINT('Origin',(5.14549578302006,8.52974675187841,-26.3925));
#2615=CARTESIAN_POINT('',(3.5233156244734,5.68153368863417,-26.3925));
#2616=CARTESIAN_POINT('Origin',(5.14549578302006,8.52974675187841,-26.3925));
#2617=CARTESIAN_POINT('',(3.5233156244734,5.68153368863417,-20.9925));
#2618=CARTESIAN_POINT('',(3.5233156244734,5.68153368863417,-26.3925));
#2619=CARTESIAN_POINT('Origin',(5.14549578302006,8.52974675187841,-20.9925));
#2620=CARTESIAN_POINT('Origin',(36.9112657830201,8.52974675187841,-26.3925));
#2621=CARTESIAN_POINT('',(39.4011645244119,6.39803608247868,-20.9925));
#2622=CARTESIAN_POINT('Origin',(36.9112657830201,8.52974675187841,-20.9925));
#2623=CARTESIAN_POINT('',(39.4011645244119,6.39803608247868,-26.3925));
#2624=CARTESIAN_POINT('',(39.4011645244119,6.39803608247868,-26.3925));
#2625=CARTESIAN_POINT('Origin',(36.9112657830201,8.52974675187841,-26.3925));
#2626=CARTESIAN_POINT('Origin',(36.9112657830201,8.52974675187841,-26.3925));
#2627=CARTESIAN_POINT('',(35.2890856244734,5.68153368863417,-26.3925));
#2628=CARTESIAN_POINT('Origin',(36.9112657830201,8.52974675187841,-26.3925));
#2629=CARTESIAN_POINT('',(35.2890856244734,5.68153368863417,-20.9925));
#2630=CARTESIAN_POINT('',(35.2890856244734,5.68153368863417,-26.3925));
#2631=CARTESIAN_POINT('Origin',(36.9112657830201,8.52974675187841,-20.9925));
#2632=CARTESIAN_POINT('Origin',(-5.44309421697994,8.52974675187841,-26.3925));
#2633=CARTESIAN_POINT('',(-7.06527437552659,5.68153368863417,-26.3925));
#2634=CARTESIAN_POINT('Origin',(-5.44309421697994,8.52974675187841,-26.3925));
#2635=CARTESIAN_POINT('',(-7.06527437552659,5.68153368863417,-20.9925));
#2636=CARTESIAN_POINT('',(-7.06527437552659,5.68153368863417,-26.3925));
#2637=CARTESIAN_POINT('Origin',(-5.44309421697994,8.52974675187841,-20.9925));
#2638=CARTESIAN_POINT('Origin',(45.8776756244734,-2.7,-26.3925));
#2639=CARTESIAN_POINT('',(45.8776756244734,10.757068940351,-26.3925));
#2640=CARTESIAN_POINT('',(45.8776756244734,10.757068940351,-26.3925));
#2641=CARTESIAN_POINT('',(45.8776756244734,10.757068940351,-20.9925));
#2642=CARTESIAN_POINT('',(45.8776756244734,10.757068940351,-26.3925));
#2643=CARTESIAN_POINT('',(45.8776756244734,10.757068940351,-20.9925));
#2644=CARTESIAN_POINT('Origin',(-16.0316842169799,8.52974675187841,-26.3925));
#2645=CARTESIAN_POINT('',(-17.6538643755266,5.68153368863417,-26.3925));
#2646=CARTESIAN_POINT('Origin',(-16.0316842169799,8.52974675187841,-26.3925));
#2647=CARTESIAN_POINT('',(-17.6538643755266,5.68153368863417,-20.9925));
#2648=CARTESIAN_POINT('',(-17.6538643755266,5.68153368863417,-26.3925));
#2649=CARTESIAN_POINT('Origin',(-16.0316842169799,8.52974675187841,-20.9925));
#2650=CARTESIAN_POINT('Origin',(-37.0564929277453,5.81913621664511,-20.9925));
#2651=CARTESIAN_POINT('',(39.6120878170488,10.9704546633285,-20.9925));
#2652=CARTESIAN_POINT('Origin',(42.7558908226746,11.1870191114554,-20.9925));
#2653=CARTESIAN_POINT('',(39.6120878170487,6.96872141013381,-20.9925));
#2654=CARTESIAN_POINT('',(39.6120878170488,10.9704546633285,-20.9925));
#2655=CARTESIAN_POINT('Origin',(38.7345878170488,6.96872141013381,-20.9925));
#2656=CARTESIAN_POINT('',(35.2890856244734,10.757068940351,-20.9925));
#2657=CARTESIAN_POINT('',(35.2890856244734,10.757068940351,-20.9925));
#2658=CARTESIAN_POINT('',(30.4586318064854,13.8348196499194,-20.9925));
#2659=CARTESIAN_POINT('Origin',(32.1673008226746,11.1870191114554,-20.9925));
#2660=CARTESIAN_POINT('',(28.22013,10.9703580138634,-20.9925));
#2661=CARTESIAN_POINT('Origin',(31.205693330023,10.9441145111928,-20.9925));
#2662=CARTESIAN_POINT('',(28.22013,-2.7,-20.9925));
#2663=CARTESIAN_POINT('',(24.7004956244734,10.757068940351,-20.9925));
#2664=CARTESIAN_POINT('',(24.7004956244734,10.757068940351,-20.9925));
#2665=CARTESIAN_POINT('',(19.8700418064854,13.8348196499194,-20.9925));
#2666=CARTESIAN_POINT('Origin',(21.5787108226746,11.1870191114554,-20.9925));
#2667=CARTESIAN_POINT('',(17.63154,10.9703580138634,-20.9925));
#2668=CARTESIAN_POINT('Origin',(20.617103330023,10.9441145111928,-20.9925));
#2669=CARTESIAN_POINT('',(17.63154,5.85702274538566,-20.9925));
#2670=CARTESIAN_POINT('',(17.63154,-2.7,-20.9925));
#2671=CARTESIAN_POINT('Origin',(15.7340857830201,8.52974675187841,-20.9925));
#2672=CARTESIAN_POINT('',(14.1119056244734,10.757068940351,-20.9925));
#2673=CARTESIAN_POINT('',(14.1119056244734,10.757068940351,-20.9925));
#2674=CARTESIAN_POINT('',(9.28145180648542,13.8348196499194,-20.9925));
#2675=CARTESIAN_POINT('Origin',(10.9901208226746,11.1870191114554,-20.9925));
#2676=CARTESIAN_POINT('',(7.04295,10.9703580138634,-20.9925));
#2677=CARTESIAN_POINT('Origin',(10.028513330023,10.9441145111928,-20.9925));
#2678=CARTESIAN_POINT('',(7.04295,5.85702274538567,-20.9925));
#2679=CARTESIAN_POINT('',(7.04295,-2.7,-20.9925));
#2680=CARTESIAN_POINT('Origin',(5.14549578302006,8.52974675187841,-20.9925));
#2681=CARTESIAN_POINT('',(3.5233156244734,10.757068940351,-20.9925));
#2682=CARTESIAN_POINT('',(3.5233156244734,10.757068940351,-20.9925));
#2683=CARTESIAN_POINT('',(-1.30713819351456,13.8348196499194,-20.9925));
#2684=CARTESIAN_POINT('Origin',(0.401530822674623,11.1870191114554,-20.9925));
#2685=CARTESIAN_POINT('',(-3.54564,10.9703580138634,-20.9925));
#2686=CARTESIAN_POINT('Origin',(-0.560076669976999,10.9441145111928,-20.9925));
#2687=CARTESIAN_POINT('',(-3.54564,5.85702274538566,-20.9925));
#2688=CARTESIAN_POINT('',(-3.54564,-2.7,-20.9925));
#2689=CARTESIAN_POINT('Origin',(-5.44309421697994,8.52974675187841,-20.9925));
#2690=CARTESIAN_POINT('',(-7.06527437552659,10.757068940351,-20.9925));
#2691=CARTESIAN_POINT('',(-7.06527437552659,10.757068940351,-20.9925));
#2692=CARTESIAN_POINT('',(-11.8957281935146,13.8348196499194,-20.9925));
#2693=CARTESIAN_POINT('Origin',(-10.1870591773254,11.1870191114554,-20.9925));
#2694=CARTESIAN_POINT('',(-14.13423,10.9703580138634,-20.9925));
#2695=CARTESIAN_POINT('Origin',(-11.148666669977,10.9441145111928,-20.9925));
#2696=CARTESIAN_POINT('',(-14.13423,5.85702274538566,-20.9925));
#2697=CARTESIAN_POINT('',(-14.13423,-2.7,-20.9925));
#2698=CARTESIAN_POINT('Origin',(-16.0316842169799,8.52974675187841,-20.9925));
#2699=CARTESIAN_POINT('',(-17.6538643755266,10.757068940351,-20.9925));
#2700=CARTESIAN_POINT('',(-17.6538643755266,10.757068940351,-20.9925));
#2701=CARTESIAN_POINT('',(-22.4843181935146,13.8348196499194,-20.9925));
#2702=CARTESIAN_POINT('Origin',(-20.7756491773254,11.1870191114554,-20.9925));
#2703=CARTESIAN_POINT('',(-24.72282,10.9703580138634,-20.9925));
#2704=CARTESIAN_POINT('Origin',(-21.737256669977,10.9441145111928,-20.9925));
#2705=CARTESIAN_POINT('',(-24.72282,5.85702274538566,-20.9925));
#2706=CARTESIAN_POINT('',(-24.72282,-2.7,-20.9925));
#2707=CARTESIAN_POINT('Origin',(-26.6202742169799,8.52974675187841,-20.9925));
#2708=CARTESIAN_POINT('',(-28.2424543755266,5.68153368863417,-20.9925));
#2709=CARTESIAN_POINT('Origin',(-26.6202742169799,8.52974675187841,-20.9925));
#2710=CARTESIAN_POINT('',(-28.2424543755266,10.757068940351,-20.9925));
#2711=CARTESIAN_POINT('',(-28.2424543755266,10.757068940351,-20.9925));
#2712=CARTESIAN_POINT('',(-33.0729081935146,13.8348196499194,-20.9925));
#2713=CARTESIAN_POINT('Origin',(-31.3642391773254,11.1870191114554,-20.9925));
#2714=CARTESIAN_POINT('',(-35.31141,10.9703580138634,-20.9925));
#2715=CARTESIAN_POINT('Origin',(-32.325846669977,10.9441145111928,-20.9925));
#2716=CARTESIAN_POINT('',(-35.31141,5.85702274538566,-20.9925));
#2717=CARTESIAN_POINT('',(-35.31141,-2.7,-20.9925));
#2718=CARTESIAN_POINT('Origin',(-37.2088642169799,8.52974675187841,-20.9925));
#2719=CARTESIAN_POINT('',(-39.7202212329393,6.42335835967503,-20.9925));
#2720=CARTESIAN_POINT('Origin',(-37.2088642169799,8.52974675187841,-20.9925));
#2721=CARTESIAN_POINT('',(-39.9253995641575,6.98652018754999,-20.9925));
#2722=CARTESIAN_POINT('Origin',(-39.0478998799128,6.98726460034329,-20.9925));
#2723=CARTESIAN_POINT('',(-39.9287590745772,10.9466473629289,-20.9925));
#2724=CARTESIAN_POINT('',(-39.9287590745772,10.9466473629289,-20.9925));
#2725=CARTESIAN_POINT('',(-45.9,10.9703580138634,-20.9925));
#2726=CARTESIAN_POINT('Origin',(-42.914436669977,10.9441145111928,-20.9925));
#2727=CARTESIAN_POINT('',(-45.9,-2.7,-20.9925));
#2728=CARTESIAN_POINT('',(-18.5282464638727,0.,-20.9925));
#2729=CARTESIAN_POINT('Origin',(-26.6202742169799,8.52974675187841,-26.3925));
#2730=CARTESIAN_POINT('',(-28.2424543755266,5.68153368863417,-26.3925));
#2731=CARTESIAN_POINT('Origin',(-26.6202742169799,8.52974675187841,-26.3925));
#2732=CARTESIAN_POINT('',(-28.2424543755266,5.68153368863417,-26.3925));
#2733=CARTESIAN_POINT('Origin',(-37.2088642169799,8.52974675187841,-26.3925));
#2734=CARTESIAN_POINT('',(-39.7202212329393,6.42335835967503,-26.3925));
#2735=CARTESIAN_POINT('Origin',(-37.2088642169799,8.52974675187841,-26.3925));
#2736=CARTESIAN_POINT('',(-39.7202212329393,6.42335835967503,-26.3925));
#2737=CARTESIAN_POINT('Origin',(0.,0.,0.607499999999996));
#2738=CARTESIAN_POINT('Origin',(28.22013,10.9703580138634,-26.3925));
#2739=CARTESIAN_POINT('',(28.22013,10.9703580138634,-26.3925));
#2740=CARTESIAN_POINT('',(28.22013,10.9703580138634,-26.3925));
#2741=CARTESIAN_POINT('',(28.22013,-2.7,-26.3925));
#2742=CARTESIAN_POINT('Origin',(31.205693330023,10.9441145111928,-26.3925));
#2743=CARTESIAN_POINT('',(30.4586318064854,13.8348196499194,-26.3925));
#2744=CARTESIAN_POINT('',(30.4586318064854,13.8348196499194,-26.3925));
#2745=CARTESIAN_POINT('Origin',(31.205693330023,10.9441145111928,-26.3925));
#2746=CARTESIAN_POINT('Origin',(38.7345878170488,6.96872141013381,-26.3925));
#2747=CARTESIAN_POINT('',(39.6120878170487,6.96872141013381,-26.3925));
#2748=CARTESIAN_POINT('Origin',(38.7345878170488,6.96872141013381,-26.3925));
#2749=CARTESIAN_POINT('',(39.6120878170487,6.96872141013381,-26.3925));
#2750=CARTESIAN_POINT('Origin',(39.6120878170488,10.9704546633285,-26.3925));
#2751=CARTESIAN_POINT('',(39.6120878170488,10.9704546633285,-26.3925));
#2752=CARTESIAN_POINT('',(39.6120878170488,10.9704546633285,-26.3925));
#2753=CARTESIAN_POINT('',(39.6120878170488,10.9704546633285,-26.3925));
#2754=CARTESIAN_POINT('Origin',(42.7558908226746,11.1870191114554,-26.3925));
#2755=CARTESIAN_POINT('Origin',(42.7558908226746,11.1870191114554,-26.3925));
#2756=CARTESIAN_POINT('Origin',(32.1673008226746,11.1870191114554,-26.3925));
#2757=CARTESIAN_POINT('',(35.2890856244734,10.757068940351,-26.3925));
#2758=CARTESIAN_POINT('',(35.2890856244734,10.757068940351,-26.3925));
#2759=CARTESIAN_POINT('Origin',(32.1673008226746,11.1870191114554,-26.3925));
#2760=CARTESIAN_POINT('Origin',(-37.0564929277453,5.81913621664511,-26.3925));
#2761=CARTESIAN_POINT('',(17.63154,5.85702274538566,-26.3925));
#2762=CARTESIAN_POINT('Origin',(15.7340857830201,8.52974675187841,-26.3925));
#2763=CARTESIAN_POINT('',(17.63154,10.9703580138634,-26.3925));
#2764=CARTESIAN_POINT('',(17.63154,-2.7,-26.3925));
#2765=CARTESIAN_POINT('',(19.8700418064854,13.8348196499194,-26.3925));
#2766=CARTESIAN_POINT('Origin',(20.617103330023,10.9441145111928,-26.3925));
#2767=CARTESIAN_POINT('',(24.7004956244734,10.757068940351,-26.3925));
#2768=CARTESIAN_POINT('Origin',(21.5787108226746,11.1870191114554,-26.3925));
#2769=CARTESIAN_POINT('',(24.7004956244734,10.757068940351,-26.3925));
#2770=CARTESIAN_POINT('',(35.2890856244734,10.757068940351,-26.3925));
#2771=CARTESIAN_POINT('',(-45.9,-2.7,-26.3925));
#2772=CARTESIAN_POINT('',(-34.5080355929834,-2.7,-26.3925));
#2773=CARTESIAN_POINT('',(-45.9,10.9703580138634,-26.3925));
#2774=CARTESIAN_POINT('',(-45.9,-2.7,-26.3925));
#2775=CARTESIAN_POINT('',(-39.9287590745772,10.9466473629289,-26.3925));
#2776=CARTESIAN_POINT('Origin',(-42.914436669977,10.9441145111928,-26.3925));
#2777=CARTESIAN_POINT('',(-39.9253995641575,6.98652018754999,-26.3925));
#2778=CARTESIAN_POINT('',(-39.9287590745772,10.9466473629289,-26.3925));
#2779=CARTESIAN_POINT('Origin',(-39.0478998799128,6.98726460034329,-26.3925));
#2780=CARTESIAN_POINT('',(-35.31141,5.85702274538566,-26.3925));
#2781=CARTESIAN_POINT('Origin',(-37.2088642169799,8.52974675187841,-26.3925));
#2782=CARTESIAN_POINT('',(-35.31141,10.9703580138634,-26.3925));
#2783=CARTESIAN_POINT('',(-35.31141,-2.7,-26.3925));
#2784=CARTESIAN_POINT('',(-33.0729081935146,13.8348196499194,-26.3925));
#2785=CARTESIAN_POINT('Origin',(-32.325846669977,10.9441145111928,-26.3925));
#2786=CARTESIAN_POINT('',(-28.2424543755266,10.757068940351,-26.3925));
#2787=CARTESIAN_POINT('Origin',(-31.3642391773254,11.1870191114554,-26.3925));
#2788=CARTESIAN_POINT('',(-28.2424543755266,10.757068940351,-26.3925));
#2789=CARTESIAN_POINT('',(-24.72282,5.85702274538566,-26.3925));
#2790=CARTESIAN_POINT('Origin',(-26.6202742169799,8.52974675187841,-26.3925));
#2791=CARTESIAN_POINT('',(-24.72282,10.9703580138634,-26.3925));
#2792=CARTESIAN_POINT('',(-24.72282,-2.7,-26.3925));
#2793=CARTESIAN_POINT('',(-22.4843181935146,13.8348196499194,-26.3925));
#2794=CARTESIAN_POINT('Origin',(-21.737256669977,10.9441145111928,-26.3925));
#2795=CARTESIAN_POINT('',(-17.6538643755266,10.757068940351,-26.3925));
#2796=CARTESIAN_POINT('Origin',(-20.7756491773254,11.1870191114554,-26.3925));
#2797=CARTESIAN_POINT('',(-17.6538643755266,10.757068940351,-26.3925));
#2798=CARTESIAN_POINT('',(-14.13423,5.85702274538566,-26.3925));
#2799=CARTESIAN_POINT('Origin',(-16.0316842169799,8.52974675187841,-26.3925));
#2800=CARTESIAN_POINT('',(-14.13423,10.9703580138634,-26.3925));
#2801=CARTESIAN_POINT('',(-14.13423,-2.7,-26.3925));
#2802=CARTESIAN_POINT('',(-11.8957281935146,13.8348196499194,-26.3925));
#2803=CARTESIAN_POINT('Origin',(-11.148666669977,10.9441145111928,-26.3925));
#2804=CARTESIAN_POINT('',(-7.06527437552659,10.757068940351,-26.3925));
#2805=CARTESIAN_POINT('Origin',(-10.1870591773254,11.1870191114554,-26.3925));
#2806=CARTESIAN_POINT('',(-7.06527437552659,10.757068940351,-26.3925));
#2807=CARTESIAN_POINT('',(-3.54564,5.85702274538566,-26.3925));
#2808=CARTESIAN_POINT('Origin',(-5.44309421697994,8.52974675187841,-26.3925));
#2809=CARTESIAN_POINT('',(-3.54564,10.9703580138634,-26.3925));
#2810=CARTESIAN_POINT('',(-3.54564,-2.7,-26.3925));
#2811=CARTESIAN_POINT('',(-1.30713819351456,13.8348196499194,-26.3925));
#2812=CARTESIAN_POINT('Origin',(-0.560076669976999,10.9441145111928,-26.3925));
#2813=CARTESIAN_POINT('',(3.5233156244734,10.757068940351,-26.3925));
#2814=CARTESIAN_POINT('Origin',(0.401530822674623,11.1870191114554,-26.3925));
#2815=CARTESIAN_POINT('',(3.5233156244734,10.757068940351,-26.3925));
#2816=CARTESIAN_POINT('',(7.04295,5.85702274538567,-26.3925));
#2817=CARTESIAN_POINT('Origin',(5.14549578302006,8.52974675187841,-26.3925));
#2818=CARTESIAN_POINT('',(7.04295,10.9703580138634,-26.3925));
#2819=CARTESIAN_POINT('',(7.04295,-2.7,-26.3925));
#2820=CARTESIAN_POINT('',(9.28145180648542,13.8348196499194,-26.3925));
#2821=CARTESIAN_POINT('Origin',(10.028513330023,10.9441145111928,-26.3925));
#2822=CARTESIAN_POINT('',(14.1119056244734,10.757068940351,-26.3925));
#2823=CARTESIAN_POINT('Origin',(10.9901208226746,11.1870191114554,-26.3925));
#2824=CARTESIAN_POINT('',(14.1119056244734,10.757068940351,-26.3925));
#2825=CARTESIAN_POINT('Origin',(35.2890856244734,-2.7,-26.3925));
#2826=CARTESIAN_POINT('Origin',(17.63154,10.9703580138634,-26.3925));
#2827=CARTESIAN_POINT('',(17.63154,5.85702274538566,-26.3925));
#2828=CARTESIAN_POINT('',(17.63154,10.9703580138634,-26.3925));
#2829=CARTESIAN_POINT('Origin',(20.617103330023,10.9441145111928,-26.3925));
#2830=CARTESIAN_POINT('',(19.8700418064854,13.8348196499194,-26.3925));
#2831=CARTESIAN_POINT('Origin',(21.5787108226746,11.1870191114554,-26.3925));
#2832=CARTESIAN_POINT('',(24.7004956244734,10.757068940351,-26.3925));
#2833=CARTESIAN_POINT('Origin',(15.7340857830201,8.52974675187841,-26.3925));
#2834=CARTESIAN_POINT('Origin',(24.7004956244734,-2.7,-26.3925));
#2835=CARTESIAN_POINT('Origin',(7.04295,10.9703580138634,-26.3925));
#2836=CARTESIAN_POINT('',(7.04295,5.85702274538567,-26.3925));
#2837=CARTESIAN_POINT('',(7.04295,10.9703580138634,-26.3925));
#2838=CARTESIAN_POINT('Origin',(10.028513330023,10.9441145111928,-26.3925));
#2839=CARTESIAN_POINT('',(9.28145180648542,13.8348196499194,-26.3925));
#2840=CARTESIAN_POINT('Origin',(10.9901208226746,11.1870191114554,-26.3925));
#2841=CARTESIAN_POINT('',(14.1119056244734,10.757068940351,-26.3925));
#2842=CARTESIAN_POINT('Origin',(5.14549578302006,8.52974675187841,-26.3925));
#2843=CARTESIAN_POINT('Origin',(14.1119056244734,-2.7,-26.3925));
#2844=CARTESIAN_POINT('Origin',(-3.54564,10.9703580138634,-26.3925));
#2845=CARTESIAN_POINT('',(-3.54564,5.85702274538566,-26.3925));
#2846=CARTESIAN_POINT('',(-3.54564,10.9703580138634,-26.3925));
#2847=CARTESIAN_POINT('Origin',(-0.560076669976999,10.9441145111928,-26.3925));
#2848=CARTESIAN_POINT('',(-1.30713819351456,13.8348196499194,-26.3925));
#2849=CARTESIAN_POINT('Origin',(0.401530822674623,11.1870191114554,-26.3925));
#2850=CARTESIAN_POINT('',(3.5233156244734,10.757068940351,-26.3925));
#2851=CARTESIAN_POINT('Origin',(-5.44309421697994,8.52974675187841,-26.3925));
#2852=CARTESIAN_POINT('Origin',(3.5233156244734,-2.7,-26.3925));
#2853=CARTESIAN_POINT('Origin',(-14.13423,10.9703580138634,-26.3925));
#2854=CARTESIAN_POINT('',(-14.13423,5.85702274538566,-26.3925));
#2855=CARTESIAN_POINT('',(-14.13423,10.9703580138634,-26.3925));
#2856=CARTESIAN_POINT('Origin',(-11.148666669977,10.9441145111928,-26.3925));
#2857=CARTESIAN_POINT('',(-11.8957281935146,13.8348196499194,-26.3925));
#2858=CARTESIAN_POINT('Origin',(-10.1870591773254,11.1870191114554,-26.3925));
#2859=CARTESIAN_POINT('',(-7.06527437552659,10.757068940351,-26.3925));
#2860=CARTESIAN_POINT('Origin',(-16.0316842169799,8.52974675187841,-26.3925));
#2861=CARTESIAN_POINT('Origin',(-7.0652743755266,-2.7,-26.3925));
#2862=CARTESIAN_POINT('Origin',(-24.72282,10.9703580138634,-26.3925));
#2863=CARTESIAN_POINT('',(-24.72282,5.85702274538566,-26.3925));
#2864=CARTESIAN_POINT('',(-24.72282,10.9703580138634,-26.3925));
#2865=CARTESIAN_POINT('Origin',(-21.737256669977,10.9441145111928,-26.3925));
#2866=CARTESIAN_POINT('',(-22.4843181935146,13.8348196499194,-26.3925));
#2867=CARTESIAN_POINT('Origin',(-20.7756491773254,11.1870191114554,-26.3925));
#2868=CARTESIAN_POINT('',(-17.6538643755266,10.757068940351,-26.3925));
#2869=CARTESIAN_POINT('Origin',(-26.6202742169799,8.52974675187841,-26.3925));
#2870=CARTESIAN_POINT('Origin',(-17.6538643755266,-2.7,-26.3925));
#2871=CARTESIAN_POINT('Origin',(-35.31141,10.9703580138634,-26.3925));
#2872=CARTESIAN_POINT('',(-35.31141,5.85702274538566,-26.3925));
#2873=CARTESIAN_POINT('',(-35.31141,10.9703580138634,-26.3925));
#2874=CARTESIAN_POINT('Origin',(-32.325846669977,10.9441145111928,-26.3925));
#2875=CARTESIAN_POINT('',(-33.0729081935146,13.8348196499194,-26.3925));
#2876=CARTESIAN_POINT('Origin',(-31.3642391773254,11.1870191114554,-26.3925));
#2877=CARTESIAN_POINT('',(-28.2424543755266,10.757068940351,-26.3925));
#2878=CARTESIAN_POINT('Origin',(-37.2088642169799,8.52974675187841,-26.3925));
#2879=CARTESIAN_POINT('Origin',(-28.2424543755266,-2.7,-26.3925));
#2880=CARTESIAN_POINT('Origin',(-45.9,-2.7,-26.3925));
#2881=CARTESIAN_POINT('',(-45.9,-2.7,-26.3925));
#2882=CARTESIAN_POINT('Origin',(-45.9,10.9703580138634,-26.3925));
#2883=CARTESIAN_POINT('',(-45.9,10.9703580138634,-26.3925));
#2884=CARTESIAN_POINT('Origin',(-42.914436669977,10.9441145111928,-26.3925));
#2885=CARTESIAN_POINT('',(-39.9287590745772,10.9466473629289,-26.3925));
#2886=CARTESIAN_POINT('Origin',(-39.9253995641575,6.98652018754999,-26.3925));
#2887=CARTESIAN_POINT('',(-39.9253995641575,6.98652018754999,-26.3925));
#2888=CARTESIAN_POINT('Origin',(-39.0478998799128,6.98726460034329,-26.3925));
#2889=UNCERTAINTY_MEASURE_WITH_UNIT(LENGTH_MEASURE(0.01),#2893,
'DISTANCE_ACCURACY_VALUE',
'Maximum model space distance between geometric entities at asserted c
onnectivities');
#2890=UNCERTAINTY_MEASURE_WITH_UNIT(LENGTH_MEASURE(0.01),#2893,
'DISTANCE_ACCURACY_VALUE',
'Maximum model space distance between geometric entities at asserted c
onnectivities');
#2891=(
GEOMETRIC_REPRESENTATION_CONTEXT(3)
GLOBAL_UNCERTAINTY_ASSIGNED_CONTEXT((#2889))
GLOBAL_UNIT_ASSIGNED_CONTEXT((#2893,#2895,#2896))
REPRESENTATION_CONTEXT('','3D')
);
#2892=(
GEOMETRIC_REPRESENTATION_CONTEXT(3)
GLOBAL_UNCERTAINTY_ASSIGNED_CONTEXT((#2890))
GLOBAL_UNIT_ASSIGNED_CONTEXT((#2893,#2895,#2896))
REPRESENTATION_CONTEXT('','3D')
);
#2893=(
LENGTH_UNIT()
NAMED_UNIT(*)
SI_UNIT(.MILLI.,.METRE.)
);
#2894=(
LENGTH_UNIT()
NAMED_UNIT(*)
SI_UNIT($,.METRE.)
);
#2895=(
NAMED_UNIT(*)
PLANE_ANGLE_UNIT()
SI_UNIT($,.RADIAN.)
);
#2896=(
NAMED_UNIT(*)
SI_UNIT($,.STERADIAN.)
SOLID_ANGLE_UNIT()
);
#2897=SHAPE_DEFINITION_REPRESENTATION(#2898,#2899);
#2898=PRODUCT_DEFINITION_SHAPE('',$,#2901);
#2899=SHAPE_REPRESENTATION('',(#1673),#2891);
#2900=PRODUCT_DEFINITION_CONTEXT('part definition',#2905,'design');
#2901=PRODUCT_DEFINITION('2026-07-21-01-10-24-036','brush holder',#2902,
#2900);
#2902=PRODUCT_DEFINITION_FORMATION('',$,#2907);
#2903=PRODUCT_RELATED_PRODUCT_CATEGORY('brush holder','brush holder',(#2907));
#2904=APPLICATION_PROTOCOL_DEFINITION('international standard',
'automotive_design',2009,#2905);
#2905=APPLICATION_CONTEXT(
'Core Data for Automotive Mechanical Design Process');
#2906=PRODUCT_CONTEXT('part definition',#2905,'mechanical');
#2907=PRODUCT('2026-07-21-01-10-24-036','brush holder',$,(#2906));
#2908=PRESENTATION_STYLE_ASSIGNMENT((#2911));
#2909=PRESENTATION_STYLE_ASSIGNMENT((#2912));
#2910=PRESENTATION_STYLE_ASSIGNMENT((#2913));
#2911=SURFACE_STYLE_USAGE(.BOTH.,#2914);
#2912=SURFACE_STYLE_USAGE(.BOTH.,#2915);
#2913=SURFACE_STYLE_USAGE(.BOTH.,#2916);
#2914=SURFACE_SIDE_STYLE('',(#2917));
#2915=SURFACE_SIDE_STYLE('',(#2918));
#2916=SURFACE_SIDE_STYLE('',(#2919));
#2917=SURFACE_STYLE_FILL_AREA(#2920);
#2918=SURFACE_STYLE_FILL_AREA(#2921);
#2919=SURFACE_STYLE_FILL_AREA(#2922);
#2920=FILL_AREA_STYLE('Steel - Satin',(#2923));
#2921=FILL_AREA_STYLE('PEEK',(#2924));
#2922=FILL_AREA_STYLE('Paek (Beige)',(#2925));
#2923=FILL_AREA_STYLE_COLOUR('Steel - Satin',#2926);
#2924=FILL_AREA_STYLE_COLOUR('PEEK',#2927);
#2925=FILL_AREA_STYLE_COLOUR('Paek (Beige)',#2928);
#2926=COLOUR_RGB('Steel - Satin',0.627450980392157,0.627450980392157,0.627450980392157);
#2927=COLOUR_RGB('PEEK',0.6,0.509803921568627,0.368627450980392);
#2928=COLOUR_RGB('Paek (Beige)',0.411764705882353,0.32156862745098,0.172549019607843);
ENDSEC;
END-ISO-10303-21;
